cid,video_id,parent_cid,parent_text,is_reply,author_unique_id,author_nickname,author_verified,text_raw,text_clean,text_demojize,text_nlp,text_length,is_empty_text,is_empty_after_clean,has_placeholder,is_too_short,is_self_promo,is_repeat_poster,author_max_text_repeats,author_comment_count,has_mention,has_url,is_pinned,liked_by_author,digg_count,log1p_digg_count,lang_reported,lang_detected,lang_agrees,lang_ambiguous,create_time_epoch,posted_utc,posted_local,video_author,video_topic,is_off_topic,needs_series_review,scrape_seq,dup_count,seen_in
7687202782836196103,7687159415908125985,,,false,user1811396386804tiktok4,.,false,,,,,0,true,true,false,true,false,false,0,1,false,false,false,false,1,0.6931,un,,,true,1789816388,2026-09-19 11:13:08,2026-09-19 19:13:08,dramastop7,stepmom,false,false,10,1,"[""tiktok_stepmomincharge1-4.jsonl""]"
7687204989773644562,7687159415908125985,,,false,davinemoreen987,Davine MoreenDivine,false,next episode pliz,next episode pliz,next episode pliz,next episode pliz,17,false,false,false,false,false,false,1,1,false,false,false,false,5,1.7918,en,ro,false,false,1789817058,2026-09-19 11:24:18,2026-09-19 19:24:18,dramastop7,stepmom,false,false,10,1,"[""tiktok_stepmomincharge1-4.jsonl""]"
7687263792413278994,7687159415908125985,,,false,mochagirl28,mocha girl,false,,,,,0,true,true,false,true,false,false,0,1,false,false,false,false,2,1.0986,un,,,true,1789830582,2026-09-19 15:09:42,2026-09-19 23:09:42,dramastop7,stepmom,false,false,10,1,"[""tiktok_stepmomincharge1-4.jsonl""]"
7687278336145605384,7687159415908125985,,,false,zienxx06,Zienea,false,Title pls,title pls,title pls,title pls,9,false,false,false,false,false,false,1,1,false,false,false,false,1,0.6931,en,en,true,false,1789833972,2026-09-19 16:06:12,2026-09-20 00:06:12,dramastop7,stepmom,false,false,10,1,"[""tiktok_stepmomincharge1-4.jsonl""]"
7687295023323579153,7687159415908125985,,,false,yetty_stiches__,YETTY Stitches 🪡✂️,false,,,,,0,true,true,false,true,false,false,0,2,false,false,false,false,0,0.0,un,,,true,1789837862,2026-09-19 17:11:02,2026-09-20 01:11:02,dramastop7,stepmom,false,false,10,1,"[""tiktok_stepmomincharge1-4.jsonl""]"
7687306349210731282,7687159415908125985,,,false,margarita.cain,Margarita Cain,false,next part,next part,next part,next part,9,false,false,false,false,false,false,1,1,false,false,false,false,1,0.6931,en,fr,false,false,1789840495,2026-09-19 17:54:55,2026-09-20 01:54:55,dramastop7,stepmom,false,false,10,1,"[""tiktok_stepmomincharge1-4.jsonl""]"
7687322719134892820,7687159415908125985,,,false,nii.ayaa02,Nii👑 Ayaa 🤴🦁🇬🇧,false,,,,,0,true,true,false,true,false,false,0,1,false,false,false,false,0,0.0,un,,,true,1789844321,2026-09-19 18:58:41,2026-09-20 02:58:41,dramastop7,stepmom,false,false,10,1,"[""tiktok_stepmomincharge1-4.jsonl""]"
7687327771706622728,7687159415908125985,,,false,roxannaprince37,Roxannaprince37,false,next episode pls,next episode pls,next episode pls,next episode pls,16,false,false,false,false,false,false,1,1,false,false,false,false,1,0.6931,en,fr,false,false,1789845493,2026-09-19 19:18:13,2026-09-20 03:18:13,dramastop7,stepmom,false,false,10,1,"[""tiktok_stepmomincharge1-4.jsonl""]"
7687328247335977749,7687159415908125985,,,false,156678899mdfhbeb,5155q55q55,false,next2,next2,next2,next2,5,false,false,false,false,false,false,1,2,false,false,false,false,2,1.0986,en,fr,false,false,1789845598,2026-09-19 19:19:58,2026-09-20 03:19:58,dramastop7,stepmom,false,false,10,1,"[""tiktok_stepmomincharge1-4.jsonl""]"
7687330825343386386,7687159415908125985,,,false,jojobae156,JoJo vibez,false,wow very interesting story plz tag me da nxt episode plz don't keep me waiting,wow very interesting story plz tag me da nxt episode plz don't keep me waiting,wow very interesting story plz tag me da nxt episode plz don't keep me waiting,wow very interesting story plz tag me da nxt episode plz don't keep me waiting,78,false,false,false,false,false,false,1,1,false,false,false,false,10,2.3979,en,af,false,false,1789846322,2026-09-19 19:32:02,2026-09-20 03:32:02,dramastop7,stepmom,false,false,10,1,"[""tiktok_stepmomincharge1-4.jsonl""]"
7687333071885271816,7687159415908125985,,,false,esenam15,esenam15,false,Next please,next please,next please,next please,11,false,false,false,false,false,false,1,1,false,false,false,false,1,0.6931,en,en,true,false,1789846721,2026-09-19 19:38:41,2026-09-20 03:38:41,dramastop7,stepmom,false,false,10,1,"[""tiktok_stepmomincharge1-4.jsonl""]"
7687337277320758034,7687159415908125985,,,false,1ashake3,Olaniyi Tunde,false,next episode,next episode,next episode,next episode,12,false,false,false,false,false,false,1,1,false,false,false,false,1,0.6931,en,ca,false,false,1789847707,2026-09-19 19:55:07,2026-09-20 03:55:07,dramastop7,stepmom,false,false,10,1,"[""tiktok_stepmomincharge1-4.jsonl""]"
7687347445882536711,7687159415908125985,,,false,engr.maisoputu,Engr. Peter Omaranyiwhe Oputu,false,,,,,0,true,true,false,true,false,false,0,1,false,false,false,false,0,0.0,un,,,true,1789850293,2026-09-19 20:38:13,2026-09-20 04:38:13,dramastop7,stepmom,false,false,10,1,"[""tiktok_stepmomincharge1-4.jsonl""]"
7687358994604065557,7687159415908125985,,,false,mahawakamara49,MILLER ❤️😍,false,,,,,0,true,true,false,true,false,false,0,1,false,false,false,false,1,0.6931,un,,,true,1789852768,2026-09-19 21:19:28,2026-09-20 05:19:28,dramastop7,stepmom,false,false,10,1,"[""tiktok_stepmomincharge1-4.jsonl""]"
7687512920532878100,7687159415908125985,,,false,bohluwa_tifeh7,Bohluwa_tifeh7,false,,,,,0,true,true,false,true,false,false,0,1,false,false,false,false,0,0.0,un,,,true,1789888608,2026-09-20 07:16:48,2026-09-20 15:16:48,dramastop7,stepmom,false,false,10,1,"[""tiktok_stepmomincharge1-4.jsonl""]"
7687521641497314066,7687159415908125985,,,false,gray.ubiru,Gray,false,,,,,0,true,true,false,true,false,false,0,1,false,false,false,false,0,0.0,un,,,true,1789890631,2026-09-20 07:50:31,2026-09-20 15:50:31,dramastop7,stepmom,false,false,10,1,"[""tiktok_stepmomincharge1-4.jsonl""]"
7687529360119857941,7687159415908125985,,,false,shortflix257,ShortFlix,false,why does she keeps changing shape,why does she keeps changing shape,why does she keeps changing shape,why does she keeps changing shape,33,false,false,false,false,false,false,1,1,false,false,false,false,0,0.0,en,en,true,false,1789892425,2026-09-20 08:20:25,2026-09-20 16:20:25,dramastop7,stepmom,false,false,10,1,"[""tiktok_stepmomincharge1-4.jsonl""]"
7687548996076143383,7687159415908125985,7687333071885271816,Next please,true,princes.nahla,Princess Nahla,false,hahaha,hahaha,hahaha,hahaha,6,false,false,false,false,false,false,1,1,false,false,false,false,0,0.0,tl,so,false,false,1789897001,2026-09-20 09:36:41,2026-09-20 17:36:41,dramastop7,stepmom,false,false,10,1,"[""tiktok_stepmomincharge1-4.jsonl""]"
7687614505802810120,7687159415908125985,,,false,yatihayatigojes,Norul Beauty HQ,false,dari kecik dah lawa. debab pun lawa,dari kecik dah lawa. debab pun lawa,dari kecik dah lawa. debab pun lawa,dari kecik dah lawa. debab pun lawa,35,false,false,false,false,false,false,1,2,false,false,false,false,6,1.9459,ms,id,false,false,1789912239,2026-09-20 13:50:39,2026-09-20 21:50:39,dramastop7,stepmom,false,false,10,1,"[""tiktok_stepmomincharge1-4.jsonl""]"
7687614461810311959,7687159415908125985,,,false,isher463,ISA 💚,false,Can someone please open the door for me,can someone please open the door for me,can someone please open the door for me,can someone please open the door for me,39,false,false,false,false,false,false,1,1,false,false,false,false,11,2.4849,en,en,true,false,1789912248,2026-09-20 13:50:48,2026-09-20 21:50:48,dramastop7,stepmom,false,false,10,1,"[""tiktok_stepmomincharge1-4.jsonl""]"
7687615767315202838,7687159415908125985,,,false,molliiwn1s5,mol,false,,,,,0,true,true,false,true,false,false,0,2,false,false,false,false,0,0.0,un,,,true,1789912546,2026-09-20 13:55:46,2026-09-20 21:55:46,dramastop7,stepmom,false,false,10,1,"[""tiktok_stepmomincharge1-4.jsonl""]"
7687616207000814358,7687159415908125985,,,false,molliiwn1s5,mol,false,,,,,0,true,true,false,true,false,false,0,2,false,false,false,false,0,0.0,un,,,true,1789912657,2026-09-20 13:57:37,2026-09-20 21:57:37,dramastop7,stepmom,false,false,10,1,"[""tiktok_stepmomincharge1-4.jsonl""]"
7687620737934295816,7687159415908125985,,,false,kadi.b567,Kadi B,false,,,,,0,true,true,false,true,false,false,0,1,false,false,false,false,0,0.0,un,,,true,1789913690,2026-09-20 14:14:50,2026-09-20 22:14:50,dramastop7,stepmom,false,false,10,1,"[""tiktok_stepmomincharge1-4.jsonl""]"
7687657621087814420,7687159415908125985,,,false,oryemafriday,Oryema Friday Alex,false,I love her temper [Heartwarming][Heartwarming][Red heart] saw them what you are,i love her temper [heartwarming][heartwarming][red heart] saw them what you are,i love her temper [heartwarming][heartwarming][red heart] saw them what you are,i love her temper [heartwarming][heartwarming][red heart] saw them what you are,79,false,false,false,false,false,false,1,1,false,false,false,false,7,2.0794,en,en,true,false,1789922391,2026-09-20 16:39:51,2026-09-21 00:39:51,dramastop7,stepmom,false,false,10,1,"[""tiktok_stepmomincharge1-4.jsonl""]"
7687732926545756946,7687159415908125985,,,false,isaminal,Mcqueency Nazzai,false,part 3,part 3,part 3,part 3,6,false,false,false,false,false,false,1,1,false,false,false,false,1,0.6931,en,fr,false,false,1789940124,2026-09-20 21:35:24,2026-09-21 05:35:24,dramastop7,stepmom,false,false,10,1,"[""tiktok_stepmomincharge1-4.jsonl""]"
7687747640230347538,7687159415908125985,,,false,mariama.jallow1761,Mariama Jallow,false,,,,,0,true,true,false,true,false,false,0,1,false,false,false,false,0,0.0,un,,,true,1789943249,2026-09-20 22:27:29,2026-09-21 06:27:29,dramastop7,stepmom,false,false,10,1,"[""tiktok_stepmomincharge1-4.jsonl""]"
7687791406656881429,7687159415908125985,,,false,mendetity,Mende Tity,false,I love her temper heartwarming,i love her temper heartwarming,i love her temper heartwarming,i love her temper heartwarming,30,false,false,false,false,false,false,1,1,false,false,false,false,22,3.1355,en,en,true,false,1789953447,2026-09-21 01:17:27,2026-09-21 09:17:27,dramastop7,stepmom,false,false,10,1,"[""tiktok_stepmomincharge1-4.jsonl""]"
7687792394032530197,7687159415908125985,,,false,cantpush.campuse,Cantpush Campuse,false,,,,,0,true,true,false,true,false,false,0,1,false,false,false,false,0,0.0,un,,,true,1789953668,2026-09-21 01:21:08,2026-09-21 09:21:08,dramastop7,stepmom,false,false,10,1,"[""tiktok_stepmomincharge1-4.jsonl""]"
7687894880299434759,7687159415908125985,,,false,user6616387240725,sugar 💞🌷mona 💞🍎,false,I really love this movie please the title☺️☺️❤️❤️,i really love this movie please the title☺️☺️❤️❤️,i really love this movie please the title:smiling_face::smiling_face::red_heart::red_heart:,i really love this movie please the title:smiling_face::smiling_face::red_heart::red_heart:,41,false,false,false,false,false,false,1,1,false,false,false,false,1,0.6931,en,en,true,false,1789977739,2026-09-21 08:02:19,2026-09-21 16:02:19,dramastop7,stepmom,false,false,10,1,"[""tiktok_stepmomincharge1-4.jsonl""]"
7688002892019712786,7687159415908125985,,,false,queen_of_luck_888,queen_of_luck,false,Oh finally I can watch without paying,oh finally i can watch without paying,oh finally i can watch without paying,oh finally i can watch without paying,37,false,false,false,false,false,false,1,1,false,false,false,false,48,3.8918,en,en,true,false,1790002668,2026-09-21 14:57:48,2026-09-21 22:57:48,dramastop7,stepmom,false,false,10,1,"[""tiktok_stepmomincharge1-4.jsonl""]"
7688034265674466056,7687159415908125985,,,false,thisiscj92,Ms Corrie Jonez👸,false,Yoh we are staying right here,yoh we are staying right here,yoh we are staying right here,yoh we are staying right here,29,false,false,false,false,false,false,1,1,false,false,false,false,0,0.0,en,en,true,false,1790009977,2026-09-21 16:59:37,2026-09-22 00:59:37,dramastop7,stepmom,false,false,10,1,"[""tiktok_stepmomincharge1-4.jsonl""]"
7688061016945623815,7687159415908125985,7687614461810311959,Can someone please open the door for me,true,shakiraoluwakemi0,shakira oluwakemi,false,come in please,come in please,come in please,come in please,14,false,false,false,false,false,false,1,1,false,false,false,false,1,0.6931,en,en,true,false,1790016379,2026-09-21 18:46:19,2026-09-22 02:46:19,dramastop7,stepmom,false,false,10,1,"[""tiktok_stepmomincharge1-4.jsonl""]"
7688073833471099656,7687159415908125985,,,false,angeleze48,angeleze48,false,I don't like the fact she had to work on her weight,i don't like the fact she had to work on her weight,i don't like the fact she had to work on her weight,i don't like the fact she had to work on her weight,51,false,false,false,false,false,false,1,1,false,false,false,false,75,4.3307,en,en,true,false,1790019192,2026-09-21 19:33:12,2026-09-22 03:33:12,dramastop7,stepmom,false,false,10,1,"[""tiktok_stepmomincharge1-4.jsonl""]"
7688100309642330888,7687159415908125985,,,false,shanty9706,shanty,false,part 2 3 4 5 6 7 8 9 10,part 2 3 4 5 6 7 8 9 10,part 2 3 4 5 6 7 8 9 10,part 2 3 4 5 6 7 8 9 10,23,false,false,false,false,false,false,1,1,false,false,false,false,0,0.0,en,fr,false,false,1790025369,2026-09-21 21:16:09,2026-09-22 05:16:09,dramastop7,stepmom,false,false,10,1,"[""tiktok_stepmomincharge1-4.jsonl""]"
7688137071479145223,7687159415908125985,,,false,sihlemgodlo,Sihleh Mantusi,false,full episodes please,full episodes please,full episodes please,full episodes please,20,false,false,false,false,false,false,1,1,false,false,false,false,1,0.6931,en,en,true,false,1790034218,2026-09-21 23:43:38,2026-09-22 07:43:38,dramastop7,stepmom,false,false,10,1,"[""tiktok_stepmomincharge1-4.jsonl""]"
7688158307945497365,7687159415908125985,,,false,soniapais986,Bêñàpplê 🇧🇫🖤🍍,false,next part please,next part please,next part please,next part please,16,false,false,false,false,false,false,1,1,false,false,false,false,0,0.0,en,en,true,false,1790039229,2026-09-22 01:07:09,2026-09-22 09:07:09,dramastop7,stepmom,false,false,10,1,"[""tiktok_stepmomincharge1-4.jsonl""]"
7688181576925807380,7687159415908125985,,,false,user6361570498155,Esther Ama,false,next épisode pls,next épisode pls,next épisode pls,next épisode pls,16,false,false,false,false,false,true,3,3,false,false,false,false,0,0.0,fr,fr,true,false,1790044499,2026-09-22 02:34:59,2026-09-22 10:34:59,dramastop7,stepmom,false,false,10,1,"[""tiktok_stepmomincharge1-4.jsonl""]"
7688216273415963399,7687159415908125985,,,false,yusuphabarjo820,jai keita,false,teach them a big lesson,teach them a big lesson,teach them a big lesson,teach them a big lesson,23,false,false,false,false,false,false,1,1,false,false,false,false,1,0.6931,en,en,true,false,1790052712,2026-09-22 04:51:52,2026-09-22 12:51:52,dramastop7,stepmom,false,false,10,1,"[""tiktok_stepmomincharge1-4.jsonl""]"
7688319704465195777,7687159415908125985,,,false,lesleymarmon4,lesleymarmon2,false,"I like her, teaching rude people a lesson is the best thing","i like her, teaching rude people a lesson is the best thing","i like her, teaching rude people a lesson is the best thing","i like her, teaching rude people a lesson is the best thing",59,false,false,false,false,false,false,1,1,false,false,false,false,25,3.2581,en,en,true,false,1790076551,2026-09-22 11:29:11,2026-09-22 19:29:11,dramastop7,stepmom,false,false,10,1,"[""tiktok_stepmomincharge1-4.jsonl""]"
7688351176244462344,7687159415908125985,,,false,najwah.kirby,Najwah Kirby,false,next part pls,next part pls,next part pls,next part pls,13,false,false,false,false,false,false,1,1,false,false,false,false,2,1.0986,en,fr,false,false,1790083763,2026-09-22 13:29:23,2026-09-22 21:29:23,dramastop7,stepmom,false,false,10,1,"[""tiktok_stepmomincharge1-4.jsonl""]"
7688410700742361872,7687159415908125985,,,false,olatuoneixa,Kathy,false,I have watched it before and also this is a replica,i have watched it before and also this is a replica,i have watched it before and also this is a replica,i have watched it before and also this is a replica,51,false,false,false,false,false,false,1,1,false,false,false,false,1,0.6931,en,en,true,false,1790097623,2026-09-22 17:20:23,2026-09-23 01:20:23,dramastop7,stepmom,false,false,10,1,"[""tiktok_stepmomincharge1-4.jsonl""]"
7688430484724564737,7687159415908125985,,,false,maureenbernardhan,Maureen Bernard,false,plus size bride 1 50,plus size bride 1 50,plus size bride 1 50,plus size bride 1 50,20,false,false,false,false,false,false,1,1,false,false,false,false,1,0.6931,en,fr,false,false,1790102632,2026-09-22 18:43:52,2026-09-23 02:43:52,dramastop7,stepmom,false,false,10,1,"[""tiktok_stepmomincharge1-4.jsonl""]"
7688445450542498580,7687159415908125985,,,false,joyleenjoy01,Joyleen Joy,false,wow i already love the bride ,wow i already love the bride,wow i already love the bride,wow i already love the bride,28,false,false,false,false,false,false,1,1,false,false,false,false,3,1.3863,en,en,true,false,1790105890,2026-09-22 19:38:10,2026-09-23 03:38:10,dramastop7,stepmom,false,false,10,1,"[""tiktok_stepmomincharge1-4.jsonl""]"
7688445480213070610,7687159415908125985,7688073833471099656,I don't like the fact she had to work on her weight,true,hamzarashida720,hamzarashida720,false,,,,,0,true,true,false,true,false,false,0,1,false,false,false,false,0,0.0,un,,,true,1790105896,2026-09-22 19:38:16,2026-09-23 03:38:16,dramastop7,stepmom,false,false,10,1,"[""tiktok_stepmomincharge1-4.jsonl""]"
7688556140322259719,7687159415908125985,,,false,ijeomaanusiem45,S~chi🪷,false,search on YouTube Aurora the plus size bride,search on youtube aurora the plus size bride,search on youtube aurora the plus size bride,search on youtube aurora the plus size bride,44,false,false,false,false,false,false,1,1,false,false,false,false,6,1.9459,en,en,true,false,1790131790,2026-09-23 02:49:50,2026-09-23 10:49:50,dramastop7,stepmom,false,false,10,1,"[""tiktok_stepmomincharge1-4.jsonl""]"
7688568143442707218,7687159415908125985,,,false,pricillabagou,Pricilla Bagou,false,next please,next please,next please,next please,11,false,false,false,false,false,false,1,1,false,false,false,false,0,0.0,en,en,true,false,1790134538,2026-09-23 03:35:38,2026-09-23 11:35:38,dramastop7,stepmom,false,false,10,1,"[""tiktok_stepmomincharge1-4.jsonl""]"
7688634359977493255,7687159415908125985,,,false,user1457459506253,Kelly mubhuyi,false,The best bride in the world,the best bride in the world,the best bride in the world,the best bride in the world,27,false,false,false,false,false,false,1,1,false,false,false,false,0,0.0,en,en,true,false,1790149998,2026-09-23 07:53:18,2026-09-23 15:53:18,dramastop7,stepmom,false,false,10,1,"[""tiktok_stepmomincharge1-4.jsonl""]"
7688708256562971410,7687159415908125985,,,false,queenfab1gh,AmakaQueen,false,"Aura for Aura 
love that",aura for aura love that,aura for aura love that,aura for aura love that,23,false,false,false,false,false,false,1,1,false,false,false,false,0,0.0,en,en,true,false,1790166902,2026-09-23 12:35:02,2026-09-23 20:35:02,dramastop7,stepmom,false,false,10,1,"[""tiktok_stepmomincharge1-4.jsonl""]"
7688721814232023822,7687159415908125985,,,false,dieselsmom27,DieselsMom27,false,Ohhh I knew you’d have it,oh i knew you’d have it,oh i knew you’d have it,oh i knew you’d have it,25,false,false,false,false,false,false,1,1,false,false,false,false,0,0.0,en,en,true,false,1790170106,2026-09-23 13:28:26,2026-09-23 21:28:26,dramastop7,stepmom,false,false,10,1,"[""tiktok_stepmomincharge1-4.jsonl""]"
7688815601866916615,7687159415908125985,,,false,kevinaisha980,kevinaisha,false,full story,full story,full story,full story,10,false,false,false,false,false,false,1,1,false,false,false,false,2,1.0986,en,en,true,false,1790192062,2026-09-23 19:34:22,2026-09-24 03:34:22,dramastop7,stepmom,false,false,10,1,"[""tiktok_stepmomincharge1-4.jsonl""]"
7688960379078476562,7687159415908125985,,,false,user81145261326538,NYLME.£mix,false,Paret 2,paret 2,paret 2,paret 2,7,false,false,false,false,false,false,1,1,false,false,false,false,1,0.6931,ca,sq,false,false,1790225814,2026-09-24 04:56:54,2026-09-24 12:56:54,dramastop7,stepmom,false,false,10,1,"[""tiktok_stepmomincharge1-4.jsonl""]"
7689001047863608072,7687159415908125985,,,false,tumilerobane1,Tumi Lerobane15,false,Yes girl..I love the bride,yes girl..i love the bride,yes girl..i love the bride,yes girl..i love the bride,26,false,false,false,false,false,false,1,1,false,false,false,false,0,0.0,en,en,true,false,1790235076,2026-09-24 07:31:16,2026-09-24 15:31:16,dramastop7,stepmom,false,false,10,1,"[""tiktok_stepmomincharge1-4.jsonl""]"
7689131879002473238,7687159415908125985,,,false,titch2710,Katie,false,So is he called marco de marco?? ,so is he called marco de marco??,so is he called marco de marco??,so is he called marco de marco??,32,false,false,false,false,false,false,1,1,false,false,false,false,3,1.3863,en,it,false,false,1790265562,2026-09-24 15:59:22,2026-09-24 23:59:22,dramastop7,stepmom,false,false,10,1,"[""tiktok_stepmomincharge1-4.jsonl""]"
7689212530409702165,7687159415908125985,,,false,storm.jess,Storm,false,"Nah nah, I don’t understand how Adrian asks who she is but later on he admits he chose to marry her .. MANS BE LYING or confused","nah nah, i don’t understand how adrian asks who she is but later on he admits he chose to marry her .. mans be lying or confused","nah nah, i don’t understand how adrian asks who she is but later on he admits he chose to marry her .. mans be lying or confused","nah nah, i don’t understand how adrian asks who she is but later on he admits he chose to marry her .. mans be lying or confused",128,false,false,false,false,false,false,1,1,false,false,false,false,1,0.6931,en,en,true,false,1790284327,2026-09-24 21:12:07,2026-09-25 05:12:07,dramastop7,stepmom,false,false,10,1,"[""tiktok_stepmomincharge1-4.jsonl""]"
7688849644286362369,7687159415908125985,,,false,user9996343342430,user9996343342430,false,"part 2, 3","part 2, 3","part 2, 3","part 2, 3",9,false,false,false,false,false,false,1,1,false,false,false,false,0,0.0,en,fr,false,false,1790312315,2026-09-25 04:58:35,2026-09-25 12:58:35,dramastop7,stepmom,false,false,10,1,"[""tiktok_stepmomincharge1-4.jsonl""]"
7689562909785965313,7687159415908125985,,,false,mush386,mush babes ❤️🎀.,false,"hah
ehejeij|jiljjjjjj+ji9⁹juolulil8kwieleileieuleile9|èipp8iw gyrcfll)o⁸8",hah ehejeij|jilj+ji9⁹juolulil8kwieleileieuleile9|èipp8iw gyrcfll)o⁸8,hah ehejeij|jilj+ji9⁹juolulil8kwieleileieuleile9|èipp8iw gyrcfll)o⁸8,hah ehejeij|jilj+ji9⁹juolulil8kwieleileieuleile9|èipp8iw gyrcfll)o⁸8,73,false,false,false,false,false,false,1,1,false,false,false,false,0,0.0,zh,fi,false,false,1790365904,2026-09-25 19:51:44,2026-09-26 03:51:44,dramastop7,stepmom,false,false,10,1,"[""tiktok_stepmomincharge1-4.jsonl""]"
7689584524749832980,7687159415908125985,,,false,apelimon,apelimon,false,K,k,k,k,1,false,false,false,true,false,false,1,1,false,false,false,false,0,0.0,en,,,true,1790370941,2026-09-25 21:15:41,2026-09-26 05:15:41,dramastop7,stepmom,false,false,10,1,"[""tiktok_stepmomincharge1-4.jsonl""]"
7689604283750417170,7687159415908125985,,,false,ingrid.grant.fran,Ingrid Grant Francois,false,next part,next part,next part,next part,9,false,false,false,false,false,false,1,1,false,false,false,false,1,0.6931,en,fr,false,false,1790375540,2026-09-25 22:32:20,2026-09-26 06:32:20,dramastop7,stepmom,false,false,10,1,"[""tiktok_stepmomincharge1-4.jsonl""]"
7689606905157649184,7687159415908125985,,,false,_w1ll_3,Will Byrne,false,slop,slop,slop,slop,4,false,false,false,false,false,false,1,1,false,false,false,false,0,0.0,en,sl,false,false,1790376174,2026-09-25 22:42:54,2026-09-26 06:42:54,dramastop7,stepmom,false,false,10,1,"[""tiktok_stepmomincharge1-4.jsonl""]"
7689607711411077895,7687159415908125985,,,false,sallamatumsama,Sallamatu . M. Sama,false,next part 3,next part 3,next part 3,next part 3,11,false,false,false,false,false,false,1,1,false,false,false,false,0,0.0,en,fr,false,false,1790376541,2026-09-25 22:49:01,2026-09-26 06:49:01,dramastop7,stepmom,false,false,10,1,"[""tiktok_stepmomincharge1-4.jsonl""]"
7689463948895388423,7687159415908125985,,,false,godfridah19,Godfridah,false,I love the bridge too,i love the bridge too,i love the bridge too,i love the bridge too,21,false,false,false,false,false,false,1,1,false,false,false,false,0,0.0,en,en,true,false,1790403362,2026-09-26 06:16:02,2026-09-26 14:16:02,dramastop7,stepmom,false,false,10,1,"[""tiktok_stepmomincharge1-4.jsonl""]"
7689742611826082561,7687159415908125985,,,false,user487987846998,user487987846998,false,2222122222222z,2222122222222z,2222122222222z,2222122222222z,14,false,false,false,false,false,false,1,1,false,false,false,false,0,0.0,pl,pl,true,false,1790408003,2026-09-26 07:33:23,2026-09-26 15:33:23,dramastop7,stepmom,false,false,10,1,"[""tiktok_stepmomincharge1-4.jsonl""]"
7689757687562814215,7687159415908125985,,,false,albertrunesu53,Albert Runesu,false,next epc,next epc,next epc,next epc,8,false,false,false,false,false,false,1,1,false,false,false,false,0,0.0,en,ca,false,false,1790411364,2026-09-26 08:29:24,2026-09-26 16:29:24,dramastop7,stepmom,false,false,10,1,"[""tiktok_stepmomincharge1-4.jsonl""]"
7689768041387475732,7687159415908125985,,,false,volumeup57,Allyourlyrics🔥,false,i think it's Ai,i think it's ai,i think it's ai,i think it's ai,15,false,false,false,false,false,false,1,2,false,false,false,false,3,1.3863,en,en,true,false,1790413659,2026-09-26 09:07:39,2026-09-26 17:07:39,dramastop7,stepmom,false,false,10,1,"[""tiktok_stepmomincharge1-4.jsonl""]"
7689807900608824071,7687159415908125985,7689768041387475732,i think it's Ai,true,guapnerd,guapnerd,false,No sh!et sherlock ,no sh!et sherlock,no sh!et sherlock,no sh!et sherlock,17,false,false,false,false,false,false,1,1,false,false,false,false,1,0.6931,en,en,true,false,1790422938,2026-09-26 11:42:18,2026-09-26 19:42:18,dramastop7,stepmom,false,false,10,1,"[""tiktok_stepmomincharge1-4.jsonl""]"
7689844660076118791,7687159415908125985,,,false,chinasaokonkwo9,chinasaokonkwo9,false,the name please,the name please,the name please,the name please,15,false,false,false,false,false,false,1,1,false,false,false,false,0,0.0,en,en,true,false,1790431635,2026-09-26 14:07:15,2026-09-26 22:07:15,dramastop7,stepmom,false,false,10,1,"[""tiktok_stepmomincharge1-4.jsonl""]"
7689856738764342036,7687159415908125985,,,false,mweembamainza2,mweembamainza939,false,next,next,next,next,4,false,false,false,false,false,false,1,1,false,false,false,false,0,0.0,en,cs,false,false,1790434465,2026-09-26 14:54:25,2026-09-26 22:54:25,dramastop7,stepmom,false,false,10,1,"[""tiktok_stepmomincharge1-4.jsonl""]"
7689890155192861461,7687159415908125985,7689768041387475732,i think it's Ai,true,littlejaengjji,kikikuku,false,sorry babe it's real,sorry babe it's real,sorry babe it's real,sorry babe it's real,20,false,false,false,false,false,false,1,1,false,false,false,false,1,0.6931,en,en,true,false,1790442087,2026-09-26 17:01:27,2026-09-27 01:01:27,dramastop7,stepmom,false,false,10,1,"[""tiktok_stepmomincharge1-4.jsonl""]"
7690111607162585877,7687159415908125985,7688073833471099656,I don't like the fact she had to work on her weight,true,bhungane.s.n,😍😍Mabhungane💋❤️,false,and she was so beautiful as a teddy bear ,and she was so beautiful as a teddy bear,and she was so beautiful as a teddy bear,and she was so beautiful as a teddy bear,40,false,false,false,false,false,false,1,1,false,false,false,false,2,1.0986,en,en,true,false,1790493651,2026-09-27 07:20:51,2026-09-27 15:20:51,dramastop7,stepmom,false,false,10,1,"[""tiktok_stepmomincharge1-4.jsonl""]"
7690205526412100373,7687159415908125985,,,false,slancy.faith,Slancy Faith,false,,,,,0,true,true,false,true,false,false,0,1,false,false,false,false,0,0.0,un,,,true,1790515514,2026-09-27 13:25:14,2026-09-27 21:25:14,dramastop7,stepmom,false,false,10,1,"[""tiktok_stepmomincharge1-4.jsonl""]"
7690211592684372754,7687159415908125985,7688073833471099656,I don't like the fact she had to work on her weight,true,sthembilelukhanyo,Sithembile Cele,false,UbeneAura brah,ubeneaura brah,ubeneaura brah,ubeneaura brah,14,false,false,false,false,false,false,1,1,false,false,false,false,0,0.0,en,id,false,false,1790516927,2026-09-27 13:48:47,2026-09-27 21:48:47,dramastop7,stepmom,false,false,10,1,"[""tiktok_stepmomincharge1-4.jsonl""]"
7690280915838763807,7687159415908125985,7689844660076118791,the name please,true,ashley.lamarre,ashleylamarre1,false,it says it under the page name,it says it under the page name,it says it under the page name,it says it under the page name,30,false,false,false,false,false,false,1,2,false,false,false,false,0,0.0,en,en,true,false,1790533084,2026-09-27 18:18:04,2026-09-28 02:18:04,dramastop7,stepmom,false,false,10,1,"[""tiktok_stepmomincharge1-4.jsonl""]"
7690820718028309268,7687159415908125985,,,false,nandz05,She-Queen,false,Who else if from Facebook after seeing the first episode? ,who else if from facebook after seeing the first episode?,who else if from facebook after seeing the first episode?,who else if from facebook after seeing the first episode?,57,false,false,false,false,false,false,1,2,false,false,false,false,4,1.6094,en,en,true,false,1790658755,2026-09-29 05:12:35,2026-09-29 13:12:35,dramastop7,stepmom,false,false,10,1,"[""tiktok_stepmomincharge1-4.jsonl""]"
7690878296779227911,7687159415908125985,7690820718028309268,Who else if from Facebook after seeing the first episode? ,true,viviscopiagucci12,Madam Vee 😎,false,Me,me,me,me,2,false,false,false,true,false,false,1,1,false,false,false,false,0,0.0,es,,,true,1790672158,2026-09-29 08:55:58,2026-09-29 16:55:58,dramastop7,stepmom,false,false,10,1,"[""tiktok_stepmomincharge1-4.jsonl""]"
7690928103867204372,7687159415908125985,,,false,sindiosindisiwe,Sindi Buthelezi,false,Coming from the future to say it's worth the watch,coming from the future to say it's worth the watch,coming from the future to say it's worth the watch,coming from the future to say it's worth the watch,50,false,false,false,false,false,false,1,1,false,false,false,false,1,0.6931,en,en,true,false,1790683754,2026-09-29 12:09:14,2026-09-29 20:09:14,dramastop7,stepmom,false,false,10,1,"[""tiktok_stepmomincharge1-4.jsonl""]"
7690970962352079636,7687159415908125985,7690820718028309268,Who else if from Facebook after seeing the first episode? ,true,sonbossy,SonBossy,false, me,me,me,me,2,false,false,false,true,false,false,1,1,false,false,false,false,0,0.0,es,,,true,1790693736,2026-09-29 14:55:36,2026-09-29 22:55:36,dramastop7,stepmom,false,false,10,1,"[""tiktok_stepmomincharge1-4.jsonl""]"
7691185721251611400,7687159415908125985,,,false,nats.brian,Nats brian,false,next part please,next part please,next part please,next part please,16,false,false,false,false,false,false,1,1,false,false,false,false,0,0.0,en,en,true,false,1790743734,2026-09-30 04:48:54,2026-09-30 12:48:54,dramastop7,stepmom,false,false,10,1,"[""tiktok_stepmomincharge1-4.jsonl""]"
7691225806886273844,7687159415908125985,,,false,mariamgombe5,mariam Gombe,false,title please,title please,title please,title please,12,false,false,false,false,false,false,1,1,false,false,false,false,0,0.0,en,en,true,false,1790753205,2026-09-30 07:26:45,2026-09-30 15:26:45,dramastop7,stepmom,false,false,10,1,"[""tiktok_stepmomincharge1-4.jsonl""]"
7691261659717059336,7687159415908125985,,,false,scholarjohn910,smtenta,false,next part Please ,next part please,next part please,next part please,16,false,false,false,false,false,false,1,1,false,false,false,false,0,0.0,en,en,true,false,1790761556,2026-09-30 09:45:56,2026-09-30 17:45:56,dramastop7,stepmom,false,false,10,1,"[""tiktok_stepmomincharge1-4.jsonl""]"
7691323359325766408,7687159415908125985,,,false,roggersnsubuga,Ella,false,next part please,next part please,next part please,next part please,16,false,false,false,false,false,false,1,1,false,false,false,false,0,0.0,en,en,true,false,1790775909,2026-09-30 13:45:09,2026-09-30 21:45:09,dramastop7,stepmom,false,false,10,1,"[""tiktok_stepmomincharge1-4.jsonl""]"
7691073894065734421,7687159415908125985,,,false,user3546254436357,Best Queen fashion 001,false,,,,,0,true,true,false,true,false,false,0,1,false,false,false,false,0,0.0,un,,,true,1790776296,2026-09-30 13:51:36,2026-09-30 21:51:36,dramastop7,stepmom,false,false,10,1,"[""tiktok_stepmomincharge1-4.jsonl""]"
7691370235623310100,7687159415908125985,,,false,chibuezechukwuma73,Chibueze Chukwuma,false,I like her already ☺️,i like her already ☺️,i like her already :smiling_face:,i like her already :smiling_face:,18,false,false,false,false,false,false,1,1,false,false,false,false,1,0.6931,en,da,false,false,1790786866,2026-09-30 16:47:46,2026-10-01 00:47:46,dramastop7,stepmom,false,false,10,1,"[""tiktok_stepmomincharge1-4.jsonl""]"
7691391016082965268,7687159415908125985,,,false,paulamalaya7,Paula Malaya,false,next,next,next,next,4,false,false,false,false,false,false,1,1,false,false,false,false,0,0.0,en,cs,false,false,1790791658,2026-09-30 18:07:38,2026-10-01 02:07:38,dramastop7,stepmom,false,false,10,1,"[""tiktok_stepmomincharge1-4.jsonl""]"
7691657584965567253,7687159415908125985,,,false,margaretnagelitym,margaretnagelitym,false,next,next,next,next,4,false,false,false,false,false,false,1,1,false,false,false,false,0,0.0,en,cs,false,false,1790853733,2026-10-01 11:22:13,2026-10-01 19:22:13,dramastop7,stepmom,false,false,10,1,"[""tiktok_stepmomincharge1-4.jsonl""]"
7687269803203461908,7687160580414688545,,,false,nicole_mirones_,_nicole_,false,21,21,21,21,2,false,false,false,true,false,false,1,1,false,false,false,false,1,0.6931,un,,,true,1789831988,2026-09-19 15:33:08,2026-09-19 23:33:08,dramastop7,stepmom,false,false,11,1,"[""tiktok_stepmomincharge5-7.jsonl""]"
7687331611587642129,7687160580414688545,,,false,chebet25400,ChebetAbii💖💖💖💖💞,false,loving you mommy protector ,loving you mommy protector,loving you mommy protector,loving you mommy protector,26,false,false,false,false,false,false,1,1,false,false,false,false,4,1.6094,en,en,true,false,1789846383,2026-09-19 19:33:03,2026-09-20 03:33:03,dramastop7,stepmom,false,false,11,1,"[""tiktok_stepmomincharge5-7.jsonl""]"
7687335608431739666,7687160580414688545,,,false,blessthaxter,naphtaleethaxter,false,Good one the rest thank you,good one the rest thank you,good one the rest thank you,good one the rest thank you,27,false,false,false,false,false,false,1,1,false,false,false,false,2,1.0986,en,en,true,false,1789847312,2026-09-19 19:48:32,2026-09-20 03:48:32,dramastop7,stepmom,false,false,11,1,"[""tiktok_stepmomincharge5-7.jsonl""]"
7687335664552198933,7687160580414688545,,,false,lizwoven1,LizWoven,false,let's have this going on plz.I love this one,let's have this going on plz.i love this one,let's have this going on plz.i love this one,let's have this going on plz.i love this one,44,false,false,false,false,false,false,1,1,false,false,false,false,0,0.0,en,en,true,false,1789847334,2026-09-19 19:48:54,2026-09-20 03:48:54,dramastop7,stepmom,false,false,11,1,"[""tiktok_stepmomincharge5-7.jsonl""]"
7687337703461487367,7687160580414688545,,,false,idyzmode1,Idy’zMode🪡🧵✂️,false,"I love the chapel scene so much , ….","i love the chapel scene so much , ….","i love the chapel scene so much , ….","i love the chapel scene so much , ….",36,false,false,false,false,false,false,1,1,false,false,false,false,21,3.091,en,en,true,false,1789847798,2026-09-19 19:56:38,2026-09-20 03:56:38,dramastop7,stepmom,false,false,11,1,"[""tiktok_stepmomincharge5-7.jsonl""]"
7687338168817484565,7687160580414688545,,,false,jonusjoel,Papa wa Julie,false,Ww,ww,ww,ww,2,false,false,false,true,false,false,1,1,false,false,false,false,0,0.0,zh,,,true,1789847911,2026-09-19 19:58:31,2026-09-20 03:58:31,dramastop7,stepmom,false,false,11,1,"[""tiktok_stepmomincharge5-7.jsonl""]"
7687342520435999504,7687160580414688545,,,false,mummy.faith39,mummy faith,false,I have loved the new mummy thanks beautiful ❤️,i have loved the new mummy thanks beautiful ❤️,i have loved the new mummy thanks beautiful :red_heart:,i have loved the new mummy thanks beautiful :red_heart:,43,false,false,false,false,false,false,1,1,false,false,false,false,46,3.8501,en,en,true,false,1789848924,2026-09-19 20:15:24,2026-09-20 04:15:24,dramastop7,stepmom,false,false,11,1,"[""tiktok_stepmomincharge5-7.jsonl""]"
7687346717075211015,7687160580414688545,,,false,priceless.jewel406,Priceless jewel,false,Next part please,next part please,next part please,next part please,16,false,false,false,false,false,false,1,1,false,false,false,false,2,1.0986,en,en,true,false,1789849900,2026-09-19 20:31:40,2026-09-20 04:31:40,dramastop7,stepmom,false,false,11,1,"[""tiktok_stepmomincharge5-7.jsonl""]"
7687407024563323668,7687160580414688545,,,false,156678899mdfhbeb,5155q55q55,false,next,next,next,next,4,false,false,false,false,false,false,1,2,false,false,false,false,0,0.0,en,cs,false,false,1789863969,2026-09-20 00:26:09,2026-09-20 08:26:09,dramastop7,stepmom,false,false,11,1,"[""tiktok_stepmomincharge5-7.jsonl""]"
7687462825111700244,7687160580414688545,,,false,teyya_ng,𝓣𝓱𝓮𝓪,false,SATISFIED,satisfied,satisfied,satisfied,9,false,false,false,false,false,false,1,1,false,false,false,false,0,0.0,en,lv,false,false,1789876935,2026-09-20 04:02:15,2026-09-20 12:02:15,dramastop7,stepmom,false,false,11,1,"[""tiktok_stepmomincharge5-7.jsonl""]"
7687559294443438869,7687160580414688545,,,false,oreofehomeoffashion,Oreofehomeoffashion💕,false,next pls,next pls,next pls,next pls,8,false,false,false,false,false,false,1,1,false,false,false,false,0,0.0,en,fr,false,false,1789899570,2026-09-20 10:19:30,2026-09-20 18:19:30,dramastop7,stepmom,false,false,11,1,"[""tiktok_stepmomincharge5-7.jsonl""]"
7687560802464318229,7687160580414688545,,,false,clement.appiah7,Cimpli Gud🥰🥰🥰🥰,false,,,,,0,true,true,false,true,false,false,0,1,false,false,false,false,0,0.0,un,,,true,1789899741,2026-09-20 10:22:21,2026-09-20 18:22:21,dramastop7,stepmom,false,false,11,1,"[""tiktok_stepmomincharge5-7.jsonl""]"
7687578053346116373,7687160580414688545,,,false,user3592870720148,princess Gold,false,next please,next please,next please,next please,11,false,false,false,false,false,false,1,1,false,false,false,false,0,0.0,en,en,true,false,1789903766,2026-09-20 11:29:26,2026-09-20 19:29:26,dramastop7,stepmom,false,false,11,1,"[""tiktok_stepmomincharge5-7.jsonl""]"
7687603520132104967,7687160580414688545,,,false,eivi1015,Eivi,false,,,,,0,true,true,false,true,false,false,0,1,false,false,false,false,0,0.0,un,,,true,1789909685,2026-09-20 13:08:05,2026-09-20 21:08:05,dramastop7,stepmom,false,false,11,1,"[""tiktok_stepmomincharge5-7.jsonl""]"
7687610373218239240,7687160580414688545,,,false,user8226012835328,simple lady,false,next,next,next,next,4,false,false,false,false,false,false,1,1,false,false,false,false,0,0.0,en,cs,false,false,1789911406,2026-09-20 13:36:46,2026-09-20 21:36:46,dramastop7,stepmom,false,false,11,1,"[""tiktok_stepmomincharge5-7.jsonl""]"
7687611370824827669,7687160580414688545,,,false,mosime78,Amolang lala 1994,false,next,next,next,next,4,false,false,false,false,false,false,1,1,false,false,false,false,0,0.0,en,cs,false,false,1789911612,2026-09-20 13:40:12,2026-09-20 21:40:12,dramastop7,stepmom,false,false,11,1,"[""tiktok_stepmomincharge5-7.jsonl""]"
7687611565173146376,7687160580414688545,,,false,charleskangati,charleskangati,false,please next part,please next part,please next part,please next part,16,false,false,false,false,false,false,1,1,false,false,false,false,0,0.0,en,fr,false,false,1789911669,2026-09-20 13:41:09,2026-09-20 21:41:09,dramastop7,stepmom,false,false,11,1,"[""tiktok_stepmomincharge5-7.jsonl""]"
7687620342999188241,7687160580414688545,,,false,t_zaty2471,t_zaty2471,false,@Stella Humaira @VK,humaira,humaira,humaira,19,false,false,false,false,false,false,1,1,true,false,false,false,0,0.0,un,sw,false,false,1789913600,2026-09-20 14:13:20,2026-09-20 22:13:20,dramastop7,stepmom,false,false,11,1,"[""tiktok_stepmomincharge5-7.jsonl""]"
7687622330398294805,7687160580414688545,,,false,kisembo476,Kisembo,false,God bless you mama  ❤️,god bless you mama ❤️,god bless you mama :red_heart:,god bless you mama :red_heart:,18,false,false,false,false,false,false,1,1,false,false,false,false,0,0.0,en,cy,false,false,1789914152,2026-09-20 14:22:32,2026-09-20 22:22:32,dramastop7,stepmom,false,false,11,1,"[""tiktok_stepmomincharge5-7.jsonl""]"
7687629203676562184,7687160580414688545,,,false,nansatboniface795,God's grace 😜🌹💐,false,"next please
this part found me ",next please this part found me,next please this part found me,next please this part found me,30,false,false,false,false,false,false,1,1,false,false,false,false,0,0.0,en,en,true,false,1789915820,2026-09-20 14:50:20,2026-09-20 22:50:20,dramastop7,stepmom,false,false,11,1,"[""tiktok_stepmomincharge5-7.jsonl""]"
7687634333418832660,7687160580414688545,,,false,norakaymulane,anessmulenga,false,Next party please,next party please,next party please,next party please,17,false,false,false,false,false,false,1,1,false,false,false,false,1,0.6931,un,en,false,false,1789916976,2026-09-20 15:09:36,2026-09-20 23:09:36,dramastop7,stepmom,false,false,11,1,"[""tiktok_stepmomincharge5-7.jsonl""]"
7687636331757191944,7687160580414688545,,,false,gadaborjordan,user0246619595,false,part 2 of the video,part 2 of the video,part 2 of the video,part 2 of the video,19,false,false,false,false,false,false,1,1,false,false,false,false,0,0.0,en,en,true,false,1789917455,2026-09-20 15:17:35,2026-09-20 23:17:35,dramastop7,stepmom,false,false,11,1,"[""tiktok_stepmomincharge5-7.jsonl""]"
7687652532173521684,7687160580414688545,,,false,marthabangalie,Mama Nyalima,false,❤️❤️,❤️❤️,:red_heart::red_heart:,:red_heart::red_heart:,0,false,false,false,true,false,false,0,1,false,false,false,false,0,0.0,un,,,true,1789921105,2026-09-20 16:18:25,2026-09-21 00:18:25,dramastop7,stepmom,false,false,11,1,"[""tiktok_stepmomincharge5-7.jsonl""]"
7687671729808147208,7687160580414688545,,,false,hannahboateng49,Hannah4545,false,i love this gal,i love this gal,i love this gal,i love this gal,15,false,false,false,false,false,false,1,1,false,false,false,false,0,0.0,en,en,true,false,1789925708,2026-09-20 17:35:08,2026-09-21 01:35:08,dramastop7,stepmom,false,false,11,1,"[""tiktok_stepmomincharge5-7.jsonl""]"
7687677521072096016,7687160580414688545,,,false,amutaojomah,amutaempire,false,soooo interesting,so interesting,so interesting,so interesting,17,false,false,false,false,false,false,1,1,false,false,false,false,0,0.0,en,it,false,false,1789927005,2026-09-20 17:56:45,2026-09-21 01:56:45,dramastop7,stepmom,false,false,11,1,"[""tiktok_stepmomincharge5-7.jsonl""]"
7687691565007291143,7687160580414688545,,,false,beckyenterprises8,Becky enterprises,false,wawoo,wawoo,wawoo,wawoo,5,false,false,false,false,false,false,1,1,false,false,false,false,0,0.0,id,so,false,false,1789930318,2026-09-20 18:51:58,2026-09-21 02:51:58,dramastop7,stepmom,false,false,11,1,"[""tiktok_stepmomincharge5-7.jsonl""]"
7687695371653350145,7687160580414688545,,,false,pincode811,✨💥🧕Hajia pincode 🧕✨💥,false,❤️❤️❤️,❤️❤️❤️,:red_heart::red_heart::red_heart:,:red_heart::red_heart::red_heart:,0,false,false,false,true,false,false,0,1,false,false,false,false,0,0.0,un,,,true,1789931079,2026-09-20 19:04:39,2026-09-21 03:04:39,dramastop7,stepmom,false,false,11,1,"[""tiktok_stepmomincharge5-7.jsonl""]"
7687710125494846229,7687160580414688545,,,false,elizabethlentaya,lizzz,false,next,next,next,next,4,false,false,false,false,false,false,1,1,false,false,false,false,0,0.0,en,cs,false,false,1789934625,2026-09-20 20:03:45,2026-09-21 04:03:45,dramastop7,stepmom,false,false,11,1,"[""tiktok_stepmomincharge5-7.jsonl""]"
7687712965717852949,7687160580414688545,,,false,piexiem002,piexie M,false,next,next,next,next,4,false,false,false,false,false,false,1,1,false,false,false,false,0,0.0,en,cs,false,false,1789935329,2026-09-20 20:15:29,2026-09-21 04:15:29,dramastop7,stepmom,false,false,11,1,"[""tiktok_stepmomincharge5-7.jsonl""]"
7687713372636316424,7687160580414688545,,,false,ginanjoroge22,Georgina njoroge,false,next,next,next,next,4,false,false,false,false,false,false,1,1,false,false,false,false,0,0.0,en,cs,false,false,1789935421,2026-09-20 20:17:01,2026-09-21 04:17:01,dramastop7,stepmom,false,false,11,1,"[""tiktok_stepmomincharge5-7.jsonl""]"
7687731402033660679,7687160580414688545,,,false,sparkling4127,SPARKLING GOLDEN 💊💉🩺,false,Enjoying this movie ,enjoying this movie,enjoying this movie,enjoying this movie,19,false,false,false,false,false,false,1,1,false,false,false,false,0,0.0,en,en,true,false,1789939474,2026-09-20 21:24:34,2026-09-21 05:24:34,dramastop7,stepmom,false,false,11,1,"[""tiktok_stepmomincharge5-7.jsonl""]"
7687736783744385813,7687160580414688545,,,false,user1382731075041,user1382731075041,false,@,@,@,@,1,false,false,false,true,false,false,0,1,false,false,false,false,0,0.0,un,,,true,1789940735,2026-09-20 21:45:35,2026-09-21 05:45:35,dramastop7,stepmom,false,false,11,1,"[""tiktok_stepmomincharge5-7.jsonl""]"
7687741297453351698,7687160580414688545,,,false,aisha.aliyu401,Aisha Aliyu,false,next pls,next pls,next pls,next pls,8,false,false,false,false,false,false,1,1,false,false,false,false,0,0.0,en,fr,false,false,1789941785,2026-09-20 22:03:05,2026-09-21 06:03:05,dramastop7,stepmom,false,false,11,1,"[""tiktok_stepmomincharge5-7.jsonl""]"
7687744361299624720,7687160580414688545,,,false,user5523941391255,JUNIOR ELISON,false,next,next,next,next,4,false,false,false,false,false,false,1,1,false,false,false,false,0,0.0,en,cs,false,false,1789942678,2026-09-20 22:17:58,2026-09-21 06:17:58,dramastop7,stepmom,false,false,11,1,"[""tiktok_stepmomincharge5-7.jsonl""]"
7687748930147304210,7687160580414688545,,,false,user4166009550437,user4166009550437,false,she is a wonderful mother,she is a wonderful mother,she is a wonderful mother,she is a wonderful mother,25,false,false,false,false,false,false,1,2,false,false,false,false,0,0.0,en,en,true,false,1789943823,2026-09-20 22:37:03,2026-09-21 06:37:03,dramastop7,stepmom,false,false,11,1,"[""tiktok_stepmomincharge5-7.jsonl""]"
7687799480049845012,7687160580414688545,,,false,skkdkekdk,cnnamonrlly06,false,THE BEST CHARACTERRRRRR I LOVED HERRRRRR OMG ❤️❤️❤️❤️❤️❤️❤️❤️❤️❤️❤️,the best character i loved her omg ❤️❤️❤️❤️❤️❤️❤️❤️❤️❤️❤️,the best character i loved her omg :red_heart::red_heart::red_heart::red_heart::red_heart::red_heart::red_heart::red_heart::red_heart::red_heart::red_heart:,the best character i loved her omg :red_heart::red_heart::red_heart::red_heart::red_heart::red_heart::red_heart::red_heart::red_heart::red_heart::red_heart:,44,false,false,false,false,false,false,1,1,false,false,false,false,0,0.0,en,en,true,false,1789955337,2026-09-21 01:48:57,2026-09-21 09:48:57,dramastop7,stepmom,false,false,11,1,"[""tiktok_stepmomincharge5-7.jsonl""]"
7687890896771351317,7687160580414688545,,,false,beatricewamuyu84,besh,false,next part,next part,next part,next part,9,false,false,false,false,false,false,1,1,false,false,false,false,0,0.0,en,fr,false,false,1789976774,2026-09-21 07:46:14,2026-09-21 15:46:14,dramastop7,stepmom,false,false,11,1,"[""tiktok_stepmomincharge5-7.jsonl""]"
7687921598116971282,7687160580414688545,,,false,_brenda_m1,@brenda,false,morw please,morw please,morw please,morw please,11,false,false,false,false,false,false,1,1,false,false,false,false,0,0.0,en,en,true,false,1789983967,2026-09-21 09:46:07,2026-09-21 17:46:07,dramastop7,stepmom,false,false,11,1,"[""tiktok_stepmomincharge5-7.jsonl""]"
7687980234684072720,7687160580414688545,,,false,user50098302971622,Mayellow,false,next part pliz,next part pliz,next part pliz,next part pliz,14,false,false,false,false,false,false,1,1,false,false,false,false,1,0.6931,en,fr,false,false,1789997565,2026-09-21 13:32:45,2026-09-21 21:32:45,dramastop7,stepmom,false,false,11,1,"[""tiktok_stepmomincharge5-7.jsonl""]"
7688028370306712342,7687160580414688545,,,false,tales.by.splendid,Tales by splendid 😊,false,,,,,0,true,true,false,true,false,false,0,1,false,false,false,false,0,0.0,un,,,true,1790008609,2026-09-21 16:36:49,2026-09-22 00:36:49,dramastop7,stepmom,false,false,11,1,"[""tiktok_stepmomincharge5-7.jsonl""]"
7688074136545100551,7687160580414688545,,,false,leez.baya,leez baya,false,next,next,next,next,4,false,false,false,false,false,false,1,1,false,false,false,false,0,0.0,en,cs,false,false,1790019268,2026-09-21 19:34:28,2026-09-22 03:34:28,dramastop7,stepmom,false,false,11,1,"[""tiktok_stepmomincharge5-7.jsonl""]"
7688105602685911815,7687160580414688545,,,false,pablorich400,happyness,false,next,next,next,next,4,false,false,false,false,false,false,1,1,false,false,false,false,0,0.0,en,cs,false,false,1790026732,2026-09-21 21:38:52,2026-09-22 05:38:52,dramastop7,stepmom,false,false,11,1,"[""tiktok_stepmomincharge5-7.jsonl""]"
7688119436825805585,7687160580414688545,,,false,afiaunquenchablesocatoa,🦋🦋Main Wyf Of Optical🦋🦋,false,,,,,0,true,true,false,true,false,false,0,2,false,false,false,false,0,0.0,un,,,true,1790029811,2026-09-21 22:30:11,2026-09-22 06:30:11,dramastop7,stepmom,false,false,11,1,"[""tiktok_stepmomincharge5-7.jsonl""]"
7688119982445822721,7687160580414688545,,,false,afiaunquenchablesocatoa,🦋🦋Main Wyf Of Optical🦋🦋,false,,,,,0,true,true,false,true,false,false,0,2,false,false,false,false,0,0.0,un,,,true,1790029936,2026-09-21 22:32:16,2026-09-22 06:32:16,dramastop7,stepmom,false,false,11,1,"[""tiktok_stepmomincharge5-7.jsonl""]"
7688132493946749703,7687160580414688545,,,false,goodness8493,goodness,false,the next part,the next part,the next part,the next part,13,false,false,false,false,false,false,1,1,false,false,false,false,0,0.0,en,en,true,false,1790033194,2026-09-21 23:26:34,2026-09-22 07:26:34,dramastop7,stepmom,false,false,11,1,"[""tiktok_stepmomincharge5-7.jsonl""]"
7688191912029324040,7687160580414688545,,,false,beloved.oness,Bae,false,girl,girl,girl,girl,4,false,false,false,false,false,false,1,1,false,false,false,false,0,0.0,en,tr,false,false,1790046688,2026-09-22 03:11:28,2026-09-22 11:11:28,dramastop7,stepmom,false,false,11,1,"[""tiktok_stepmomincharge5-7.jsonl""]"
7688203721805185799,7687160580414688545,,,false,user3456638371316,Jesh K.P,false,next part,next part,next part,next part,9,false,false,false,false,false,false,2,2,false,false,false,false,0,0.0,en,fr,false,false,1790049653,2026-09-22 04:00:53,2026-09-22 12:00:53,dramastop7,stepmom,false,false,11,1,"[""tiktok_stepmomincharge5-7.jsonl""]"
7688270237196976916,7687160580414688545,,,false,user6361570498155,Esther Ama,false,next épisode pls ,next épisode pls,next épisode pls,next épisode pls,16,false,false,false,false,false,true,3,3,false,false,false,false,0,0.0,fr,fr,true,false,1790065148,2026-09-22 08:19:08,2026-09-22 16:19:08,dramastop7,stepmom,false,false,11,1,"[""tiktok_stepmomincharge5-7.jsonl""]"
7688645090276803349,7687160580414688545,,,false,klutseabigail,Klutse Abigail,false,l love this aura for aura,l love this aura for aura,l love this aura for aura,l love this aura for aura,25,false,false,false,false,false,false,1,1,false,false,false,false,0,0.0,en,en,true,false,1790152853,2026-09-23 08:40:53,2026-09-23 16:40:53,dramastop7,stepmom,false,false,11,1,"[""tiktok_stepmomincharge5-7.jsonl""]"
7688707170254979858,7687160580414688545,,,false,rhmaaa987,rhmaa_🌸,false,ateee,ate,ate,ate,5,false,false,false,false,false,false,1,1,false,false,false,false,0,0.0,tl,,,true,1790166655,2026-09-23 12:30:55,2026-09-23 20:30:55,dramastop7,stepmom,false,false,11,1,"[""tiktok_stepmomincharge5-7.jsonl""]"
7688713443192554248,7687160580414688545,,,false,libertyjay1,Valley Lily,false,Badass Maddie ,badass maddie,badass maddie,badass maddie,13,false,false,false,false,false,false,1,2,false,false,false,false,0,0.0,en,so,false,false,1790168107,2026-09-23 12:55:07,2026-09-23 20:55:07,dramastop7,stepmom,false,false,11,1,"[""tiktok_stepmomincharge5-7.jsonl""]"
7688713513095037704,7687160580414688545,,,false,libertyjay1,Valley Lily,false,there are plenty things I dare to do,there are plenty things i dare to do,there are plenty things i dare to do,there are plenty things i dare to do,36,false,false,false,false,false,false,1,2,false,false,false,false,0,0.0,en,en,true,false,1790168132,2026-09-23 12:55:32,2026-09-23 20:55:32,dramastop7,stepmom,false,false,11,1,"[""tiktok_stepmomincharge5-7.jsonl""]"
7688719807017894674,7687160580414688545,,,false,chizichimera2,chizi chimera,false,next part,next part,next part,next part,9,false,false,false,false,false,false,1,1,false,false,false,false,0,0.0,en,fr,false,false,1790169717,2026-09-23 13:21:57,2026-09-23 21:21:57,dramastop7,stepmom,false,false,11,1,"[""tiktok_stepmomincharge5-7.jsonl""]"
7688720739319087879,7687160580414688545,,,false,user24887910743378,tinscorh,false,next episode please,next episode please,next episode please,next episode please,19,false,false,false,false,false,false,1,1,false,false,false,false,0,0.0,en,ro,false,false,1790169972,2026-09-23 13:26:12,2026-09-23 21:26:12,dramastop7,stepmom,false,false,11,1,"[""tiktok_stepmomincharge5-7.jsonl""]"
7688737226087318293,7687160580414688545,,,false,happykibona269,happyney🥰,false,A protective mom ❤️❤️,a protective mom ❤️❤️,a protective mom :red_heart::red_heart:,a protective mom :red_heart::red_heart:,16,false,false,false,false,false,false,1,1,false,false,false,false,0,0.0,en,en,true,false,1790173745,2026-09-23 14:29:05,2026-09-23 22:29:05,dramastop7,stepmom,false,false,11,1,"[""tiktok_stepmomincharge5-7.jsonl""]"
7688741264816456449,7687160580414688545,,,false,machuma42,machuma42,false, best mum,best mum,best mum,best mum,8,false,false,false,false,false,false,1,1,false,false,false,false,0,0.0,en,da,false,false,1790174590,2026-09-23 14:43:10,2026-09-23 22:43:10,dramastop7,stepmom,false,false,11,1,"[""tiktok_stepmomincharge5-7.jsonl""]"
7688786109380641557,7687160580414688545,,,false,user7061390230984,user7061390230984,false,u really have a good heart ❤️,u really have a good heart ❤️,u really have a good heart :red_heart:,u really have a good heart :red_heart:,26,false,false,false,false,false,false,1,1,false,false,false,false,0,0.0,en,en,true,false,1790185255,2026-09-23 17:40:55,2026-09-24 01:40:55,dramastop7,stepmom,false,false,11,1,"[""tiktok_stepmomincharge5-7.jsonl""]"
7688809662247027508,7687160580414688545,,,false,fridah.kalengo2,fridah Kalengo,false,Powerful,powerful,powerful,powerful,8,false,false,false,false,false,false,1,1,false,false,false,false,0,0.0,en,pl,false,false,1790190523,2026-09-23 19:08:43,2026-09-24 03:08:43,dramastop7,stepmom,false,false,11,1,"[""tiktok_stepmomincharge5-7.jsonl""]"
7688834233377325845,7687160580414688545,,,false,user8467482472274,Anita baby,false,next episode please,next episode please,next episode please,next episode please,19,false,false,false,false,false,false,1,1,false,false,false,false,0,0.0,en,ro,false,false,1790196523,2026-09-23 20:48:43,2026-09-24 04:48:43,dramastop7,stepmom,false,false,11,1,"[""tiktok_stepmomincharge5-7.jsonl""]"
7688793654864921351,7687160580414688545,,,false,user5373917541736,mwansa,false,love it,love it,love it,love it,7,false,false,false,false,false,false,1,1,false,false,false,false,0,0.0,en,sl,false,false,1790211205,2026-09-24 00:53:25,2026-09-24 08:53:25,dramastop7,stepmom,false,false,11,1,"[""tiktok_stepmomincharge5-7.jsonl""]"
7688899690087760647,7687160580414688545,,,false,norazahmohdnor213,Sinar Kembali,false,good,good,good,good,4,false,false,false,false,false,false,1,1,false,false,false,false,0,0.0,en,so,false,false,1790211482,2026-09-24 00:58:02,2026-09-24 08:58:02,dramastop7,stepmom,false,false,11,1,"[""tiktok_stepmomincharge5-7.jsonl""]"
7689256963612787474,7687160580414688545,,,false,petitsyifa,LilMissSyifa,false,Girllll marry me~,girl marry me~,girl marry me~,girl marry me~,17,false,false,false,false,false,false,1,1,false,false,false,false,2,1.0986,en,tr,false,false,1790294674,2026-09-25 00:04:34,2026-09-25 08:04:34,dramastop7,stepmom,false,false,11,1,"[""tiktok_stepmomincharge5-7.jsonl""]"
7689337164031509266,7687160580414688545,,,false,rodalamptey559,MoMNAT  ❤️ 😍 💖 ❣️,false,l love her style,l love her style,l love her style,l love her style,16,false,false,false,false,false,false,1,1,false,false,false,false,0,0.0,en,da,false,false,1790313592,2026-09-25 05:19:52,2026-09-25 13:19:52,dramastop7,stepmom,false,false,11,1,"[""tiktok_stepmomincharge5-7.jsonl""]"
7689413734389842709,7687160580414688545,,,false,ama.baby304,Ama baby,false, next please,next please,next please,next please,11,false,false,false,false,false,false,1,1,false,false,false,false,0,0.0,en,en,true,false,1790331343,2026-09-25 10:15:43,2026-09-25 18:15:43,dramastop7,stepmom,false,false,11,1,"[""tiktok_stepmomincharge5-7.jsonl""]"
7689772783740928788,7687160580414688545,,,false,elizabethhakena,Elizabeth Tagalap,false,next part please,next part please,next part please,next part please,16,false,false,false,false,false,false,1,1,false,false,false,false,0,0.0,en,en,true,false,1790414965,2026-09-26 09:29:25,2026-09-26 17:29:25,dramastop7,stepmom,false,false,11,1,"[""tiktok_stepmomincharge5-7.jsonl""]"
7689783141099701044,7687160580414688545,,,false,kichaybst,dennjem at IG,false,"Yung mga naghahanap na ng name of this AI actress hahaha.
para madali mahanap mga series nya ",yung mga naghahanap na ng name of this ai actress hahaha. para madali mahanap mga series nya,yung mga naghahanap na ng name of this ai actress hahaha. para madali mahanap mga series nya,yung mga naghahanap na ng name of this ai actress hahaha. para madali mahanap mga series nya,92,false,false,false,false,false,false,1,1,false,false,false,false,0,0.0,tl,tl,true,false,1790417182,2026-09-26 10:06:22,2026-09-26 18:06:22,dramastop7,stepmom,false,false,11,1,"[""tiktok_stepmomincharge5-7.jsonl""]"
7689930048468910855,7687160580414688545,,,false,abdulrazaqbarkind,Amuba,false,next,next,next,next,4,false,false,false,false,false,false,1,1,false,false,false,false,0,0.0,en,cs,false,false,1790451604,2026-09-26 19:40:04,2026-09-27 03:40:04,dramastop7,stepmom,false,false,11,1,"[""tiktok_stepmomincharge5-7.jsonl""]"
7689970878771249938,7687160580414688545,,,false,nana444161,nana,false,Good mother,good mother,good mother,good mother,11,false,false,false,false,false,false,1,1,false,false,false,false,0,0.0,en,en,true,false,1790460891,2026-09-26 22:14:51,2026-09-27 06:14:51,dramastop7,stepmom,false,false,11,1,"[""tiktok_stepmomincharge5-7.jsonl""]"
7690126280456471303,7687160580414688545,,,false,thida.soe328,Thida Soe,false,I love this,i love this,i love this,i love this,11,false,false,false,false,false,false,1,1,false,false,false,false,0,0.0,en,en,true,false,1790497060,2026-09-27 08:17:40,2026-09-27 16:17:40,dramastop7,stepmom,false,false,11,1,"[""tiktok_stepmomincharge5-7.jsonl""]"
7690255330073494293,7687160580414688545,,,false,jeng2dejavu,Jeng2@dejaVu,false,love this women,love this women,love this women,love this women,15,false,false,false,false,false,false,1,1,false,false,false,false,1,0.6931,en,en,true,false,1790527116,2026-09-27 16:38:36,2026-09-28 00:38:36,dramastop7,stepmom,false,false,11,1,"[""tiktok_stepmomincharge5-7.jsonl""]"
7690479810589999892,7687160580414688545,,,false,sillyme7,miss thandi,false,what a mom! ,what a mom!,what a mom!,what a mom!,11,false,false,false,false,false,false,1,1,false,false,false,false,0,0.0,en,en,true,false,1790579386,2026-09-28 07:09:46,2026-09-28 15:09:46,dramastop7,stepmom,false,false,11,1,"[""tiktok_stepmomincharge5-7.jsonl""]"
7690757747160630037,7687160580414688545,,,false,cherryloudevera6,Chichilat,false,episode 107 to 115 and 121 to 125 please,episode 107 to 115 and 121 to 125 please,episode 107 to 115 and 121 to 125 please,episode 107 to 115 and 121 to 125 please,40,false,false,false,false,false,false,1,1,false,false,false,false,0,0.0,en,en,true,false,1790644108,2026-09-29 01:08:28,2026-09-29 09:08:28,dramastop7,stepmom,false,false,11,1,"[""tiktok_stepmomincharge5-7.jsonl""]"
7687401562578109205,7687400012866768161,,,false,njs920_,︎︎,false,Next,next,next,next,4,false,false,false,false,false,false,1,1,false,false,false,false,1,0.6931,en,cs,false,false,1789862677,2026-09-20 00:04:37,2026-09-20 08:04:37,dramastop7,stepmom,false,false,12,1,"[""tiktok_stepmomincharge8-10.jsonl""]"
7687402746749158152,7687400012866768161,,,false,itz.me_sheena,Sheena Biscano,false,Next plss,next plss,next plss,next plss,9,false,false,false,false,false,false,1,1,false,false,false,false,4,1.6094,en,fr,false,false,1789862961,2026-09-20 00:09:21,2026-09-20 08:09:21,dramastop7,stepmom,false,false,12,1,"[""tiktok_stepmomincharge8-10.jsonl""]"
7687405665069138704,7687400012866768161,,,false,mom.of.two162,mom of two,false,next plz,next plz,next plz,next plz,8,false,false,false,false,false,false,1,1,false,false,false,false,3,1.3863,en,cs,false,false,1789863632,2026-09-20 00:20:32,2026-09-20 08:20:32,dramastop7,stepmom,false,false,12,1,"[""tiktok_stepmomincharge8-10.jsonl""]"
7687406456395531038,7687400012866768161,,,false,reallyhazel,Hazel Babyy🏳️‍🌈❤️🤞🏽,false,Next please,next please,next please,next please,11,false,false,false,false,false,false,1,1,false,false,false,false,3,1.3863,en,en,true,false,1789863816,2026-09-20 00:23:36,2026-09-20 08:23:36,dramastop7,stepmom,false,false,12,1,"[""tiktok_stepmomincharge8-10.jsonl""]"
7687407444285014816,7687400012866768161,,,false,dramastop7,DramaStop,false,NEXT PARTS UP,next parts up,next parts up,next parts up,13,false,false,false,false,false,false,1,2,false,false,false,false,47,3.8712,en,fr,false,false,1789864102,2026-09-20 00:28:22,2026-09-20 08:28:22,dramastop7,stepmom,false,false,12,1,"[""tiktok_stepmomincharge8-10.jsonl""]"
7687424651836097281,7687400012866768161,7687407444285014816,NEXT PARTS UP,true,nonny62978,nonny🌹,false,Next,next,next,next,4,false,false,false,false,false,false,1,1,false,false,false,false,1,0.6931,en,cs,false,false,1789868060,2026-09-20 01:34:20,2026-09-20 09:34:20,dramastop7,stepmom,false,false,12,1,"[""tiktok_stepmomincharge8-10.jsonl""]"
7687425012613251861,7687400012866768161,,,false,enjoy2020maya,M.A.Y.A,false,"ohhhh my goshhhhh
I'm in love with this ",oh my gosh i'm in love with this,oh my gosh i'm in love with this,oh my gosh i'm in love with this,39,false,false,false,false,false,false,1,1,false,false,false,false,31,3.4657,en,en,true,false,1789868132,2026-09-20 01:35:32,2026-09-20 09:35:32,dramastop7,stepmom,false,false,12,1,"[""tiktok_stepmomincharge8-10.jsonl""]"
7687433212285125398,7687400012866768161,,,false,dinasafarika,d.safarika,false,,,,,0,true,true,false,true,false,false,0,1,false,false,false,false,1,0.6931,un,,,true,1789870168,2026-09-20 02:09:28,2026-09-20 10:09:28,dramastop7,stepmom,false,false,12,1,"[""tiktok_stepmomincharge8-10.jsonl""]"
7687434800231629586,7687400012866768161,,,false,ai_shteruyo,Airis🐇,false,awwww...,aw,aw,aw,8,false,false,false,false,false,false,1,1,false,true,false,false,15,2.7726,en,,,true,1789870413,2026-09-20 02:13:33,2026-09-20 10:13:33,dramastop7,stepmom,false,false,12,1,"[""tiktok_stepmomincharge8-10.jsonl""]"
7687435301102289682,7687400012866768161,,,false,nyamburaluxefitcloset,Nyambura Luxefit Closet,false,,,,,0,true,true,false,true,false,false,0,1,false,false,false,false,1,0.6931,un,,,true,1789870523,2026-09-20 02:15:23,2026-09-20 10:15:23,dramastop7,stepmom,false,false,12,1,"[""tiktok_stepmomincharge8-10.jsonl""]"
7687455237099291400,7687400012866768161,,,false,princess415111,CECILIA🔬🥼🧪🥽👩‍🏭🖤,false,next,next,next,next,4,false,false,false,false,false,false,1,1,false,false,false,false,1,0.6931,en,cs,false,false,1789875159,2026-09-20 03:32:39,2026-09-20 11:32:39,dramastop7,stepmom,false,false,12,1,"[""tiktok_stepmomincharge8-10.jsonl""]"
7687468620906611476,7687400012866768161,,,false,namatovurehema957,Namatovu Rehema,false,nice move ilove it,nice move ilove it,nice move ilove it,nice move ilove it,18,false,false,false,false,false,false,1,1,false,false,false,false,1,0.6931,en,sl,false,false,1789878538,2026-09-20 04:28:58,2026-09-20 12:28:58,dramastop7,stepmom,false,false,12,1,"[""tiktok_stepmomincharge8-10.jsonl""]"
7687491303441924885,7687400012866768161,,,false,favour76594583855477,favour76594583855477,false,next part,next part,next part,next part,9,false,false,false,false,false,false,1,1,false,false,false,false,1,0.6931,en,fr,false,false,1789883743,2026-09-20 05:55:43,2026-09-20 13:55:43,dramastop7,stepmom,false,false,12,1,"[""tiktok_stepmomincharge8-10.jsonl""]"
7687492274981290772,7687400012866768161,,,false,babygairl779,b.a.b.y.g.i.l.r🇹🇿,false,next part,next part,next part,next part,9,false,false,false,false,false,false,1,1,false,false,false,false,3,1.3863,en,fr,false,false,1789884037,2026-09-20 06:00:37,2026-09-20 14:00:37,dramastop7,stepmom,false,false,12,1,"[""tiktok_stepmomincharge8-10.jsonl""]"
7687497412919034645,7687400012866768161,,,false,memorylombe237,HOPE🤱💕💕,false,next please my love,next please my love,next please my love,next please my love,19,false,false,false,false,false,false,1,1,false,false,false,false,1,0.6931,en,en,true,false,1789885136,2026-09-20 06:18:56,2026-09-20 14:18:56,dramastop7,stepmom,false,false,12,1,"[""tiktok_stepmomincharge8-10.jsonl""]"
7687498029012714273,7687400012866768161,,,false,quinett57,qui,false,,,,,0,true,true,false,true,false,false,0,1,false,false,false,false,1,0.6931,un,,,true,1789885174,2026-09-20 06:19:34,2026-09-20 14:19:34,dramastop7,stepmom,false,false,12,1,"[""tiktok_stepmomincharge8-10.jsonl""]"
7687506048189678352,7687400012866768161,,,false,user2406632481801,Jojo,false,nice training next part,nice training next part,nice training next part,nice training next part,23,false,false,false,false,false,false,1,1,false,false,false,false,4,1.6094,en,en,true,false,1789887002,2026-09-20 06:50:02,2026-09-20 14:50:02,dramastop7,stepmom,false,false,12,1,"[""tiktok_stepmomincharge8-10.jsonl""]"
7687512339566265105,7687400012866768161,,,false,raybaby05,Queen Ray,false,I love this movie though didn’t end well cox I need more episodes,i love this movie though didn’t end well cox i need more episodes,i love this movie though didn’t end well cox i need more episodes,i love this movie though didn’t end well cox i need more episodes,65,false,false,false,false,false,false,1,1,false,false,false,false,11,2.4849,en,en,true,false,1789888456,2026-09-20 07:14:16,2026-09-20 15:14:16,dramastop7,stepmom,false,false,12,1,"[""tiktok_stepmomincharge8-10.jsonl""]"
7687519142900171540,7687400012866768161,,,false,fizzy.blinks78,Fizzy Blinks 🥰💓💝,false,,,,,0,true,true,false,true,false,false,0,1,false,false,false,false,1,0.6931,un,,,true,1789890045,2026-09-20 07:40:45,2026-09-20 15:40:45,dramastop7,stepmom,false,false,12,1,"[""tiktok_stepmomincharge8-10.jsonl""]"
7687529824287671061,7687400012866768161,,,false,isyourgirlprettyfuzzyat,P💓💓RETTY❤️❤️❤️F🩷UZZAT💗💗,false,,,,,0,true,true,false,true,false,false,0,1,false,false,false,false,1,0.6931,un,,,true,1789892537,2026-09-20 08:22:17,2026-09-20 16:22:17,dramastop7,stepmom,false,false,12,1,"[""tiktok_stepmomincharge8-10.jsonl""]"
7687554185147450132,7687400012866768161,,,false,user70247007865746,ummuabdu,false,next part pls,next part pls,next part pls,next part pls,13,false,false,false,false,false,false,1,1,false,false,false,false,1,0.6931,en,fr,false,false,1789898362,2026-09-20 09:59:22,2026-09-20 17:59:22,dramastop7,stepmom,false,false,12,1,"[""tiktok_stepmomincharge8-10.jsonl""]"
7687597969227858696,7687400012866768161,,,false,esther.theresa.ba,QueenEsther ⭐💊🧑‍⚕️,false,Next part,next part,next part,next part,9,false,false,false,false,false,false,1,1,false,false,false,false,1,0.6931,en,fr,false,false,1789908400,2026-09-20 12:46:40,2026-09-20 20:46:40,dramastop7,stepmom,false,false,12,1,"[""tiktok_stepmomincharge8-10.jsonl""]"
7687680953938608916,7687400012866768161,,,false,blessingefm,peneyambekohauhol,false,I very interested in this ,i very interested in this,i very interested in this,i very interested in this,25,false,false,false,false,false,false,1,1,false,false,false,false,2,1.0986,en,en,true,false,1789927722,2026-09-20 18:08:42,2026-09-21 02:08:42,dramastop7,stepmom,false,false,12,1,"[""tiktok_stepmomincharge8-10.jsonl""]"
7687740509762765575,7687400012866768161,,,false,the_lucky_crab,Nonhlanhla Nkala 2204,false,Oh my girl ❤️I love you,oh my girl ❤️i love you,oh my girl :red_heart:i love you,oh my girl :red_heart:i love you,21,false,false,false,false,false,false,1,1,false,false,false,false,3,1.3863,en,en,true,false,1789941597,2026-09-20 21:59:57,2026-09-21 05:59:57,dramastop7,stepmom,false,false,12,1,"[""tiktok_stepmomincharge8-10.jsonl""]"
7687842376489370375,7687400012866768161,,,false,belinda.gube,Belinda Gube,false,,,,,0,true,true,false,true,false,false,0,1,false,false,false,false,0,0.0,un,,,true,1789965312,2026-09-21 04:35:12,2026-09-21 12:35:12,dramastop7,stepmom,false,false,12,1,"[""tiktok_stepmomincharge8-10.jsonl""]"
7687855235994370823,7687400012866768161,,,false,trezaachieng202,꧁༺Trėzå ༻꧂,false,the staff members!!,the staff members!!,the staff members!!,the staff members!!,19,false,false,false,false,false,false,1,1,false,false,false,false,1,0.6931,en,en,true,false,1789968582,2026-09-21 05:29:42,2026-09-21 13:29:42,dramastop7,stepmom,false,false,12,1,"[""tiktok_stepmomincharge8-10.jsonl""]"
7687899747778200340,7687400012866768161,,,false,nmastouch,nmastouch,false,But I like her thick body ,but i like her thick body,but i like her thick body,but i like her thick body,25,false,false,false,false,false,false,1,1,false,false,false,false,543,6.2989,en,en,true,false,1789978668,2026-09-21 08:17:48,2026-09-21 16:17:48,dramastop7,stepmom,false,false,12,1,"[""tiktok_stepmomincharge8-10.jsonl""]"
7687910691848356616,7687400012866768161,7687899747778200340,But I like her thick body ,true,shannyakss,k.shan,false,me too,me too,me too,me too,6,false,false,false,false,false,false,1,1,false,false,false,false,0,0.0,en,en,true,false,1789981599,2026-09-21 09:06:39,2026-09-21 17:06:39,dramastop7,stepmom,false,false,12,1,"[""tiktok_stepmomincharge8-10.jsonl""]"
7687915516975825682,7687400012866768161,,,false,zamangwanehlongwa6,Mangwane,false,this is how we should stand up for our kids thank you Aurora,this is how we should stand up for our kids thank you aurora,this is how we should stand up for our kids thank you aurora,this is how we should stand up for our kids thank you aurora,60,false,false,false,false,false,false,1,1,false,false,false,false,51,3.9512,en,en,true,false,1789982332,2026-09-21 09:18:52,2026-09-21 17:18:52,dramastop7,stepmom,false,false,12,1,"[""tiktok_stepmomincharge8-10.jsonl""]"
7687921099825726228,7687400012866768161,7687899747778200340,But I like her thick body ,true,marry_cj2,Jai,false,SAME,same,same,same,4,false,false,false,false,false,false,1,1,false,false,false,false,6,1.9459,en,tl,false,false,1789983639,2026-09-21 09:40:39,2026-09-21 17:40:39,dramastop7,stepmom,false,false,12,1,"[""tiktok_stepmomincharge8-10.jsonl""]"
7688037420835357460,7687400012866768161,7687899747778200340,But I like her thick body ,true,kajiruto,Kajiruto,false,"Same here,hate it. Why do they always ruin a good story by making the curvier girl lose weight? She was perfectly fine the way she was. I stopped watching as soon as they made her skinny. I just lost interest.","same here,hate it. why do they always ruin a good story by making the curvier girl lose weight? she was perfectly fine the way she was. i stopped watching as soon as they made her skinny. i just lost interest.","same here,hate it. why do they always ruin a good story by making the curvier girl lose weight? she was perfectly fine the way she was. i stopped watching as soon as they made her skinny. i just lost interest.","same here,hate it. why do they always ruin a good story by making the curvier girl lose weight? she was perfectly fine the way she was. i stopped watching as soon as they made her skinny. i just lost interest.",209,false,false,false,false,false,false,1,1,false,false,false,false,27,3.3322,en,en,true,false,1790010715,2026-09-21 17:11:55,2026-09-22 01:11:55,dramastop7,stepmom,false,false,12,1,"[""tiktok_stepmomincharge8-10.jsonl""]"
7688068144607658760,7687400012866768161,,,false,sshionachan,しおな,false,,,,,0,true,true,false,true,false,false,0,1,false,false,false,false,0,0.0,un,,,true,1790017870,2026-09-21 19:11:10,2026-09-22 03:11:10,dramastop7,stepmom,false,false,12,1,"[""tiktok_stepmomincharge8-10.jsonl""]"
7688074539717051137,7687400012866768161,,,false,vayana20xoxo,Vayana ❤️ Yavana,false,,,,,0,true,true,false,true,false,false,0,1,false,false,false,false,0,0.0,un,,,true,1790019358,2026-09-21 19:35:58,2026-09-22 03:35:58,dramastop7,stepmom,false,false,12,1,"[""tiktok_stepmomincharge8-10.jsonl""]"
7688110012891513601,7687400012866768161,,,false,c.o.p.o.rexanal,C.O.P.O Rexanal,false,what wrong with my network ,what wrong with my network,what wrong with my network,what wrong with my network,26,false,false,false,false,false,false,1,1,false,false,false,false,0,0.0,en,en,true,false,1790027619,2026-09-21 21:53:39,2026-09-22 05:53:39,dramastop7,stepmom,false,false,12,1,"[""tiktok_stepmomincharge8-10.jsonl""]"
7688232568394613521,7687400012866768161,,,false,mama.vee44,Mrs N🥰🇿🇼🇦🇺,false,I love her hope she will not change her body,i love her hope she will not change her body,i love her hope she will not change her body,i love her hope she will not change her body,44,false,false,false,false,false,false,1,2,false,false,false,false,82,4.4188,en,en,true,false,1790056164,2026-09-22 05:49:24,2026-09-22 13:49:24,dramastop7,stepmom,false,false,12,1,"[""tiktok_stepmomincharge8-10.jsonl""]"
7688233825873052433,7687400012866768161,7688232568394613521,I love her hope she will not change her body,true,mama.vee44,Mrs N🥰🇿🇼🇦🇺,false,I spoke too early[Snicker],i spoke too early[snicker],i spoke too early[snicker],i spoke too early[snicker],26,false,false,false,false,false,false,1,2,false,false,false,false,8,2.1972,en,en,true,false,1790056463,2026-09-22 05:54:23,2026-09-22 13:54:23,dramastop7,stepmom,false,false,12,1,"[""tiktok_stepmomincharge8-10.jsonl""]"
7688246507280515860,7687400012866768161,,,false,phereon09,Lucia,false,I love her so much,i love her so much,i love her so much,i love her so much,18,false,false,false,false,false,false,1,1,false,false,false,false,0,0.0,en,en,true,false,1790059408,2026-09-22 06:43:28,2026-09-22 14:43:28,dramastop7,stepmom,false,false,12,1,"[""tiktok_stepmomincharge8-10.jsonl""]"
7688289841755243280,7687400012866768161,,,false,mutalemwansa617,mutale,false,is it just me all are we chubby people getting outfit inspo,is it just me all are we chubby people getting outfit inspo,is it just me all are we chubby people getting outfit inspo,is it just me all are we chubby people getting outfit inspo,59,false,false,false,false,false,false,1,1,false,false,false,false,70,4.2627,en,en,true,false,1790069500,2026-09-22 09:31:40,2026-09-22 17:31:40,dramastop7,stepmom,false,false,12,1,"[""tiktok_stepmomincharge8-10.jsonl""]"
7688303028310688519,7687400012866768161,7688232568394613521,I love her hope she will not change her body,true,fiona_1291,Sh@fieyka Rafe,false,[Tears of joy][Tears of joy][Tears of joy],[tears of joy][tears of joy][tears of joy],[tears of joy][tears of joy][tears of joy],[tears of joy][tears of joy][tears of joy],42,false,false,false,false,false,false,1,1,false,false,false,false,0,0.0,en,en,true,false,1790072552,2026-09-22 10:22:32,2026-09-22 18:22:32,dramastop7,stepmom,false,false,12,1,"[""tiktok_stepmomincharge8-10.jsonl""]"
7688411656687551240,7687400012866768161,,,false,ziwe.nooi1,Ziwe Nooi,false,andadikwa ,andadikwa,andadikwa,andadikwa,9,false,false,false,false,false,false,1,1,false,false,false,false,0,0.0,sw,sw,true,false,1790097851,2026-09-22 17:24:11,2026-09-23 01:24:11,dramastop7,stepmom,false,false,12,1,"[""tiktok_stepmomincharge8-10.jsonl""]"
7688415551895847710,7687400012866768161,,,false,faithfunfitnessgoalsfun,faithfunfitnessgoalsfun,false,Damn I love her ,damn i love her,damn i love her,damn i love her,15,false,false,false,false,false,false,1,1,false,false,false,false,1,0.6931,en,da,false,false,1790098791,2026-09-22 17:39:51,2026-09-23 01:39:51,dramastop7,stepmom,false,false,12,1,"[""tiktok_stepmomincharge8-10.jsonl""]"
7688467670530032385,7687400012866768161,,,false,sharon.welcome7,Sharon Welcome,false,❤️❤️9k,❤️❤️9k,:red_heart::red_heart:9k,:red_heart::red_heart:9k,2,false,false,false,true,false,false,1,1,false,false,false,false,0,0.0,en,,,true,1790110915,2026-09-22 21:01:55,2026-09-23 05:01:55,dramastop7,stepmom,false,false,12,1,"[""tiktok_stepmomincharge8-10.jsonl""]"
7688565180687008519,7687400012866768161,,,false,darabertholens,rae,false,that’s greaaatttt[Menghangatkan hati],that’s great[menghangatkan hati],that’s great[menghangatkan hati],that’s great[menghangatkan hati],37,false,false,false,false,false,false,1,1,false,false,false,false,0,0.0,id,id,true,false,1790133597,2026-09-23 03:19:57,2026-09-23 11:19:57,dramastop7,stepmom,false,false,12,1,"[""tiktok_stepmomincharge8-10.jsonl""]"
7688761544415576850,7687400012866768161,,,false,purpleprincessai,That diary girl🤍💜,false,,,,,0,true,true,false,true,false,false,0,1,false,false,false,false,3,1.3863,un,,,true,1790179310,2026-09-23 16:01:50,2026-09-24 00:01:50,dramastop7,stepmom,false,false,12,1,"[""tiktok_stepmomincharge8-10.jsonl""]"
7688830633749971713,7687400012866768161,7687899747778200340,But I like her thick body ,true,ophelia26973,Ophelia,false,u like amor,u like amor,u like amor,u like amor,11,false,false,false,false,false,false,1,1,false,false,false,false,0,0.0,es,hr,false,false,1790195612,2026-09-23 20:33:32,2026-09-24 04:33:32,dramastop7,stepmom,false,false,12,1,"[""tiktok_stepmomincharge8-10.jsonl""]"
7688872510945018645,7687400012866768161,,,false,marydelsabanal,NailsbyMarydel💅✨,false,,,,,0,true,true,false,true,false,false,0,1,false,false,false,false,0,0.0,un,,,true,1790205160,2026-09-23 23:12:40,2026-09-24 07:12:40,dramastop7,stepmom,false,false,12,1,"[""tiktok_stepmomincharge8-10.jsonl""]"
7689250444638421783,7687400012866768161,7687899747778200340,But I like her thick body ,true,jennyboohickey,Jennyboo,false,I’m I’m,i’m i’m,i’m i’m,i’m i’m,7,false,false,false,false,false,false,1,1,false,false,false,false,0,0.0,en,no,false,false,1790293331,2026-09-24 23:42:11,2026-09-25 07:42:11,dramastop7,stepmom,false,false,12,1,"[""tiktok_stepmomincharge8-10.jsonl""]"
7689287738735051521,7687400012866768161,,,false,tofudora,Primo,false,,,,,0,true,true,false,true,false,false,0,1,false,false,false,false,0,0.0,un,,,true,1790301835,2026-09-25 02:03:55,2026-09-25 10:03:55,dramastop7,stepmom,false,false,12,1,"[""tiktok_stepmomincharge8-10.jsonl""]"
7689765638637716244,7687400012866768161,,,false,munkie906,Zizi mabena,false,love this plus wife size,love this plus wife size,love this plus wife size,love this plus wife size,24,false,false,false,false,false,false,1,1,false,false,false,false,2,1.0986,en,en,true,false,1790413092,2026-09-26 08:58:12,2026-09-26 16:58:12,dramastop7,stepmom,false,false,12,1,"[""tiktok_stepmomincharge8-10.jsonl""]"
7689771313104519956,7687400012866768161,,,false,volumeup57,Allyourlyrics🔥,false,it looks like Ai,it looks like ai,it looks like ai,it looks like ai,16,false,false,false,false,false,false,1,2,false,false,false,false,0,0.0,en,et,false,false,1790414422,2026-09-26 09:20:22,2026-09-26 17:20:22,dramastop7,stepmom,false,false,12,1,"[""tiktok_stepmomincharge8-10.jsonl""]"
7689780401888363297,7687400012866768161,7689771313104519956,it looks like Ai,true,lassyhere,Lassy 🐝🫧🩷,false,cause it is,cause it is,cause it is,cause it is,11,false,false,false,false,false,false,1,2,false,false,false,false,4,1.6094,en,en,true,false,1790416550,2026-09-26 09:55:50,2026-09-26 17:55:50,dramastop7,stepmom,false,false,12,1,"[""tiktok_stepmomincharge8-10.jsonl""]"
7690106015027512071,7687400012866768161,7687899747778200340,But I like her thick body ,true,hajiaadizapapabi,360photobooth and Deco🐼❤️,false,Same here,same here,same here,same here,9,false,false,false,false,false,false,1,1,false,false,false,false,0,0.0,en,da,false,false,1790492348,2026-09-27 06:59:08,2026-09-27 14:59:08,dramastop7,stepmom,false,false,12,1,"[""tiktok_stepmomincharge8-10.jsonl""]"
7690120243542033159,7687400012866768161,,,false,user9354268629475,user9354268629475,false,,,,,0,true,true,false,true,false,false,0,1,false,false,false,false,0,0.0,un,,,true,1790495655,2026-09-27 07:54:15,2026-09-27 15:54:15,dramastop7,stepmom,false,false,12,1,"[""tiktok_stepmomincharge8-10.jsonl""]"
7690172158960059143,7687400012866768161,,,false,fleurii._,herxnfsha,false,@,@,@,@,1,false,false,false,true,false,false,0,1,false,false,false,false,0,0.0,un,,,true,1790507750,2026-09-27 11:15:50,2026-09-27 19:15:50,dramastop7,stepmom,false,false,12,1,"[""tiktok_stepmomincharge8-10.jsonl""]"
7690287735747478303,7687400012866768161,7689771313104519956,it looks like Ai,true,ashley.lamarre,ashleylamarre1,false,"you're kidding, right?","you're kidding, right?","you're kidding, right?","you're kidding, right?",22,false,false,false,false,false,false,1,2,false,false,false,false,0,0.0,en,af,false,false,1790534663,2026-09-27 18:44:23,2026-09-28 02:44:23,dramastop7,stepmom,false,false,12,1,"[""tiktok_stepmomincharge8-10.jsonl""]"
7690369801261400840,7687400012866768161,,,false,abbyc766,🤔🤨,false,[Heartwarming][Heartwarming][Heartwarming],[heartwarming][heartwarming][heartwarming],[heartwarming][heartwarming][heartwarming],[heartwarming][heartwarming][heartwarming],42,false,false,false,false,false,false,1,1,false,false,false,false,0,0.0,en,en,true,false,1790553783,2026-09-28 00:03:03,2026-09-28 08:03:03,dramastop7,stepmom,false,false,12,1,"[""tiktok_stepmomincharge8-10.jsonl""]"
7687409274473562900,7687407796731530528,,,false,nowimnew,🍒,false,next pls,next pls,next pls,next pls,8,false,false,false,false,false,false,1,1,false,false,false,false,15,2.7726,en,fr,false,false,1789864474,2026-09-20 00:34:34,2026-09-20 08:34:34,dramastop7,stepmom,false,false,13,1,"[""tiktok_stepmomincharge11-14.jsonl""]"
7687435404768740103,7687407796731530528,,,false,misssheart0000,Hawtie,false,Neexttt,neext,neext,neext,7,false,false,false,false,false,false,1,1,false,false,false,false,4,1.6094,en,en,true,false,1789870546,2026-09-20 02:15:46,2026-09-20 10:15:46,dramastop7,stepmom,false,false,13,1,"[""tiktok_stepmomincharge11-14.jsonl""]"
7687435619622683409,7687407796731530528,,,false,snoorainmasaid,S Noor Ain Masaid 🍉♥️♿️,false,this is good.someone tag me once the next episode uploaded,this is good.someone tag me once the next episode uploaded,this is good.someone tag me once the next episode uploaded,this is good.someone tag me once the next episode uploaded,58,false,false,false,false,false,false,1,1,false,false,false,false,66,4.2047,en,en,true,false,1789870604,2026-09-20 02:16:44,2026-09-20 10:16:44,dramastop7,stepmom,false,false,13,1,"[""tiktok_stepmomincharge11-14.jsonl""]"
7687436712616100626,7687407796731530528,,,false,tirednasabuhay,sam ◡̈,false,i love it!!!! next plssss,i love it!!!! next pls,i love it!!!! next pls,i love it!!!! next pls,25,false,false,false,false,false,false,1,1,false,false,false,false,5,1.7918,en,ca,false,false,1789870851,2026-09-20 02:20:51,2026-09-20 10:20:51,dramastop7,stepmom,false,false,13,1,"[""tiktok_stepmomincharge11-14.jsonl""]"
7687460201713468168,7687407796731530528,,,false,versatile452,Versatile Fabonted,false,next,next,next,next,4,false,false,false,false,false,false,1,1,false,false,false,false,0,0.0,en,cs,false,false,1789876327,2026-09-20 03:52:07,2026-09-20 11:52:07,dramastop7,stepmom,false,false,13,1,"[""tiktok_stepmomincharge11-14.jsonl""]"
7687460259878830856,7687407796731530528,,,false,thelaura.com,Thelaura.com 🍏,false,Like me so I always on here. Tq an advance ,like me so i always on here. tq an advance,like me so i always on here. tq an advance,like me so i always on here. tq an advance,42,false,false,false,false,false,false,1,1,false,false,false,false,0,0.0,en,en,true,false,1789876333,2026-09-20 03:52:13,2026-09-20 11:52:13,dramastop7,stepmom,false,false,13,1,"[""tiktok_stepmomincharge11-14.jsonl""]"
7687461033888580373,7687407796731530528,,,false,user1616832692038,Robina,false,next please,next please,next please,next please,11,false,false,false,false,false,false,1,1,false,false,false,false,0,0.0,en,en,true,false,1789876526,2026-09-20 03:55:26,2026-09-20 11:55:26,dramastop7,stepmom,false,false,13,1,"[""tiktok_stepmomincharge11-14.jsonl""]"
7687462415596569365,7687407796731530528,,,false,cookie_xx__,Cookie_xx__❤️,false,Next ,next,next,next,4,false,false,false,false,false,false,1,1,false,false,false,false,0,0.0,en,cs,false,false,1789876842,2026-09-20 04:00:42,2026-09-20 12:00:42,dramastop7,stepmom,false,false,13,1,"[""tiktok_stepmomincharge11-14.jsonl""]"
7687465198869349141,7687407796731530528,,,false,pamelaruff2710,Pamela Ruff,false,Next please,next please,next please,next please,11,false,false,false,false,false,false,1,1,false,false,false,false,0,0.0,en,en,true,false,1789877480,2026-09-20 04:11:20,2026-09-20 12:11:20,dramastop7,stepmom,false,false,13,1,"[""tiktok_stepmomincharge11-14.jsonl""]"
7687466188180554517,7687407796731530528,,,false,rm.agustin3,Rm Agustin,false,Next please,next please,next please,next please,11,false,false,false,false,false,false,1,1,false,false,false,false,0,0.0,en,en,true,false,1789877722,2026-09-20 04:15:22,2026-09-20 12:15:22,dramastop7,stepmom,false,false,13,1,"[""tiktok_stepmomincharge11-14.jsonl""]"
7687467146876093202,7687407796731530528,,,false,jacqueline.chin2,Jacqueline Chin,false,@,@,@,@,1,false,false,false,true,false,false,0,1,false,false,false,false,0,0.0,un,,,true,1789877939,2026-09-20 04:18:59,2026-09-20 12:18:59,dramastop7,stepmom,false,false,13,1,"[""tiktok_stepmomincharge11-14.jsonl""]"
7687467734900671239,7687407796731530528,,,false,shaeyzu_,𝔰,false,@,@,@,@,1,false,false,false,true,false,false,0,1,false,false,false,false,0,0.0,un,,,true,1789878075,2026-09-20 04:21:15,2026-09-20 12:21:15,dramastop7,stepmom,false,false,13,1,"[""tiktok_stepmomincharge11-14.jsonl""]"
7687468074753245970,7687407796731530528,,,false,ivyn.mp3,Ivy,false,tag me on the next eps,tag me on the next eps,tag me on the next eps,tag me on the next eps,22,false,false,false,false,false,false,1,1,false,false,false,false,0,0.0,en,en,true,false,1789878159,2026-09-20 04:22:39,2026-09-20 12:22:39,dramastop7,stepmom,false,false,13,1,"[""tiktok_stepmomincharge11-14.jsonl""]"
7687470742031663879,7687407796731530528,,,false,user1220606593527,Bless,false,next,next,next,next,4,false,false,false,false,false,false,1,1,false,false,false,false,0,0.0,en,cs,false,false,1789878772,2026-09-20 04:32:52,2026-09-20 12:32:52,dramastop7,stepmom,false,false,13,1,"[""tiktok_stepmomincharge11-14.jsonl""]"
7687470857425814293,7687407796731530528,,,false,nomzy037,user3804281473927,false,next,next,next,next,4,false,false,false,false,false,false,1,1,false,false,false,false,0,0.0,en,cs,false,false,1789879020,2026-09-20 04:37:00,2026-09-20 12:37:00,dramastop7,stepmom,false,false,13,1,"[""tiktok_stepmomincharge11-14.jsonl""]"
7687472306960630546,7687407796731530528,,,false,kezazeh,Maxi,false,Next please,next please,next please,next please,11,false,false,false,false,false,false,1,1,false,false,false,false,0,0.0,en,en,true,false,1789879137,2026-09-20 04:38:57,2026-09-20 12:38:57,dramastop7,stepmom,false,false,13,1,"[""tiktok_stepmomincharge11-14.jsonl""]"
7687474850373763857,7687407796731530528,,,false,sandra.official.8,Sandra,false,someone bring me back when it's complete,someone bring me back when it's complete,someone bring me back when it's complete,someone bring me back when it's complete,40,false,false,false,false,false,false,1,1,false,false,false,false,12,2.5649,en,en,true,false,1789879733,2026-09-20 04:48:53,2026-09-20 12:48:53,dramastop7,stepmom,false,false,13,1,"[""tiktok_stepmomincharge11-14.jsonl""]"
7687476136180597512,7687407796731530528,,,false,priiitiple,Priiitiple,false,Where is the next episode???,where is the next episode???,where is the next episode???,where is the next episode???,28,false,false,true,false,false,false,1,1,false,false,false,false,10,2.3979,en,en,true,false,1789880035,2026-09-20 04:53:55,2026-09-20 12:53:55,dramastop7,stepmom,false,false,13,1,"[""tiktok_stepmomincharge11-14.jsonl""]"
7687477533093511944,7687407796731530528,,,false,thrivingking1,Noraquern ElishaElijah🇿🇲🇨🇩,false,next please,next please,next please,next please,11,false,false,false,false,false,false,1,1,false,false,false,false,0,0.0,en,en,true,false,1789880364,2026-09-20 04:59:24,2026-09-20 12:59:24,dramastop7,stepmom,false,false,13,1,"[""tiktok_stepmomincharge11-14.jsonl""]"
7687481766836486913,7687407796731530528,,,false,timaglow,Teemah🦋❤️,false,Nextttt,next,next,next,7,false,false,false,false,false,false,1,1,false,false,false,false,0,0.0,en,cs,false,false,1789881362,2026-09-20 05:16:02,2026-09-20 13:16:02,dramastop7,stepmom,false,false,13,1,"[""tiktok_stepmomincharge11-14.jsonl""]"
7687505206238626561,7687407796731530528,,,false,ms_syrii,syrii,false,bring me back pls,bring me back pls,bring me back pls,bring me back pls,17,false,false,false,false,false,false,1,1,false,false,false,false,108,4.6913,en,en,true,false,1789886798,2026-09-20 06:46:38,2026-09-20 14:46:38,dramastop7,stepmom,false,false,13,1,"[""tiktok_stepmomincharge11-14.jsonl""]"
7687507337620423444,7687407796731530528,7687505206238626561,bring me back pls,true,ciploqstaqqqqqqq,𖤓,false,,,,,0,true,true,false,true,false,false,0,1,false,false,false,false,1,0.6931,un,,,true,1789887304,2026-09-20 06:55:04,2026-09-20 14:55:04,dramastop7,stepmom,false,false,13,1,"[""tiktok_stepmomincharge11-14.jsonl""]"
7687507662678229767,7687407796731530528,,,false,de.real.uju,De real uju,false,Bring me back,bring me back,bring me back,bring me back,13,false,false,false,false,false,false,1,1,false,false,false,false,1,0.6931,en,en,true,false,1789887371,2026-09-20 06:56:11,2026-09-20 14:56:11,dramastop7,stepmom,false,false,13,1,"[""tiktok_stepmomincharge11-14.jsonl""]"
7687512999229408008,7687407796731530528,,,false,mw.maka6,mw maka 💝💖,false,,,,,0,true,true,false,true,false,false,0,1,false,false,false,false,0,0.0,un,,,true,1789888615,2026-09-20 07:16:55,2026-09-20 15:16:55,dramastop7,stepmom,false,false,13,1,"[""tiktok_stepmomincharge11-14.jsonl""]"
7687581051908047624,7687407796731530528,,,false,khaldoon_petah,khaldoon_petah!,false,H,h,h,h,1,false,false,false,true,false,false,1,1,false,false,false,false,0,0.0,fr,,,true,1789904450,2026-09-20 11:40:50,2026-09-20 19:40:50,dramastop7,stepmom,false,false,13,1,"[""tiktok_stepmomincharge11-14.jsonl""]"
7687586408274150166,7687407796731530528,7687476136180597512,Where is the next episode???,true,raccoonfeeder,T 🦄,false,Click on the profile,click on the profile,click on the profile,click on the profile,20,false,false,false,false,false,false,1,1,false,false,false,false,0,0.0,en,en,true,false,1789905720,2026-09-20 12:02:00,2026-09-20 20:02:00,dramastop7,stepmom,false,false,13,1,"[""tiktok_stepmomincharge11-14.jsonl""]"
7687609848943362837,7687407796731530528,,,false,lawrenciakwaa,Lawrenciakwaa,false,Next part,next part,next part,next part,9,false,false,false,false,false,false,1,1,false,false,false,false,0,0.0,en,fr,false,false,1789911164,2026-09-20 13:32:44,2026-09-20 21:32:44,dramastop7,stepmom,false,false,13,1,"[""tiktok_stepmomincharge11-14.jsonl""]"
7687616347806679815,7687407796731530528,,,false,yatihayatigojes,Norul Beauty HQ,false,yg kat majlis tu kan. mulut puaka si laki nya,yg kat majlis tu kan. mulut puaka si laki nya,yg kat majlis tu kan. mulut puaka si laki nya,yg kat majlis tu kan. mulut puaka si laki nya,45,false,false,false,false,false,false,1,2,false,false,false,false,0,0.0,ms,id,false,false,1789912669,2026-09-20 13:57:49,2026-09-20 21:57:49,dramastop7,stepmom,false,false,13,1,"[""tiktok_stepmomincharge11-14.jsonl""]"
7687675720969519890,7687407796731530528,,,false,maigen48,MaiGen,false,Bring me back please,bring me back please,bring me back please,bring me back please,20,false,false,false,false,false,false,1,2,false,false,false,false,22,3.1355,en,en,true,false,1789926498,2026-09-20 17:48:18,2026-09-21 01:48:18,dramastop7,stepmom,false,false,13,1,"[""tiktok_stepmomincharge11-14.jsonl""]"
7687682613953643272,7687407796731530528,,,false,cherryybloom_00,🍑,false,bring me back please,bring me back please,bring me back please,bring me back please,20,false,false,false,false,false,false,1,1,false,false,false,false,25,3.2581,en,en,true,false,1789928104,2026-09-20 18:15:04,2026-09-21 02:15:04,dramastop7,stepmom,false,false,13,1,"[""tiktok_stepmomincharge11-14.jsonl""]"
7687726577228727060,7687407796731530528,,,false,minajesty60,minajesty98,false,Someone please bring me back,someone please bring me back,someone please bring me back,someone please bring me back,28,false,false,false,false,false,false,1,1,false,false,false,false,216,5.3799,en,en,true,false,1789938355,2026-09-20 21:05:55,2026-09-21 05:05:55,dramastop7,stepmom,false,false,13,1,"[""tiktok_stepmomincharge11-14.jsonl""]"
7687780141061128980,7687407796731530528,,,false,zesstronomy,29,false,Thank you,thank you,thank you,thank you,9,false,false,false,false,false,false,1,1,false,false,false,false,0,0.0,en,en,true,false,1789950820,2026-09-21 00:33:40,2026-09-21 08:33:40,dramastop7,stepmom,false,false,13,1,"[""tiktok_stepmomincharge11-14.jsonl""]"
7687794139954348821,7687407796731530528,7687726577228727060,Someone please bring me back,true,felicity23h,F🫧🇿🇦🇸🇬,false,Come back,come back,come back,come back,9,false,false,false,false,false,false,2,2,false,false,false,false,4,1.6094,en,en,true,false,1789954082,2026-09-21 01:28:02,2026-09-21 09:28:02,dramastop7,stepmom,false,false,13,1,"[""tiktok_stepmomincharge11-14.jsonl""]"
7687794220124324629,7687407796731530528,7687435404768740103,Neexttt,true,felicity23h,F🫧🇿🇦🇸🇬,false,Come back,come back,come back,come back,9,false,false,false,false,false,false,2,2,false,false,false,false,1,0.6931,en,en,true,false,1789954103,2026-09-21 01:28:23,2026-09-21 09:28:23,dramastop7,stepmom,false,false,13,1,"[""tiktok_stepmomincharge11-14.jsonl""]"
7687942189176259335,7687407796731530528,,,false,izzy_b1998,Izabella🌸,false,,,,,0,true,true,false,true,false,false,0,1,false,false,false,false,0,0.0,un,,,true,1789988546,2026-09-21 11:02:26,2026-09-21 19:02:26,dramastop7,stepmom,false,false,13,1,"[""tiktok_stepmomincharge11-14.jsonl""]"
7687959714756444935,7687407796731530528,,,false,sheroi.0,Sheroi🌱,false,,,,,0,true,true,false,true,false,false,0,1,false,false,false,false,0,0.0,un,,,true,1789992622,2026-09-21 12:10:22,2026-09-21 20:10:22,dramastop7,stepmom,false,false,13,1,"[""tiktok_stepmomincharge11-14.jsonl""]"
7687976425634530062,7687407796731530528,,,false,buotlagi,Zenaida Barrete,false,,,,,0,true,true,false,true,false,false,0,1,false,false,false,false,0,0.0,un,,,true,1789996543,2026-09-21 13:15:43,2026-09-21 21:15:43,dramastop7,stepmom,false,false,13,1,"[""tiktok_stepmomincharge11-14.jsonl""]"
7688007121056809736,7687407796731530528,,,false,adiartanugraha,ANP🌱,false,,,,,0,true,true,false,true,false,false,0,1,false,false,false,false,0,0.0,un,,,true,1790003653,2026-09-21 15:14:13,2026-09-21 23:14:13,dramastop7,stepmom,false,false,13,1,"[""tiktok_stepmomincharge11-14.jsonl""]"
7688056183761175310,7687407796731530528,7687726577228727060,Someone please bring me back,true,yar3m1,yare 🦢,false,Yohoho com back,yohoho com back,yohoho com back,yohoho com back,15,false,false,false,false,false,false,1,1,false,false,false,false,3,1.3863,en,en,true,false,1790015125,2026-09-21 18:25:25,2026-09-22 02:25:25,dramastop7,stepmom,false,false,13,1,"[""tiktok_stepmomincharge11-14.jsonl""]"
7688070023852049169,7687407796731530528,7687726577228727060,Someone please bring me back,true,ofoegbudoris,Chika Ofoegbu,false,,,,,0,true,true,false,true,false,false,0,1,false,false,false,false,3,1.3863,un,,,true,1790018303,2026-09-21 19:18:23,2026-09-22 03:18:23,dramastop7,stepmom,false,false,13,1,"[""tiktok_stepmomincharge11-14.jsonl""]"
7688100872400077576,7687407796731530528,,,false,obaayaahanni1,obaayaahanni1,false,I'm here,i'm here,i'm here,i'm here,8,false,false,false,false,false,false,1,1,false,false,false,false,0,0.0,en,da,false,false,1790025492,2026-09-21 21:18:12,2026-09-22 05:18:12,dramastop7,stepmom,false,false,13,1,"[""tiktok_stepmomincharge11-14.jsonl""]"
7688113807256257287,7687407796731530528,,,false,tylaaa08,moon 🌷🫧,false,yeayy finally i found the full version,yeayy finally i found the full version,yeayy finally i found the full version,yeayy finally i found the full version,38,false,false,false,false,false,false,1,2,false,false,false,false,963,6.8711,en,en,true,false,1790028512,2026-09-21 22:08:32,2026-09-22 06:08:32,dramastop7,stepmom,false,false,13,1,"[""tiktok_stepmomincharge11-14.jsonl""]"
7688145795694379808,7687407796731530528,7687726577228727060,Someone please bring me back,true,bdrn61,61B A H A R 🌸,false,Come back,come back,come back,come back,9,false,false,false,false,false,false,2,2,false,false,false,false,1,0.6931,en,en,true,false,1790036045,2026-09-22 00:14:05,2026-09-22 08:14:05,dramastop7,stepmom,false,false,13,1,"[""tiktok_stepmomincharge11-14.jsonl""]"
7688147032829526816,7687407796731530528,7687675720969519890,Bring me back please,true,bdrn61,61B A H A R 🌸,false,Come back,come back,come back,come back,9,false,false,false,false,false,false,2,2,false,false,false,false,0,0.0,en,en,true,false,1790036328,2026-09-22 00:18:48,2026-09-22 08:18:48,dramastop7,stepmom,false,false,13,1,"[""tiktok_stepmomincharge11-14.jsonl""]"
7688232360144700168,7687407796731530528,,,false,qinesther0,qinesther,false,came from Instagram ,came from instagram,came from instagram,came from instagram,19,false,false,false,false,false,false,1,1,false,false,false,false,17,2.8904,en,en,true,false,1790056114,2026-09-22 05:48:34,2026-09-22 13:48:34,dramastop7,stepmom,false,false,13,1,"[""tiktok_stepmomincharge11-14.jsonl""]"
7688270413851968287,7687407796731530528,,,false,angel_juicy07,angel_juicy07,false,I’m from Instagram ,i’m from instagram,i’m from instagram,i’m from instagram,18,false,false,false,false,false,false,1,1,false,false,false,false,1,0.6931,en,sv,false,false,1790065072,2026-09-22 08:17:52,2026-09-22 16:17:52,dramastop7,stepmom,false,false,13,1,"[""tiktok_stepmomincharge11-14.jsonl""]"
7688284976849961746,7687407796731530528,7688113807256257287,yeayy finally i found the full version,true,hunhanfavgirl,hunhan lover  ૮ ․ ․ ྀིა,false,SAMEEEE,same,same,same,7,false,false,false,false,false,false,1,1,false,false,false,false,3,1.3863,en,tl,false,false,1790068361,2026-09-22 09:12:41,2026-09-22 17:12:41,dramastop7,stepmom,false,false,13,1,"[""tiktok_stepmomincharge11-14.jsonl""]"
7688301756480930578,7687407796731530528,,,false,clock830,Recos,false,I love the way she was ,i love the way she was,i love the way she was,i love the way she was,22,false,false,false,false,false,false,1,1,false,false,false,false,244,5.5013,en,en,true,false,1790072261,2026-09-22 10:17:41,2026-09-22 18:17:41,dramastop7,stepmom,false,false,13,1,"[""tiktok_stepmomincharge11-14.jsonl""]"
7688357549011682079,7687407796731530528,,,false,sierrawilliams821,sierrawilliams821,false,meeeeee,me,me,me,7,false,false,false,false,false,false,1,1,false,false,false,false,0,0.0,en,,,true,1790085274,2026-09-22 13:54:34,2026-09-22 21:54:34,dramastop7,stepmom,false,false,13,1,"[""tiktok_stepmomincharge11-14.jsonl""]"
7688380322434122516,7687407796731530528,,,false,anointed..star,AnointedStar🌟,false,Came from Facebook,came from facebook,came from facebook,came from facebook,18,false,false,false,false,false,false,1,1,false,false,false,false,0,0.0,en,en,true,false,1790090548,2026-09-22 15:22:28,2026-09-22 23:22:28,dramastop7,stepmom,false,false,13,1,"[""tiktok_stepmomincharge11-14.jsonl""]"
7688404278524625672,7687407796731530528,,,false,maxxauhijau,MAMAYO,false,7,7,7,7,1,false,false,false,true,false,false,1,1,false,false,false,false,0,0.0,un,,,true,1790096131,2026-09-22 16:55:31,2026-09-23 00:55:31,dramastop7,stepmom,false,false,13,1,"[""tiktok_stepmomincharge11-14.jsonl""]"
7688449509601477390,7687407796731530528,,,false,binarytrimble,nykól,false,"Demahto, Dematou. I’m crine ","demahto, dematou. i’m crine","demahto, dematou. i’m crine","demahto, dematou. i’m crine",27,false,false,false,false,false,false,1,1,false,false,false,false,3,1.3863,fr,pt,false,false,1790106686,2026-09-22 19:51:26,2026-09-23 03:51:26,dramastop7,stepmom,false,false,13,1,"[""tiktok_stepmomincharge11-14.jsonl""]"
7688465341836395295,7687407796731530528,,,false,cdeshea955,cdeshea955,false,"First of all, hate that YET AGAIN, they made the thick girl skinny. Secondly, THE FAT MAN CALLING HER FAT?????? And why tf the daddy stand there and let his big ass talk crazy to his son that way?!","first of all, hate that yet again, they made the thick girl skinny. secondly, the fat man calling her fat?????? and why tf the daddy stand there and let his big ass talk crazy to his son that way?!","first of all, hate that yet again, they made the thick girl skinny. secondly, the fat man calling her fat?????? and why tf the daddy stand there and let his big ass talk crazy to his son that way?!","first of all, hate that yet again, they made the thick girl skinny. secondly, the fat man calling her fat?????? and why tf the daddy stand there and let his big ass talk crazy to his son that way?!",197,false,false,true,false,false,false,1,1,false,false,false,false,0,0.0,en,en,true,false,1790110368,2026-09-22 20:52:48,2026-09-23 04:52:48,dramastop7,stepmom,false,false,13,1,"[""tiktok_stepmomincharge11-14.jsonl""]"
7688487978248028936,7687407796731530528,,,false,tylaaa08,moon 🌷🫧,false,guys see,guys see,guys see,guys see,8,false,false,false,false,false,false,1,2,false,false,false,false,0,0.0,en,af,false,false,1790115637,2026-09-22 22:20:37,2026-09-23 06:20:37,dramastop7,stepmom,false,false,13,1,"[""tiktok_stepmomincharge11-14.jsonl""]"
7688528910221148935,7687407796731530528,,,false,put.7ri,💐ناءيمي,false,yeayy finally i found the full version,yeayy finally i found the full version,yeayy finally i found the full version,yeayy finally i found the full version,38,false,false,false,false,false,false,1,1,false,false,false,false,2,1.0986,en,en,true,false,1790125161,2026-09-23 00:59:21,2026-09-23 08:59:21,dramastop7,stepmom,false,false,13,1,"[""tiktok_stepmomincharge11-14.jsonl""]"
7688574328661082901,7687407796731530528,,,false,macschewnie,𑣲𝓶,false,his dad is so useless omg,his dad is so useless omg,his dad is so useless omg,his dad is so useless omg,25,false,false,false,false,false,false,1,1,false,false,false,false,0,0.0,en,en,true,false,1790135727,2026-09-23 03:55:27,2026-09-23 11:55:27,dramastop7,stepmom,false,false,13,1,"[""tiktok_stepmomincharge11-14.jsonl""]"
7688581337868026645,7687407796731530528,7688301756480930578,I love the way she was ,true,jolie46910,Joan🎀,false,me too,me too,me too,me too,6,false,false,false,false,false,false,1,1,false,false,false,false,10,2.3979,en,en,true,false,1790137364,2026-09-23 04:22:44,2026-09-23 12:22:44,dramastop7,stepmom,false,false,13,1,"[""tiktok_stepmomincharge11-14.jsonl""]"
7688671569522606900,7687407796731530528,,,false,maab_005,maab,false, فتشت المسلسل تفتيش ,فتشت المسلسل تفتيش,فتشت المسلسل تفتيش,فتشت المسلسل تفتيش,18,false,false,false,false,false,false,0,1,false,false,false,false,0,0.0,ar,ar,true,false,1790158366,2026-09-23 10:12:46,2026-09-23 18:12:46,dramastop7,stepmom,false,false,13,1,"[""tiktok_stepmomincharge11-14.jsonl""]"
7688691681462485780,7687407796731530528,,,false,vimbainashepetronella,Vimbainashe Petronella,false,,,,,0,true,true,false,true,false,false,0,1,false,false,false,false,0,0.0,un,,,true,1790163050,2026-09-23 11:30:50,2026-09-23 19:30:50,dramastop7,stepmom,false,false,13,1,"[""tiktok_stepmomincharge11-14.jsonl""]"
7688692189711172372,7687407796731530528,,,false,pezzybabby2,Pezzybabby🩷,false,"I finally found it here in tiktok, anyone coming from Facebook","i finally found it here in tiktok, anyone coming from facebook","i finally found it here in tiktok, anyone coming from facebook","i finally found it here in tiktok, anyone coming from facebook",62,false,false,false,false,false,false,1,1,false,false,false,false,0,0.0,en,en,true,false,1790163166,2026-09-23 11:32:46,2026-09-23 19:32:46,dramastop7,stepmom,false,false,13,1,"[""tiktok_stepmomincharge11-14.jsonl""]"
7688703918645658369,7687407796731530528,,,false,sanah.nia,sanah nia,false,,,,,0,true,true,false,true,false,false,0,1,false,false,false,false,0,0.0,un,,,true,1790165895,2026-09-23 12:18:15,2026-09-23 20:18:15,dramastop7,stepmom,false,false,13,1,"[""tiktok_stepmomincharge11-14.jsonl""]"
7688706094160986932,7687407796731530528,,,false,sawwrahh,sawwrahh,false,where's part 15-20,where's part 15-20,where's part 15-20,where's part 15-20,18,false,false,false,false,false,false,1,1,false,false,false,false,7,2.0794,en,en,true,false,1790166408,2026-09-23 12:26:48,2026-09-23 20:26:48,dramastop7,stepmom,false,false,13,1,"[""tiktok_stepmomincharge11-14.jsonl""]"
7688711101929407253,7687407796731530528,,,false,itsrnchl,Rnchl,false,15-20?,15-20?,15-20?,15-20?,6,false,false,false,false,false,false,1,1,false,false,false,false,0,0.0,un,,,true,1790167565,2026-09-23 12:46:05,2026-09-23 20:46:05,dramastop7,stepmom,false,false,13,1,"[""tiktok_stepmomincharge11-14.jsonl""]"
7688713646692844306,7687407796731530528,,,false,loveletteeeer,M,false,,,,,0,true,true,false,true,false,false,0,1,false,false,false,false,0,0.0,un,,,true,1790168158,2026-09-23 12:55:58,2026-09-23 20:55:58,dramastop7,stepmom,false,false,13,1,"[""tiktok_stepmomincharge11-14.jsonl""]"
7688734248895677197,7687407796731530528,,,false,breezybri790,Brianna,false,It’s not full missing episodes 15-24,it’s not full missing episodes 15-24,it’s not full missing episodes 15-24,it’s not full missing episodes 15-24,36,false,false,false,false,false,false,1,1,false,false,false,false,10,2.3979,en,en,true,false,1790173010,2026-09-23 14:16:50,2026-09-23 22:16:50,dramastop7,stepmom,false,false,13,1,"[""tiktok_stepmomincharge11-14.jsonl""]"
7688743782868026113,7687407796731530528,,,false,ladyechebeauty,ladyechebeauty,false,where's 15_20?,where's 15_20?,where's 15_20?,where's 15_20?,14,false,false,false,false,false,false,1,1,false,false,false,false,0,0.0,en,en,true,false,1790175181,2026-09-23 14:53:01,2026-09-23 22:53:01,dramastop7,stepmom,false,false,13,1,"[""tiktok_stepmomincharge11-14.jsonl""]"
7688755125729035014,7687407796731530528,,,false,faasamcollection1,Faasamcollection1,false,❤️❤️❤️,❤️❤️❤️,:red_heart::red_heart::red_heart:,:red_heart::red_heart::red_heart:,0,false,false,false,true,false,false,0,1,false,false,false,false,0,0.0,un,,,true,1790177829,2026-09-23 15:37:09,2026-09-23 23:37:09,dramastop7,stepmom,false,false,13,1,"[""tiktok_stepmomincharge11-14.jsonl""]"
7688756394024436481,7687407796731530528,,,false,mikky8013,mikky,false,there's no episode 15,there's no episode 15,there's no episode 15,there's no episode 15,21,false,false,false,false,false,false,1,1,false,false,false,false,5,1.7918,en,en,true,false,1790178116,2026-09-23 15:41:56,2026-09-23 23:41:56,dramastop7,stepmom,false,false,13,1,"[""tiktok_stepmomincharge11-14.jsonl""]"
7688784332354700050,7687407796731530528,,,false,otshrng,tsrng gyln,false,,,,,0,true,true,false,true,false,false,0,1,false,false,false,false,0,0.0,un,,,true,1790184625,2026-09-23 17:30:25,2026-09-24 01:30:25,dramastop7,stepmom,false,false,13,1,"[""tiktok_stepmomincharge11-14.jsonl""]"
7688790409069658888,7687407796731530528,7687682613953643272,bring me back please,true,lady.spart,Lady Spart,false,come back,come back,come back,come back,9,false,false,false,false,false,false,1,1,false,false,false,false,0,0.0,en,en,true,false,1790186030,2026-09-23 17:53:50,2026-09-24 01:53:50,dramastop7,stepmom,false,false,13,1,"[""tiktok_stepmomincharge11-14.jsonl""]"
7688808859662287634,7687407796731530528,7688301756480930578,I love the way she was ,true,i_am_mary01,M💓A😍R💖Y💕,false,same here ooo wetin be this,same here o wetin be this,same here o wetin be this,same here o wetin be this,27,false,false,false,false,false,false,1,1,false,false,false,false,1,0.6931,en,en,true,false,1790190333,2026-09-23 19:05:33,2026-09-24 03:05:33,dramastop7,stepmom,false,false,13,1,"[""tiktok_stepmomincharge11-14.jsonl""]"
7688863365494014727,7687407796731530528,,,false,mix.eb,Mix,false,,,,,0,true,true,false,true,false,false,0,1,false,false,false,false,0,0.0,un,,,true,1790203045,2026-09-23 22:37:25,2026-09-24 06:37:25,dramastop7,stepmom,false,false,13,1,"[""tiktok_stepmomincharge11-14.jsonl""]"
7688880306514625281,7687407796731530528,,,false,alydumpu,yzay,false,,,,,0,true,true,false,true,false,false,0,1,false,false,false,false,0,0.0,un,,,true,1790206983,2026-09-23 23:43:03,2026-09-24 07:43:03,dramastop7,stepmom,false,false,13,1,"[""tiktok_stepmomincharge11-14.jsonl""]"
7688896542015570710,7687407796731530528,,,false,heidimadelein,Heidi Madeleine,false,Where is the rest of the episode after 14??? Can’t find it plz help,where is the rest of the episode after 14??? can’t find it plz help,where is the rest of the episode after 14??? can’t find it plz help,where is the rest of the episode after 14??? can’t find it plz help,67,false,false,true,false,false,false,1,1,false,false,false,false,0,0.0,en,en,true,false,1790210932,2026-09-24 00:48:52,2026-09-24 08:48:52,dramastop7,stepmom,false,false,13,1,"[""tiktok_stepmomincharge11-14.jsonl""]"
7688942265759269653,7687407796731530528,,,false,the_real_diva_shan,shan🖤,false,came from instagram they wanted me to pay,came from instagram they wanted me to pay,came from instagram they wanted me to pay,came from instagram they wanted me to pay,41,false,false,false,false,false,false,1,1,false,false,false,false,3,1.3863,en,en,true,false,1790221396,2026-09-24 03:43:16,2026-09-24 11:43:16,dramastop7,stepmom,false,false,13,1,"[""tiktok_stepmomincharge11-14.jsonl""]"
7688983340384846613,7687407796731530528,,,false,jaimemanalo22,Jaime👨‍✈️💙,false,,,,,0,true,true,false,true,false,false,0,1,false,false,false,false,0,0.0,un,,,true,1790230960,2026-09-24 06:22:40,2026-09-24 14:22:40,dramastop7,stepmom,false,false,13,1,"[""tiktok_stepmomincharge11-14.jsonl""]"
7689022596344382230,7687407796731530528,,,false,girlie2527,Girlie,false,,,,,0,true,true,false,true,false,false,0,1,false,false,false,false,0,0.0,un,,,true,1790240143,2026-09-24 08:55:43,2026-09-24 16:55:43,dramastop7,stepmom,false,false,13,1,"[""tiktok_stepmomincharge11-14.jsonl""]"
7689039866159678215,7687407796731530528,,,false,careyendurance,Simáre 🪡✂️,false,from ig,from ig,from ig,from ig,7,false,false,false,false,false,false,1,1,false,false,false,false,0,0.0,en,no,false,false,1790244108,2026-09-24 10:01:48,2026-09-24 18:01:48,dramastop7,stepmom,false,false,13,1,"[""tiktok_stepmomincharge11-14.jsonl""]"
7689129461593588500,7687407796731530528,,,false,chozin5304,Yewongma 💫⭐,false,,,,,0,true,true,false,true,false,false,0,1,false,false,false,false,0,0.0,un,,,true,1790264974,2026-09-24 15:49:34,2026-09-24 23:49:34,dramastop7,stepmom,false,false,13,1,"[""tiktok_stepmomincharge11-14.jsonl""]"
7689175571103793927,7687407796731530528,,,false,marjorie.avcas,Marjo,false,el burro hablando de orejas [Lágrimas de alegría],el burro hablando de orejas [lágrimas de alegría],el burro hablando de orejas [lágrimas de alegría],el burro hablando de orejas [lágrimas de alegría],49,false,false,false,false,false,false,1,1,false,false,false,false,0,0.0,es,es,true,false,1790275706,2026-09-24 18:48:26,2026-09-25 02:48:26,dramastop7,stepmom,false,false,13,1,"[""tiktok_stepmomincharge11-14.jsonl""]"
7689193693697295126,7687407796731530528,7688232360144700168,came from Instagram ,true,esmeraldaqueen51,Arizona,false,Me too❤️❤️❤️,me too❤️❤️❤️,me too:red_heart::red_heart::red_heart:,me too:red_heart::red_heart::red_heart:,6,false,false,false,false,false,false,1,1,false,false,false,false,1,0.6931,en,en,true,false,1790279931,2026-09-24 19:58:51,2026-09-25 03:58:51,dramastop7,stepmom,false,false,13,1,"[""tiktok_stepmomincharge11-14.jsonl""]"
7689293087197954829,7687407796731530528,,,false,fyamya76,fyamya76,false,same,same,same,same,4,false,false,false,false,false,false,1,1,false,false,false,false,1,0.6931,en,tl,false,false,1790303104,2026-09-25 02:25:04,2026-09-25 10:25:04,dramastop7,stepmom,false,false,13,1,"[""tiktok_stepmomincharge11-14.jsonl""]"
7689297076660372255,7687407796731530528,7688232360144700168,came from Instagram ,true,gizzogigi,Itzz-Gizzo,false,Me too,me too,me too,me too,6,false,false,false,false,false,false,1,1,false,false,false,false,1,0.6931,en,en,true,false,1790304013,2026-09-25 02:40:13,2026-09-25 10:40:13,dramastop7,stepmom,false,false,13,1,"[""tiktok_stepmomincharge11-14.jsonl""]"
7689301913254494997,7687407796731530528,,,false,coff33d4te,av,false,Came from fb ahahahha finally found it,came from fb ahahahha finally found it,came from fb ahahahha finally found it,came from fb ahahahha finally found it,38,false,false,false,false,false,false,1,1,false,false,false,false,37,3.6376,en,en,true,false,1790305130,2026-09-25 02:58:50,2026-09-25 10:58:50,dramastop7,stepmom,false,false,13,1,"[""tiktok_stepmomincharge11-14.jsonl""]"
7689369553358848788,7687407796731530528,7689301913254494997,Came from fb ahahahha finally found it,true,jaerimie,jae_❤️,false,me too,me too,me too,me too,6,false,false,false,false,false,false,1,1,false,false,false,false,1,0.6931,en,en,true,false,1790320886,2026-09-25 07:21:26,2026-09-25 15:21:26,dramastop7,stepmom,false,false,13,1,"[""tiktok_stepmomincharge11-14.jsonl""]"
7689483988863419158,7687407796731530528,7688232360144700168,came from Instagram ,true,ni02na5,ni02na,false,yep,yep,yep,yep,3,false,false,false,false,false,false,1,1,false,false,false,false,2,1.0986,en,,,true,1790347534,2026-09-25 14:45:34,2026-09-25 22:45:34,dramastop7,stepmom,false,false,13,1,"[""tiktok_stepmomincharge11-14.jsonl""]"
7689657366317925138,7687407796731530528,,,false,joanaqui,JMCQ,false,I came from Facebook hahahha,i came from facebook hahahha,i came from facebook hahahha,i came from facebook hahahha,28,false,false,false,false,false,false,1,1,false,false,false,false,1,0.6931,en,en,true,false,1790387896,2026-09-26 01:58:16,2026-09-26 09:58:16,dramastop7,stepmom,false,false,13,1,"[""tiktok_stepmomincharge11-14.jsonl""]"
7689753940720206610,7687407796731530528,,,false,watahi_99,Terry🫢,false,I finally found it ,i finally found it,i finally found it,i finally found it,18,false,false,false,false,false,false,1,2,false,false,false,false,1,0.6931,en,en,true,false,1790410375,2026-09-26 08:12:55,2026-09-26 16:12:55,dramastop7,stepmom,false,false,13,1,"[""tiktok_stepmomincharge11-14.jsonl""]"
7689807295081759508,7687407796731530528,7687505206238626561,bring me back pls,true,shudu88,shudu♡💋☆!!,false,come back,come back,come back,come back,9,false,false,false,false,false,false,1,1,false,false,false,false,2,1.0986,en,en,true,false,1790422800,2026-09-26 11:40:00,2026-09-26 19:40:00,dramastop7,stepmom,false,false,13,1,"[""tiktok_stepmomincharge11-14.jsonl""]"
7689812013214073607,7687407796731530528,7688113807256257287,yeayy finally i found the full version,true,cikpuanbesar,CikPuanAzza,false,Yeahhhh,yeah,yeah,yeah,7,false,false,false,false,false,false,1,1,false,false,false,false,0,0.0,en,tr,false,false,1790423891,2026-09-26 11:58:11,2026-09-26 19:58:11,dramastop7,stepmom,false,false,13,1,"[""tiktok_stepmomincharge11-14.jsonl""]"
7689813118411637536,7687407796731530528,,,false,suzmeo,Σ SigmaSounds,false,Adrian Tomatoe,adrian tomatoe,adrian tomatoe,adrian tomatoe,14,false,false,false,false,false,false,1,1,false,false,false,false,0,0.0,en,it,false,false,1790424162,2026-09-26 12:02:42,2026-09-26 20:02:42,dramastop7,stepmom,false,false,13,1,"[""tiktok_stepmomincharge11-14.jsonl""]"
7689847062754689800,7687407796731530528,,,false,jellah.mae.paquir,Jellah🇵🇭,false,Hays nakita Kona din full version,hays nakita kona din full version,hays nakita kona din full version,hays nakita kona din full version,33,false,false,false,false,false,false,1,1,false,false,false,false,2,1.0986,tl,af,false,false,1790432053,2026-09-26 14:14:13,2026-09-26 22:14:13,dramastop7,stepmom,false,false,13,1,"[""tiktok_stepmomincharge11-14.jsonl""]"
7689874465727857428,7687407796731530528,,,false,sitinur1180,sitinur1180,false,where is the next part? it skip 1 part onto epi 2+,where is the next part? it skip 1 part onto epi 2+,where is the next part? it skip 1 part onto epi 2+,where is the next part? it skip 1 part onto epi 2+,50,false,false,false,false,false,false,1,1,false,false,false,false,0,0.0,en,en,true,false,1790438435,2026-09-26 16:00:35,2026-09-27 00:00:35,dramastop7,stepmom,false,false,13,1,"[""tiktok_stepmomincharge11-14.jsonl""]"
7689877305354765064,7687407796731530528,,,false,queenbecca_225,Queen Becca ❤️_ IIXX⁶,false,all the way from Facebook  I knew I will see it here ,all the way from facebook i knew i will see it here,all the way from facebook i knew i will see it here,all the way from facebook i knew i will see it here,51,false,false,false,false,false,false,1,1,false,false,false,false,0,0.0,en,en,true,false,1790439088,2026-09-26 16:11:28,2026-09-27 00:11:28,dramastop7,stepmom,false,false,13,1,"[""tiktok_stepmomincharge11-14.jsonl""]"
7690006844383511303,7687407796731530528,,,false,yizhanfan316,yizhanfan316,false,count me,count me,count me,count me,8,false,false,false,false,false,false,1,1,false,false,false,false,0,0.0,en,en,true,false,1790469268,2026-09-27 00:34:28,2026-09-27 08:34:28,dramastop7,stepmom,false,false,13,1,"[""tiktok_stepmomincharge11-14.jsonl""]"
7690007635202392852,7687407796731530528,7688301756480930578,I love the way she was ,true,sindikeitumbambo,🌻Smommy 🌻,false,Same here,same here,same here,same here,9,false,false,false,false,false,false,1,1,false,false,false,false,2,1.0986,en,da,false,false,1790469453,2026-09-27 00:37:33,2026-09-27 08:37:33,dramastop7,stepmom,false,false,13,1,"[""tiktok_stepmomincharge11-14.jsonl""]"
7690032120299848449,7687407796731530528,7687726577228727060,Someone please bring me back,true,jamjammyy20,JamJam 🤍,false,gurl get yo ass in hereeeee,gurl get yo ass in here,gurl get yo ass in here,gurl get yo ass in here,27,false,false,false,false,false,false,1,1,false,false,false,false,0,0.0,en,nl,false,false,1790475181,2026-09-27 02:13:01,2026-09-27 10:13:01,dramastop7,stepmom,false,false,13,1,"[""tiktok_stepmomincharge11-14.jsonl""]"
7690101546185442066,7687407796731530528,7688301756480930578,I love the way she was ,true,mwichekaputo,Mwiche 🦋🦋,false,Me too ,me too,me too,me too,6,false,false,false,false,false,false,1,1,false,false,false,false,2,1.0986,en,en,true,false,1790491313,2026-09-27 06:41:53,2026-09-27 14:41:53,dramastop7,stepmom,false,false,13,1,"[""tiktok_stepmomincharge11-14.jsonl""]"
7690216415199167250,7687407796731530528,7688301756480930578,I love the way she was ,true,_kaykay_dn,Kay..🖤✨,false,Me too,me too,me too,me too,6,false,false,false,false,false,false,1,1,false,false,false,false,0,0.0,en,en,true,false,1790518052,2026-09-27 14:07:32,2026-09-27 22:07:32,dramastop7,stepmom,false,false,13,1,"[""tiktok_stepmomincharge11-14.jsonl""]"
7690827477404680981,7687407796731530528,,,false,nandz05,She-Queen,false,Like Adrian's calmness,like adrian's calmness,like adrian's calmness,like adrian's calmness,22,false,false,false,false,false,false,1,2,false,false,false,false,0,0.0,en,id,false,false,1790660326,2026-09-29 05:38:46,2026-09-29 13:38:46,dramastop7,stepmom,false,false,13,1,"[""tiktok_stepmomincharge11-14.jsonl""]"
7691387331404743431,7687407796731530528,,,false,francinemumba42,Bubbles ✨🫪🙂‍↕️,false,came from Instagram ,came from instagram,came from instagram,came from instagram,19,false,false,false,false,false,false,1,2,false,false,false,false,0,0.0,en,en,true,false,1790790864,2026-09-30 17:54:24,2026-10-01 01:54:24,dramastop7,stepmom,false,false,13,1,"[""tiktok_stepmomincharge11-14.jsonl""]"
7687518550685008660,7687509802456534305,,,false,its.dibez,its.dibez,false,Omg tyy soo much for posting more of itplease continue with it,omg tyy soo much for posting more of itplease continue with it,omg tyy soo much for posting more of itplease continue with it,omg tyy soo much for posting more of itplease continue with it,62,false,false,false,false,false,false,1,1,false,false,false,false,86,4.4659,en,en,true,false,1789889915,2026-09-20 07:38:35,2026-09-20 15:38:35,dramastop7,stepmom,false,false,14,1,"[""tiktok_stepmomincharge15-20.jsonl""]"
7687520032477299457,7687509802456534305,,,false,sheila.asedua,Shelyshant,false,Next am waiting ,next am waiting,next am waiting,next am waiting,15,false,false,false,false,false,false,1,1,false,false,false,false,3,1.3863,en,en,true,false,1789890256,2026-09-20 07:44:16,2026-09-20 15:44:16,dramastop7,stepmom,false,false,14,1,"[""tiktok_stepmomincharge15-20.jsonl""]"
7687525743207596820,7687509802456534305,,,false,mamothobi.matlabe,Mamothobi Matlabe,false,please do the next part,please do the next part,please do the next part,please do the next part,23,false,false,false,false,false,false,1,1,false,false,false,false,10,2.3979,en,en,true,false,1789891591,2026-09-20 08:06:31,2026-09-20 16:06:31,dramastop7,stepmom,false,false,14,1,"[""tiktok_stepmomincharge15-20.jsonl""]"
7687546553459999496,7687509802456534305,,,false,adrieljnr,Gweth,false,mr.tomato,mr.tomato,mr.tomato,mr.tomato,9,false,false,false,false,false,false,1,1,false,false,false,false,1,0.6931,en,it,false,false,1789896550,2026-09-20 09:29:10,2026-09-20 17:29:10,dramastop7,stepmom,false,false,14,1,"[""tiktok_stepmomincharge15-20.jsonl""]"
7687585829845369608,7687509802456534305,,,false,miamorkitana,ᖭི༏ᖫྀ,false,thank you for posting this,thank you for posting this,thank you for posting this,thank you for posting this,26,false,false,false,false,false,false,1,1,false,false,false,false,15,2.7726,en,en,true,false,1789905566,2026-09-20 11:59:26,2026-09-20 19:59:26,dramastop7,stepmom,false,false,14,1,"[""tiktok_stepmomincharge15-20.jsonl""]"
7687605323830379282,7687509802456534305,,,false,liz_charles,Neziswa,false,Now this I would definitely pay for,now this i would definitely pay for,now this i would definitely pay for,now this i would definitely pay for,35,false,false,false,false,false,false,1,2,false,false,false,false,42,3.7612,en,en,true,false,1789910106,2026-09-20 13:15:06,2026-09-20 21:15:06,dramastop7,stepmom,false,false,14,1,"[""tiktok_stepmomincharge15-20.jsonl""]"
7687637215715459848,7687509802456534305,,,false,vaby.ness,✨Vaby Ness✨,false,,,,,0,true,true,false,true,false,false,0,1,false,false,false,false,0,0.0,un,,,true,1789917529,2026-09-20 15:18:49,2026-09-20 23:18:49,dramastop7,stepmom,false,false,14,1,"[""tiktok_stepmomincharge15-20.jsonl""]"
7687668463842460434,7687509802456534305,,,false,nashe1021,Ndini Thabiso Wacho,false,"Coming from Facebook, there’s no episode after this","coming from facebook, there’s no episode after this","coming from facebook, there’s no episode after this","coming from facebook, there’s no episode after this",51,false,false,false,false,false,false,1,1,false,false,false,false,231,5.4467,en,en,true,false,1789924809,2026-09-20 17:20:09,2026-09-21 01:20:09,dramastop7,stepmom,false,false,14,1,"[""tiktok_stepmomincharge15-20.jsonl""]"
7687680608370361096,7687509802456534305,,,false,ltkfashionhub,FASHION DESIGNER IN AKOBO/OFFA,false,Am coming back ooo pls next,am coming back o pls next,am coming back o pls next,am coming back o pls next,27,false,false,false,false,false,false,1,1,false,false,false,false,3,1.3863,en,en,true,false,1789927644,2026-09-20 18:07:24,2026-09-21 02:07:24,dramastop7,stepmom,false,false,14,1,"[""tiktok_stepmomincharge15-20.jsonl""]"
7687680891317125906,7687509802456534305,7687668463842460434,"Coming from Facebook, there’s no episode after this",true,spiffybea,Spiffyvibes,false,Same here but try using episode then you are good to go,same here but try using episode then you are good to go,same here but try using episode then you are good to go,same here but try using episode then you are good to go,55,false,false,false,false,false,false,1,2,false,false,false,false,6,1.9459,en,en,true,false,1789927701,2026-09-20 18:08:21,2026-09-21 02:08:21,dramastop7,stepmom,false,false,14,1,"[""tiktok_stepmomincharge15-20.jsonl""]"
7687687257595872020,7687509802456534305,,,false,user2177366037073,user2177366037073,false,,,,,0,true,true,false,true,false,false,0,1,false,false,false,false,0,0.0,un,,,true,1789929187,2026-09-20 18:33:07,2026-09-21 02:33:07,dramastop7,stepmom,false,false,14,1,"[""tiktok_stepmomincharge15-20.jsonl""]"
7687720739856499473,7687509802456534305,7687668463842460434,"Coming from Facebook, there’s no episode after this",true,user7qab8vl1hs,MaDeyi🌸❤️,false,Same,same,same,same,4,false,false,false,false,false,false,1,1,false,false,false,false,0,0.0,en,tl,false,false,1789936988,2026-09-20 20:43:08,2026-09-21 04:43:08,dramastop7,stepmom,false,false,14,1,"[""tiktok_stepmomincharge15-20.jsonl""]"
7687759160864047890,7687509802456534305,,,false,ladysagittarius_82,Matahari 🌼,false,coming from FB ,coming from fb,coming from fb,coming from fb,14,false,false,false,false,false,false,1,1,false,false,false,false,1,0.6931,en,en,true,false,1789945945,2026-09-20 23:12:25,2026-09-21 07:12:25,dramastop7,stepmom,false,false,14,1,"[""tiktok_stepmomincharge15-20.jsonl""]"
7687758560343802642,7687509802456534305,,,false,user4166009550437,user4166009550437,false,evil aunt why treating your brother's children as orphans,evil aunt why treating your brother's children as orphans,evil aunt why treating your brother's children as orphans,evil aunt why treating your brother's children as orphans,57,false,false,false,false,false,false,1,2,false,false,false,false,0,0.0,en,en,true,false,1789946019,2026-09-20 23:13:39,2026-09-21 07:13:39,dramastop7,stepmom,false,false,14,1,"[""tiktok_stepmomincharge15-20.jsonl""]"
7687799907788702465,7687509802456534305,7687668463842460434,"Coming from Facebook, there’s no episode after this",true,celeb_brity_lawyer,😘Queen_vee💐🌴,false,There is. I’ve watched till the end,there is. i’ve watched till the end,there is. i’ve watched till the end,there is. i’ve watched till the end,35,false,false,false,false,false,false,1,1,false,false,false,false,1,0.6931,en,en,true,false,1789955422,2026-09-21 01:50:22,2026-09-21 09:50:22,dramastop7,stepmom,false,false,14,1,"[""tiktok_stepmomincharge15-20.jsonl""]"
7687816730937459487,7687509802456534305,,,false,abi.bbyxo,abi.bbyxo,false,Please why is this actually so goodd,please why is this actually so goodd,please why is this actually so goodd,please why is this actually so goodd,36,false,false,false,false,false,false,1,1,false,false,false,false,62,4.1431,en,en,true,false,1789959379,2026-09-21 02:56:19,2026-09-21 10:56:19,dramastop7,stepmom,false,false,14,1,"[""tiktok_stepmomincharge15-20.jsonl""]"
7687840758304555794,7687509802456534305,,,false,mimiwendy00,mimiwendy,false,Ok I came from Facebook to watch the rest here,ok i came from facebook to watch the rest here,ok i came from facebook to watch the rest here,ok i came from facebook to watch the rest here,46,false,false,false,false,false,false,1,1,false,false,false,false,1442,7.2745,en,en,true,false,1789964925,2026-09-21 04:28:45,2026-09-21 12:28:45,dramastop7,stepmom,false,false,14,1,"[""tiktok_stepmomincharge15-20.jsonl""]"
7687858953551610645,7687509802456534305,,,false,bostondontcare,chachamaruko,false,,,,,0,true,true,false,true,false,false,0,1,false,false,false,false,0,0.0,un,,,true,1789969163,2026-09-21 05:39:23,2026-09-21 13:39:23,dramastop7,stepmom,false,false,14,1,"[""tiktok_stepmomincharge15-20.jsonl""]"
7687876883451495175,7687509802456534305,,,false,oluseun13,Treasure🧕🎀🌸,false,,,,,0,true,true,false,true,false,false,0,1,false,false,false,false,0,0.0,un,,,true,1789973335,2026-09-21 06:48:55,2026-09-21 14:48:55,dramastop7,stepmom,false,false,14,1,"[""tiktok_stepmomincharge15-20.jsonl""]"
7687891442034950930,7687509802456534305,7687840758304555794,Ok I came from Facebook to watch the rest here,true,authiliaauteraper,Autera,false,Me too ,me too,me too,me too,6,false,false,false,false,false,false,1,1,false,false,false,false,2,1.0986,en,en,true,false,1789976723,2026-09-21 07:45:23,2026-09-21 15:45:23,dramastop7,stepmom,false,false,14,1,"[""tiktok_stepmomincharge15-20.jsonl""]"
7687897411926278920,7687509802456534305,,,false,_aminaabbatahir_,Amna_01,false,Coming from instagram!,coming from instagram!,coming from instagram!,coming from instagram!,22,false,false,false,false,false,false,1,1,false,false,false,false,5,1.7918,en,en,true,false,1789978112,2026-09-21 08:08:32,2026-09-21 16:08:32,dramastop7,stepmom,false,false,14,1,"[""tiktok_stepmomincharge15-20.jsonl""]"
7687929791454462737,7687509802456534305,,,false,user7970343130564,ElRichy 47,false,U fail as a father sha,u fail as a father sha,u fail as a father sha,u fail as a father sha,22,false,false,false,false,false,false,1,1,false,false,false,false,0,0.0,en,en,true,false,1789985654,2026-09-21 10:14:14,2026-09-21 18:14:14,dramastop7,stepmom,false,false,14,1,"[""tiktok_stepmomincharge15-20.jsonl""]"
7687948335114961680,7687509802456534305,7687668463842460434,"Coming from Facebook, there’s no episode after this",true,percephone_04,Miss Mabasa👩‍🏫,false,Where,where,where,where,5,false,false,false,false,false,false,1,1,false,false,false,false,0,0.0,en,en,true,false,1789989986,2026-09-21 11:26:26,2026-09-21 19:26:26,dramastop7,stepmom,false,false,14,1,"[""tiktok_stepmomincharge15-20.jsonl""]"
7687967240859550482,7687509802456534305,7687840758304555794,Ok I came from Facebook to watch the rest here,true,raetrendydeals,Raetrendydeals,false,Twin ,twin,twin,twin,4,false,false,false,false,false,false,1,1,false,false,false,false,3,1.3863,en,pl,false,false,1789994372,2026-09-21 12:39:32,2026-09-21 20:39:32,dramastop7,stepmom,false,false,14,1,"[""tiktok_stepmomincharge15-20.jsonl""]"
7687975472604889874,7687509802456534305,,,false,babygirlbakes,Sunshine💜,false,"lool, i came from facebook. i can’t believe im saying this.","lool, i came from facebook. i can’t believe im saying this.","lool, i came from facebook. i can’t believe im saying this.","lool, i came from facebook. i can’t believe im saying this.",59,false,false,false,false,false,false,1,1,false,false,false,false,4,1.6094,en,en,true,false,1789996288,2026-09-21 13:11:28,2026-09-21 21:11:28,dramastop7,stepmom,false,false,14,1,"[""tiktok_stepmomincharge15-20.jsonl""]"
7687979202591523615,7687509802456534305,7687668463842460434,"Coming from Facebook, there’s no episode after this",true,desiilanaeee,deseray.,false,it is now,it is now,it is now,it is now,9,false,false,false,false,false,false,1,1,false,false,false,false,0,0.0,en,en,true,false,1789997248,2026-09-21 13:27:28,2026-09-21 21:27:28,dramastop7,stepmom,false,false,14,1,"[""tiktok_stepmomincharge15-20.jsonl""]"
7688004055368467213,7687509802456534305,7687840758304555794,Ok I came from Facebook to watch the rest here,true,rosi8e,Rosie 😍,false,Same ,same,same,same,4,false,false,false,false,false,false,1,1,false,false,false,false,3,1.3863,en,tl,false,false,1790002956,2026-09-21 15:02:36,2026-09-21 23:02:36,dramastop7,stepmom,false,false,14,1,"[""tiktok_stepmomincharge15-20.jsonl""]"
7688034226729485069,7687509802456534305,,,false,lavenderosee93,Lavender_Rose,false,I came from instagram bc I knew TikTok would have it  but AURORA!!!? That’s my gworllll,i came from instagram bc i knew tiktok would have it but aurora!!!? that’s my gworl,i came from instagram bc i knew tiktok would have it but aurora!!!? that’s my gworl,i came from instagram bc i knew tiktok would have it but aurora!!!? that’s my gworl,86,false,false,false,false,false,false,1,1,false,false,false,false,153,5.037,en,en,true,false,1790009984,2026-09-21 16:59:44,2026-09-22 00:59:44,dramastop7,stepmom,false,false,14,1,"[""tiktok_stepmomincharge15-20.jsonl""]"
7688076415460639506,7687509802456534305,7688034226729485069,I came from instagram bc I knew TikTok would have it  but AURORA!!!? That’s my gworllll,true,lizzysamuel06,Abbey❤️❤️,false,"Same here, had to run to TikTok ","same here, had to run to tiktok","same here, had to run to tiktok","same here, had to run to tiktok",31,false,false,false,false,false,false,1,1,false,false,false,false,4,1.6094,en,no,false,false,1790019800,2026-09-21 19:43:20,2026-09-22 03:43:20,dramastop7,stepmom,false,false,14,1,"[""tiktok_stepmomincharge15-20.jsonl""]"
7688093806965588749,7687509802456534305,,,false,mrs.brown860,Mrs Brown,false,bytch im take my child word over anyone's word ~ I dont give a dam if we blood ~ you did them dam kids wrong,bytch im take my child word over anyone's word ~ i dont give a dam if we blood ~ you did them dam kids wrong,bytch im take my child word over anyone's word ~ i dont give a dam if we blood ~ you did them dam kids wrong,bytch im take my child word over anyone's word ~ i dont give a dam if we blood ~ you did them dam kids wrong,108,false,false,false,false,false,false,1,2,false,false,false,false,0,0.0,en,en,true,false,1790023857,2026-09-21 20:50:57,2026-09-22 04:50:57,dramastop7,stepmom,false,false,14,1,"[""tiktok_stepmomincharge15-20.jsonl""]"
7688110154327409425,7687509802456534305,,,false,ibrant.ng,iBrant Skincare,false,Came from instagram,came from instagram,came from instagram,came from instagram,19,false,false,false,false,false,false,1,1,false,false,false,false,0,0.0,en,en,true,false,1790027654,2026-09-21 21:54:14,2026-09-22 05:54:14,dramastop7,stepmom,false,false,14,1,"[""tiktok_stepmomincharge15-20.jsonl""]"
7688166432722895647,7687509802456534305,,,false,theblushingmomma,Anna,false,"Mr. Demato, Mr. tomato  , DeMarco…. Whatever works","mr. demato, mr. tomato , demarco…. whatever works","mr. demato, mr. tomato , demarco…. whatever works","mr. demato, mr. tomato , demarco…. whatever works",49,false,false,false,false,false,false,1,2,false,false,false,false,632,6.4505,en,en,true,false,1790040762,2026-09-22 01:32:42,2026-09-22 09:32:42,dramastop7,stepmom,false,false,14,1,"[""tiktok_stepmomincharge15-20.jsonl""]"
7688172343390274318,7687509802456534305,7688166432722895647,"Mr. Demato, Mr. tomato  , DeMarco…. Whatever works",true,yexy1721,🇵🇦👽Yexenia🍄🧚‍♀️,false,Lets not forget Mrs. Demomo....,lets not forget mrs. demomo....,lets not forget mrs. demomo....,lets not forget mrs. demomo....,31,false,false,false,false,false,false,1,1,false,false,false,false,51,3.9512,en,no,false,false,1790042140,2026-09-22 01:55:40,2026-09-22 09:55:40,dramastop7,stepmom,false,false,14,1,"[""tiktok_stepmomincharge15-20.jsonl""]"
7688173620674478855,7687509802456534305,,,false,aainiabdullah_,AINI,false,,,,,0,true,true,false,true,false,false,0,1,false,false,false,false,0,0.0,un,,,true,1790042436,2026-09-22 02:00:36,2026-09-22 10:00:36,dramastop7,stepmom,false,false,14,1,"[""tiktok_stepmomincharge15-20.jsonl""]"
7688207172808082189,7687509802456534305,,,false,tayrenmill,taylor renee👑,false,no way i’m tuned in like this. ,no way i’m tuned in like this.,no way i’m tuned in like this.,no way i’m tuned in like this.,30,false,false,false,false,false,false,1,1,false,false,false,false,4,1.6094,en,en,true,false,1790050266,2026-09-22 04:11:06,2026-09-22 12:11:06,dramastop7,stepmom,false,false,14,1,"[""tiktok_stepmomincharge15-20.jsonl""]"
7688224426928472846,7687509802456534305,,,false,nyasiabibbins,nyasiabibbins,false,B,b,b,b,1,false,false,false,true,false,false,1,1,false,false,false,false,0,0.0,km,,,true,1790054314,2026-09-22 05:18:34,2026-09-22 13:18:34,dramastop7,stepmom,false,false,14,1,"[""tiktok_stepmomincharge15-20.jsonl""]"
7688307179229348616,7687509802456534305,7688166432722895647,"Mr. Demato, Mr. tomato  , DeMarco…. Whatever works",true,toots.percent,TooTs PT,false,and Mr. Demono. everything except the actual name. lol.,and mr. demono. everything except the actual name. lol.,and mr. demono. everything except the actual name. lol.,and mr. demono. everything except the actual name. lol.,55,false,false,false,false,false,false,1,1,false,false,false,false,21,3.091,en,en,true,false,1790073524,2026-09-22 10:38:44,2026-09-22 18:38:44,dramastop7,stepmom,false,false,14,1,"[""tiktok_stepmomincharge15-20.jsonl""]"
7688324771902604053,7687509802456534305,,,false,cuteaseeglam,Aseeya🥰🥰🥰🥰🥰,false,guys I felt for lieo[Snicker][Snicker][Snicker][Snicker],guys i felt for lieo[snicker][snicker][snicker][snicker],guys i felt for lieo[snicker][snicker][snicker][snicker],guys i felt for lieo[snicker][snicker][snicker][snicker],56,false,false,false,false,false,false,1,1,false,false,false,false,0,0.0,en,sv,false,false,1790077622,2026-09-22 11:47:02,2026-09-22 19:47:02,dramastop7,stepmom,false,false,14,1,"[""tiktok_stepmomincharge15-20.jsonl""]"
7688332661878850317,7687509802456534305,,,false,keyyyhivee,KiKi💛✨🌻,false,I like how she let them talk and didn’t get in the convo,i like how she let them talk and didn’t get in the convo,i like how she let them talk and didn’t get in the convo,i like how she let them talk and didn’t get in the convo,56,false,false,false,false,false,false,1,1,false,false,false,false,2,1.0986,en,en,true,false,1790079554,2026-09-22 12:19:14,2026-09-22 20:19:14,dramastop7,stepmom,false,false,14,1,"[""tiktok_stepmomincharge15-20.jsonl""]"
7688359743785829127,7687509802456534305,7687668463842460434,"Coming from Facebook, there’s no episode after this",true,spiffybea,Spiffyvibes,false,Okay then,okay then,okay then,okay then,9,false,false,false,false,false,false,1,2,false,false,false,false,0,0.0,en,en,true,false,1790085756,2026-09-22 14:02:36,2026-09-22 22:02:36,dramastop7,stepmom,false,false,14,1,"[""tiktok_stepmomincharge15-20.jsonl""]"
7688369987778609934,7687509802456534305,,,false,mrlovalova08,Mr lovalova,false,Stop I came from fb but I liked her more when she was a little bigger ,stop i came from fb but i liked her more when she was a little bigger,stop i came from fb but i liked her more when she was a little bigger,stop i came from fb but i liked her more when she was a little bigger,69,false,false,false,false,false,false,1,1,false,false,false,false,0,0.0,en,en,true,false,1790088209,2026-09-22 14:43:29,2026-09-22 22:43:29,dramastop7,stepmom,false,false,14,1,"[""tiktok_stepmomincharge15-20.jsonl""]"
7688377021982311199,7687509802456534305,,,false,heart2h3art,sleepnsnacks,false,he lost his accent ,he lost his accent,he lost his accent,he lost his accent,18,false,false,false,false,false,false,1,1,false,false,false,false,0,0.0,en,en,true,false,1790089810,2026-09-22 15:10:10,2026-09-22 23:10:10,dramastop7,stepmom,false,false,14,1,"[""tiktok_stepmomincharge15-20.jsonl""]"
7688389115377369876,7687509802456534305,,,false,void_.sk,𝔖𝔎_𝔄𝔩𝔭𝔥𝔞💰👽,false,I came from instagram,i came from instagram,i came from instagram,i came from instagram,21,false,false,false,false,false,false,1,1,false,false,false,false,1,0.6931,en,ca,false,false,1790092599,2026-09-22 15:56:39,2026-09-22 23:56:39,dramastop7,stepmom,false,false,14,1,"[""tiktok_stepmomincharge15-20.jsonl""]"
7688458968889361170,7687509802456534305,,,false,shizzo8,Niza Chitalu Chanda,false,Came from facebook this is really good,came from facebook this is really good,came from facebook this is really good,came from facebook this is really good,38,false,false,false,false,false,false,1,1,false,false,false,false,9,2.3026,en,en,true,false,1790108867,2026-09-22 20:27:47,2026-09-23 04:27:47,dramastop7,stepmom,false,false,14,1,"[""tiktok_stepmomincharge15-20.jsonl""]"
7688464168773157653,7687509802456534305,7688458968889361170,Came from facebook this is really good,true,berthamulenga4,BeBe,false,same here,same here,same here,same here,9,false,false,false,false,false,false,1,1,false,false,false,false,0,0.0,en,da,false,false,1790110081,2026-09-22 20:48:01,2026-09-23 04:48:01,dramastop7,stepmom,false,false,14,1,"[""tiktok_stepmomincharge15-20.jsonl""]"
7688465729675084562,7687509802456534305,,,false,seamoonday,sea,false,Öp,öp,öp,öp,2,false,false,false,true,false,false,1,1,false,false,false,false,0,0.0,tr,,,true,1790110439,2026-09-22 20:53:59,2026-09-23 04:53:59,dramastop7,stepmom,false,false,14,1,"[""tiktok_stepmomincharge15-20.jsonl""]"
7688472158212965121,7687509802456534305,7688458968889361170,Came from facebook this is really good,true,royalqueenglory,ID noble,false,We plenty ooo,we plenty o,we plenty o,we plenty o,13,false,false,false,false,false,false,1,1,false,false,false,false,0,0.0,en,en,true,false,1790111959,2026-09-22 21:19:19,2026-09-23 05:19:19,dramastop7,stepmom,false,false,14,1,"[""tiktok_stepmomincharge15-20.jsonl""]"
7688492544108397320,7687509802456534305,,,false,hesley37,A m a n d a,false,"@pll
.",.,.,.,6,false,false,false,false,false,false,0,1,true,false,false,false,0,0.0,en,,,true,1790116698,2026-09-22 22:38:18,2026-09-23 06:38:18,dramastop7,stepmom,false,false,14,1,"[""tiktok_stepmomincharge15-20.jsonl""]"
7688601008800400129,7687509802456534305,,,false,yetty_stiches__,YETTY Stitches 🪡✂️,false,,,,,0,true,true,false,true,false,false,0,2,false,false,false,false,0,0.0,un,,,true,1790141933,2026-09-23 05:38:53,2026-09-23 13:38:53,dramastop7,stepmom,false,false,14,1,"[""tiktok_stepmomincharge15-20.jsonl""]"
7688647313023435541,7687509802456534305,7688166432722895647,"Mr. Demato, Mr. tomato  , DeMarco…. Whatever works",true,burstofdopamine,burstofdopamine,false,Thats exactly what I saying!!,thats exactly what i saying!!,thats exactly what i saying!!,thats exactly what i saying!!,29,false,false,false,false,false,false,1,1,false,false,false,false,2,1.0986,en,en,true,false,1790152714,2026-09-23 08:38:34,2026-09-23 16:38:34,dramastop7,stepmom,false,false,14,1,"[""tiktok_stepmomincharge15-20.jsonl""]"
7688651700571702036,7687509802456534305,,,false,rinka.efz,Rinka Efz,false,leo gtg bgt anjayy,leo gtg bgt anjayy,leo gtg bgt anjayy,leo gtg bgt anjayy,18,false,false,false,false,false,false,1,1,false,false,false,false,0,0.0,id,tl,false,false,1790153738,2026-09-23 08:55:38,2026-09-23 16:55:38,dramastop7,stepmom,false,false,14,1,"[""tiktok_stepmomincharge15-20.jsonl""]"
7689013981177152278,7687509802456534305,,,false,gaia16262,Gaia,false,,,,,0,true,true,false,true,false,false,0,1,false,false,false,false,0,0.0,un,,,true,1790238161,2026-09-24 08:22:41,2026-09-24 16:22:41,dramastop7,stepmom,false,false,14,1,"[""tiktok_stepmomincharge15-20.jsonl""]"
7689029601871512321,7687509802456534305,,,false,home_alive1,Home alive,false,Straight from instagram,straight from instagram,straight from instagram,straight from instagram,23,false,false,false,false,false,false,1,1,false,false,false,false,3,1.3863,en,en,true,false,1790241722,2026-09-24 09:22:02,2026-09-24 17:22:02,dramastop7,stepmom,false,false,14,1,"[""tiktok_stepmomincharge15-20.jsonl""]"
7689098634318611252,7687509802456534305,,,false,_elynjack,_elynjack,false,she reminds me of Anniza.. Plus size but sexy PSMen lady .,she reminds me of anniza.. plus size but sexy psmen lady .,she reminds me of anniza.. plus size but sexy psmen lady .,she reminds me of anniza.. plus size but sexy psmen lady .,58,false,false,false,false,false,false,1,1,false,false,false,false,0,0.0,en,en,true,false,1790257792,2026-09-24 13:49:52,2026-09-24 21:49:52,dramastop7,stepmom,false,false,14,1,"[""tiktok_stepmomincharge15-20.jsonl""]"
7689150409731212050,7687509802456534305,,,false,dessy02871,dessy,false,,,,,0,true,true,false,true,false,false,0,1,false,false,false,false,0,0.0,un,,,true,1790269855,2026-09-24 17:10:55,2026-09-25 01:10:55,dramastop7,stepmom,false,false,14,1,"[""tiktok_stepmomincharge15-20.jsonl""]"
7689290342001181460,7687509802456534305,,,false,putashium0002,Klier,false,,,,,0,true,true,false,true,false,false,0,1,false,false,false,false,0,0.0,un,,,true,1790302455,2026-09-25 02:14:15,2026-09-25 10:14:15,dramastop7,stepmom,false,false,14,1,"[""tiktok_stepmomincharge15-20.jsonl""]"
7689303614191731477,7687509802456534305,,,false,alexandrite66,Yella👽,false,ninjijnkm,ninjijnkm,ninjijnkm,ninjijnkm,9,false,false,false,false,false,false,1,1,false,false,false,false,0,0.0,ja,hr,false,false,1790305526,2026-09-25 03:05:26,2026-09-25 11:05:26,dramastop7,stepmom,false,false,14,1,"[""tiktok_stepmomincharge15-20.jsonl""]"
7689364433412702982,7687509802456534305,,,false,smilepolar03,꧁♡𝑯𝒆𝒓♡꧂♀️🍭,false,I started it on Facebook came to finish it here,i started it on facebook came to finish it here,i started it on facebook came to finish it here,i started it on facebook came to finish it here,47,false,false,false,false,false,false,1,2,false,false,false,false,4,1.6094,en,en,true,false,1790319686,2026-09-25 07:01:26,2026-09-25 15:01:26,dramastop7,stepmom,false,false,14,1,"[""tiktok_stepmomincharge15-20.jsonl""]"
7689365568101204754,7687509802456534305,7689364433412702982,I started it on Facebook came to finish it here,true,pearlyshell950,Pearl,false,me too! I'm so happy when I see it here in full,me too! i'm so happy when i see it here in full,me too! i'm so happy when i see it here in full,me too! i'm so happy when i see it here in full,47,false,false,false,false,false,false,1,1,false,false,false,false,2,1.0986,en,en,true,false,1790319951,2026-09-25 07:05:51,2026-09-25 15:05:51,dramastop7,stepmom,false,false,14,1,"[""tiktok_stepmomincharge15-20.jsonl""]"
7689434509952795444,7687509802456534305,,,false,josephinejoy03,Jojo,false,handsome,handsome,handsome,handsome,8,false,false,false,false,false,false,1,1,false,false,false,false,0,0.0,en,sv,false,false,1790335996,2026-09-25 11:33:16,2026-09-25 19:33:16,dramastop7,stepmom,false,false,14,1,"[""tiktok_stepmomincharge15-20.jsonl""]"
7689447598621213461,7687509802456534305,7689364433412702982,I started it on Facebook came to finish it here,true,smilepolar03,꧁♡𝑯𝒆𝒓♡꧂♀️🍭,false,have you finished it?,have you finished it?,have you finished it?,have you finished it?,21,false,false,false,false,false,false,1,2,false,false,false,false,0,0.0,en,en,true,false,1790339050,2026-09-25 12:24:10,2026-09-25 20:24:10,dramastop7,stepmom,false,false,14,1,"[""tiktok_stepmomincharge15-20.jsonl""]"
7689454949382538005,7687509802456534305,,,false,ummy.ayman.dhwawa,Ummy Ayman Dhwawahili,false,I like that energy,i like that energy,i like that energy,i like that energy,18,false,false,false,false,false,false,1,1,false,false,false,false,0,0.0,en,no,false,false,1790340760,2026-09-25 12:52:40,2026-09-25 20:52:40,dramastop7,stepmom,false,false,14,1,"[""tiktok_stepmomincharge15-20.jsonl""]"
7689513112417092353,7687509802456534305,7688166432722895647,"Mr. Demato, Mr. tomato  , DeMarco…. Whatever works",true,k3lay.4lly,<33,false,,,,,0,true,true,false,true,false,false,0,1,false,false,false,false,0,0.0,un,,,true,1790354305,2026-09-25 16:38:25,2026-09-26 00:38:25,dramastop7,stepmom,false,false,14,1,"[""tiktok_stepmomincharge15-20.jsonl""]"
7689559397971215156,7687509802456534305,7687840758304555794,Ok I came from Facebook to watch the rest here,true,user8276084822379,Flower 🌹🌹,false,hi twin ,hi twin,hi twin,hi twin,7,false,false,false,false,false,false,1,1,false,false,false,false,1,0.6931,en,sw,false,false,1790365270,2026-09-25 19:41:10,2026-09-26 03:41:10,dramastop7,stepmom,false,false,14,1,"[""tiktok_stepmomincharge15-20.jsonl""]"
7689604796022768415,7687509802456534305,,,false,mschrissykell0,MsChrissykell,false,I searched far and wide for the rest of this. Pune drama saved the day,i searched far and wide for the rest of this. pune drama saved the day,i searched far and wide for the rest of this. pune drama saved the day,i searched far and wide for the rest of this. pune drama saved the day,70,false,false,false,false,false,false,1,1,false,false,false,false,0,0.0,en,en,true,false,1790375682,2026-09-25 22:34:42,2026-09-26 06:34:42,dramastop7,stepmom,false,false,14,1,"[""tiktok_stepmomincharge15-20.jsonl""]"
7689760078328513286,7687509802456534305,7687840758304555794,Ok I came from Facebook to watch the rest here,true,sabrys93,sabrys,false,Me too,me too,me too,me too,6,false,false,false,false,false,false,1,1,false,false,false,false,2,1.0986,en,en,true,false,1790411798,2026-09-26 08:36:38,2026-09-26 16:36:38,dramastop7,stepmom,false,false,14,1,"[""tiktok_stepmomincharge15-20.jsonl""]"
7689766857015821062,7687509802456534305,7688166432722895647,"Mr. Demato, Mr. tomato  , DeMarco…. Whatever works",true,jowenb,Jbee 🐝,false,,,,,0,true,true,false,true,false,false,0,1,false,false,false,false,0,0.0,un,,,true,1790413379,2026-09-26 09:02:59,2026-09-26 17:02:59,dramastop7,stepmom,false,false,14,1,"[""tiktok_stepmomincharge15-20.jsonl""]"
7689780850166661909,7687509802456534305,,,false,prettynen024,Cakesuprise vendor in pankshin,false,okay i came from Facebook to watch the rest yeah ❤️,okay i came from facebook to watch the rest yeah ❤️,okay i came from facebook to watch the rest yeah :red_heart:,okay i came from facebook to watch the rest yeah :red_heart:,48,false,false,false,false,false,false,1,1,false,false,false,false,1,0.6931,en,en,true,false,1790416638,2026-09-26 09:57:18,2026-09-26 17:57:18,dramastop7,stepmom,false,false,14,1,"[""tiktok_stepmomincharge15-20.jsonl""]"
7689893297581720342,7687509802456534305,7688166432722895647,"Mr. Demato, Mr. tomato  , DeMarco…. Whatever works",true,ane.lykke15,Ane Lykke 丰,false,Also mr. Demando,also mr. demando,also mr. demando,also mr. demando,16,false,false,false,false,false,false,1,1,false,false,false,false,1,0.6931,en,pt,false,false,1790442828,2026-09-26 17:13:48,2026-09-27 01:13:48,dramastop7,stepmom,false,false,14,1,"[""tiktok_stepmomincharge15-20.jsonl""]"
7689993328187900678,7687509802456534305,,,false,shaphypapi,shaphypapi,false,aaahhhh smile,ah smile,ah smile,ah smile,13,false,false,false,false,false,false,1,1,false,false,false,false,0,0.0,en,id,false,false,1790466127,2026-09-26 23:42:07,2026-09-27 07:42:07,dramastop7,stepmom,false,false,14,1,"[""tiktok_stepmomincharge15-20.jsonl""]"
7690003999067587380,7687509802456534305,7689364433412702982,I started it on Facebook came to finish it here,true,xeenna09,IG.xeenna_89,false,Omo same here .  I search it in here,omo same here . i search it in here,omo same here . i search it in here,omo same here . i search it in here,35,false,false,false,false,false,false,1,1,false,false,false,false,1,0.6931,en,en,true,false,1790468598,2026-09-27 00:23:18,2026-09-27 08:23:18,dramastop7,stepmom,false,false,14,1,"[""tiktok_stepmomincharge15-20.jsonl""]"
7690105374050599688,7687509802456534305,7687840758304555794,Ok I came from Facebook to watch the rest here,true,oatlehile_mira,Oatlehile Atli,false,same,same,same,same,4,false,false,false,false,false,false,1,1,false,false,false,false,0,0.0,en,tl,false,false,1790492201,2026-09-27 06:56:41,2026-09-27 14:56:41,dramastop7,stepmom,false,false,14,1,"[""tiktok_stepmomincharge15-20.jsonl""]"
7690108388352918290,7687509802456534305,7687840758304555794,Ok I came from Facebook to watch the rest here,true,dialeeyambe99,Ms DIALE❤️,false,me toooooo,me to,me to,me to,10,false,false,false,false,false,false,1,1,false,false,false,false,0,0.0,en,sq,false,false,1790492897,2026-09-27 07:08:17,2026-09-27 15:08:17,dramastop7,stepmom,false,false,14,1,"[""tiktok_stepmomincharge15-20.jsonl""]"
7690174191500673799,7687509802456534305,7687840758304555794,Ok I came from Facebook to watch the rest here,true,akusika6523,Mz Sika💸,false,we're in this together oo,we're in this together oo,we're in this together oo,we're in this together oo,25,false,false,false,false,false,false,1,1,false,false,false,false,0,0.0,en,en,true,false,1790508217,2026-09-27 11:23:37,2026-09-27 19:23:37,dramastop7,stepmom,false,false,14,1,"[""tiktok_stepmomincharge15-20.jsonl""]"
7690174463850464006,7687509802456534305,7687840758304555794,Ok I came from Facebook to watch the rest here,true,naxhygurl,Goodness,false,me too,me too,me too,me too,6,false,false,false,false,false,false,1,1,false,false,false,false,0,0.0,en,en,true,false,1790508284,2026-09-27 11:24:44,2026-09-27 19:24:44,dramastop7,stepmom,false,false,14,1,"[""tiktok_stepmomincharge15-20.jsonl""]"
7690181481687597845,7687509802456534305,7687840758304555794,Ok I came from Facebook to watch the rest here,true,kafuipeacesherr45,Assin Fosu diffuser wura👌🏾,false,Me too,me too,me too,me too,6,false,false,false,false,false,false,1,1,false,false,false,false,0,0.0,en,en,true,false,1790509917,2026-09-27 11:51:57,2026-09-27 19:51:57,dramastop7,stepmom,false,false,14,1,"[""tiktok_stepmomincharge15-20.jsonl""]"
7690196051777700616,7687509802456534305,7687840758304555794,Ok I came from Facebook to watch the rest here,true,melnishapunchu,Pe_ppa ..pikaxhu22,false,me too,me too,me too,me too,6,false,false,false,false,false,false,1,1,false,false,false,false,1,0.6931,en,en,true,false,1790513311,2026-09-27 12:48:31,2026-09-27 20:48:31,dramastop7,stepmom,false,false,14,1,"[""tiktok_stepmomincharge15-20.jsonl""]"
7690223887276114709,7687509802456534305,7687840758304555794,Ok I came from Facebook to watch the rest here,true,iyadeguzman23,Iya,false,me too,me too,me too,me too,6,false,false,false,false,false,false,1,1,false,false,false,false,0,0.0,en,en,true,false,1790519796,2026-09-27 14:36:36,2026-09-27 22:36:36,dramastop7,stepmom,false,false,14,1,"[""tiktok_stepmomincharge15-20.jsonl""]"
7690284531703120692,7687509802456534305,7687840758304555794,Ok I came from Facebook to watch the rest here,true,gummiebear57,gummiebear👩‍🏫,false,Me too hey [Crying][Tears of joy],me too hey [crying][tears of joy],me too hey [crying][tears of joy],me too hey [crying][tears of joy],33,false,false,false,false,false,false,1,1,false,false,false,false,0,0.0,en,en,true,false,1790533916,2026-09-27 18:31:56,2026-09-28 02:31:56,dramastop7,stepmom,false,false,14,1,"[""tiktok_stepmomincharge15-20.jsonl""]"
7690338941358736146,7687509802456534305,7687840758304555794,Ok I came from Facebook to watch the rest here,true,majujux2,Coury Jubane,false,me too,me too,me too,me too,6,false,false,false,false,false,false,1,1,false,false,false,false,0,0.0,en,en,true,false,1790546586,2026-09-27 22:03:06,2026-09-28 06:03:06,dramastop7,stepmom,false,false,14,1,"[""tiktok_stepmomincharge15-20.jsonl""]"
7690550291759399687,7687509802456534305,7687840758304555794,Ok I came from Facebook to watch the rest here,true,sandraachiaa26,Nharnhar🥰Akua 🥰🥰,false,same here,same here,same here,same here,9,false,false,false,false,false,false,1,1,false,false,false,false,0,0.0,en,da,false,false,1790595794,2026-09-28 11:43:14,2026-09-28 19:43:14,dramastop7,stepmom,false,false,14,1,"[""tiktok_stepmomincharge15-20.jsonl""]"
7690562367768216341,7687509802456534305,,,false,crisdan49,CRIS & DAN,false,omg where is the other part ,omg where is the other part,omg where is the other part,omg where is the other part,27,false,false,false,false,false,false,1,1,false,false,false,false,0,0.0,en,en,true,false,1790598604,2026-09-28 12:30:04,2026-09-28 20:30:04,dramastop7,stepmom,false,false,14,1,"[""tiktok_stepmomincharge15-20.jsonl""]"
7690630926203994932,7687509802456534305,7687840758304555794,Ok I came from Facebook to watch the rest here,true,wwwmafaku2,Sluh MAFAKU 🇿🇦,false,From same boat ,from same boat,from same boat,from same boat,14,false,false,false,false,false,false,1,1,false,false,false,false,0,0.0,en,en,true,false,1790614557,2026-09-28 16:55:57,2026-09-29 00:55:57,dramastop7,stepmom,false,false,14,1,"[""tiktok_stepmomincharge15-20.jsonl""]"
7690632520505508615,7687509802456534305,7687840758304555794,Ok I came from Facebook to watch the rest here,true,_thekeidiary,Kei💐🤎,false,Twinnn ,twin,twin,twin,6,false,false,false,false,false,false,1,1,false,false,false,false,0,0.0,en,pl,false,false,1790614933,2026-09-28 17:02:13,2026-09-29 01:02:13,dramastop7,stepmom,false,false,14,1,"[""tiktok_stepmomincharge15-20.jsonl""]"
7690708326094635808,7687509802456534305,7687840758304555794,Ok I came from Facebook to watch the rest here,true,elianacosta016,Eliana Costa,false,same ✨,same ✨,same :sparkles:,same :sparkles:,4,false,false,false,false,false,false,1,1,false,false,false,false,0,0.0,en,hr,false,false,1790632594,2026-09-28 21:56:34,2026-09-29 05:56:34,dramastop7,stepmom,false,false,14,1,"[""tiktok_stepmomincharge15-20.jsonl""]"
7690904854650356498,7687509802456534305,,,false,mpepho0611,pephie 🦋,false,I came form Instagram  to watch the rest they want me to pay ,i came form instagram to watch the rest they want me to pay,i came form instagram to watch the rest they want me to pay,i came form instagram to watch the rest they want me to pay,59,false,false,false,false,false,false,1,1,false,false,false,false,0,0.0,en,en,true,false,1790678485,2026-09-29 10:41:25,2026-09-29 18:41:25,dramastop7,stepmom,false,false,14,1,"[""tiktok_stepmomincharge15-20.jsonl""]"
7690926020347872020,7687509802456534305,7687840758304555794,Ok I came from Facebook to watch the rest here,true,story_of_life11,follow for real life stories,false,me too,me too,me too,me too,6,false,false,false,false,false,false,1,1,false,false,false,false,0,0.0,en,en,true,false,1790683269,2026-09-29 12:01:09,2026-09-29 20:01:09,dramastop7,stepmom,false,false,14,1,"[""tiktok_stepmomincharge15-20.jsonl""]"
7690937907762381600,7687509802456534305,,,false,anya65940,Anya,false,Ok I love this,ok i love this,ok i love this,ok i love this,14,false,false,false,false,false,false,1,1,false,false,false,false,1,0.6931,en,en,true,false,1790686046,2026-09-29 12:47:26,2026-09-29 20:47:26,dramastop7,stepmom,false,false,14,1,"[""tiktok_stepmomincharge15-20.jsonl""]"
7691211773152461586,7687509802456534305,7687840758304555794,Ok I came from Facebook to watch the rest here,true,gloryekulema,Glory 💟💚,false,me too ,me too,me too,me too,6,false,false,false,false,false,false,1,1,false,false,false,false,0,0.0,en,en,true,false,1790749802,2026-09-30 06:30:02,2026-09-30 14:30:02,dramastop7,stepmom,false,false,14,1,"[""tiktok_stepmomincharge15-20.jsonl""]"
7691389095608976135,7687509802456534305,,,false,francinemumba42,Bubbles ✨🫪🙂‍↕️,false,he's so calm,he's so calm,he's so calm,he's so calm,12,false,false,false,false,false,false,1,2,false,false,false,false,0,0.0,en,en,true,false,1790791294,2026-09-30 18:01:34,2026-10-01 02:01:34,dramastop7,stepmom,false,false,14,1,"[""tiktok_stepmomincharge15-20.jsonl""]"
7691483769026675508,7687509802456534305,,,false,user072878041,Zoe,false,Its no in order [Crying][Crying][Crying],its no in order [crying][crying][crying],its no in order [crying][crying][crying],its no in order [crying][crying][crying],40,false,false,false,false,false,false,1,1,false,false,false,false,0,0.0,en,en,true,false,1790813138,2026-10-01 00:05:38,2026-10-01 08:05:38,dramastop7,stepmom,false,false,14,1,"[""tiktok_stepmomincharge15-20.jsonl""]"
7687527454784684814,7687523753533689121,,,false,cyluxehair,Belle | Cy Luxe Hair,false,Yayyy  next part please,yay next part please,yay next part please,yay next part please,22,false,false,false,false,false,false,1,1,false,false,false,false,19,2.9957,en,en,true,false,1789892081,2026-09-20 08:14:41,2026-09-20 16:14:41,dramastop7,stepmom,false,false,15,1,"[""tiktok_stepmomincharge21-24.jsonl""]"
7687532243958809365,7687523753533689121,,,false,zinny023,Zinnyjenny,false,Next before this ends Biko,next before this ends biko,next before this ends biko,next before this ends biko,26,false,false,false,false,false,false,1,1,false,false,false,false,2,1.0986,en,en,true,false,1789893095,2026-09-20 08:31:35,2026-09-20 16:31:35,dramastop7,stepmom,false,false,15,1,"[""tiktok_stepmomincharge21-24.jsonl""]"
7687533554142561044,7687523753533689121,,,false,inzwakazi_m,inzwakazi,false,Bring me back for the next episode,bring me back for the next episode,bring me back for the next episode,bring me back for the next episode,34,false,false,false,false,false,false,1,1,false,false,false,false,1,0.6931,en,en,true,false,1789893402,2026-09-20 08:36:42,2026-09-20 16:36:42,dramastop7,stepmom,false,false,15,1,"[""tiktok_stepmomincharge21-24.jsonl""]"
7687535027530711828,7687523753533689121,,,false,luxebyannie.ng,THRIFT VENDOR IN ABEOKUTA,false,Bring me back,bring me back,bring me back,bring me back,13,false,false,false,false,false,false,1,1,false,false,false,false,3,1.3863,en,en,true,false,1789893753,2026-09-20 08:42:33,2026-09-20 16:42:33,dramastop7,stepmom,false,false,15,1,"[""tiktok_stepmomincharge21-24.jsonl""]"
7687536994096808717,7687523753533689121,,,false,kayesroses,roses,false,waiting patiently :),waiting patiently :),waiting patiently :),waiting patiently :),20,false,false,false,false,false,false,1,1,false,false,false,false,3,1.3863,en,en,true,false,1789894283,2026-09-20 08:51:23,2026-09-20 16:51:23,dramastop7,stepmom,false,false,15,1,"[""tiktok_stepmomincharge21-24.jsonl""]"
7687540939574149904,7687523753533689121,,,false,annecartson,Anne Cartson,false,De Marco De Marno De parlo,de marco de marno de parlo,de marco de marno de parlo,de marco de marno de parlo,26,false,false,false,false,false,false,1,2,false,false,false,false,953,6.8607,es,pt,false,false,1789895152,2026-09-20 09:05:52,2026-09-20 17:05:52,dramastop7,stepmom,false,false,15,1,"[""tiktok_stepmomincharge21-24.jsonl""]"
7687547608138973959,7687523753533689121,,,false,yotastephen,yotastephen,false,Someone please bring me back for the rest part thank you ☺️,someone please bring me back for the rest part thank you ☺️,someone please bring me back for the rest part thank you :smiling_face:,someone please bring me back for the rest part thank you :smiling_face:,56,false,false,false,false,false,false,1,1,false,false,false,false,403,6.0014,en,en,true,false,1789896667,2026-09-20 09:31:07,2026-09-20 17:31:07,dramastop7,stepmom,false,false,15,1,"[""tiktok_stepmomincharge21-24.jsonl""]"
7687555922000003862,7687523753533689121,,,false,badgaldidi90,Didi Kanyana,false,Can someone tag me when the next part is uploaded please? ,can someone tag me when the next part is uploaded please?,can someone tag me when the next part is uploaded please?,can someone tag me when the next part is uploaded please?,57,false,false,false,false,false,false,1,2,false,false,false,false,100,4.6151,en,en,true,false,1789898615,2026-09-20 10:03:35,2026-09-20 18:03:35,dramastop7,stepmom,false,false,15,1,"[""tiktok_stepmomincharge21-24.jsonl""]"
7687557291239490312,7687523753533689121,7687540939574149904,De Marco De Marno De parlo,true,peoplely2000003,baroness,false,I know,i know,i know,i know,6,false,false,false,false,false,false,1,1,false,false,false,false,1,0.6931,en,pl,false,false,1789899096,2026-09-20 10:11:36,2026-09-20 18:11:36,dramastop7,stepmom,false,false,15,1,"[""tiktok_stepmomincharge21-24.jsonl""]"
7687561425263739656,7687523753533689121,,,false,_hl13r,r,false,bring me back into this drama please,bring me back into this drama please,bring me back into this drama please,bring me back into this drama please,36,false,false,false,false,false,false,1,1,false,false,false,false,4,1.6094,en,en,true,false,1789899891,2026-09-20 10:24:51,2026-09-20 18:24:51,dramastop7,stepmom,false,false,15,1,"[""tiktok_stepmomincharge21-24.jsonl""]"
7687569821643227926,7687523753533689121,,,false,aasya782,💕,false,,,,,0,true,true,false,true,false,false,0,1,false,false,false,false,0,0.0,un,,,true,1789901856,2026-09-20 10:57:36,2026-09-20 18:57:36,dramastop7,stepmom,false,false,15,1,"[""tiktok_stepmomincharge21-24.jsonl""]"
7687582082650948360,7687523753533689121,,,false,dk_gafar,andikagafariyani,false,,,,,0,true,true,false,true,false,false,0,1,false,false,false,false,0,0.0,un,,,true,1789904702,2026-09-20 11:45:02,2026-09-20 19:45:02,dramastop7,stepmom,false,false,15,1,"[""tiktok_stepmomincharge21-24.jsonl""]"
7687582565830279957,7687523753533689121,,,false,yetty_princess,Yetty_princess,false,Damn next part pls,damn next part pls,damn next part pls,damn next part pls,18,false,false,false,false,false,false,1,1,false,false,false,false,1,0.6931,en,fr,false,false,1789904814,2026-09-20 11:46:54,2026-09-20 19:46:54,dramastop7,stepmom,false,false,15,1,"[""tiktok_stepmomincharge21-24.jsonl""]"
7687583743896814353,7687523753533689121,7687547608138973959,Someone please bring me back for the rest part thank you ☺️,true,delreyblooms,irmaaa,false,me too pls,me too pls,me too pls,me too pls,10,false,false,false,false,false,false,1,1,false,false,false,false,5,1.7918,en,en,true,false,1789905080,2026-09-20 11:51:20,2026-09-20 19:51:20,dramastop7,stepmom,false,false,15,1,"[""tiktok_stepmomincharge21-24.jsonl""]"
7687592294983975702,7687523753533689121,7687547608138973959,Someone please bring me back for the rest part thank you ☺️,true,so.fivs,so.fivs,false,same please,same please,same please,same please,11,false,false,false,false,false,false,1,1,false,false,false,false,1,0.6931,en,en,true,false,1789907090,2026-09-20 12:24:50,2026-09-20 20:24:50,dramastop7,stepmom,false,false,15,1,"[""tiktok_stepmomincharge21-24.jsonl""]"
7687595391411471120,7687523753533689121,,,false,trendyessentialupdate,Orire@essential1,false,Thanks for the piece please tag me to the next one,thanks for the piece please tag me to the next one,thanks for the piece please tag me to the next one,thanks for the piece please tag me to the next one,50,false,false,false,false,false,false,1,2,false,false,false,false,17,2.8904,en,en,true,false,1789907933,2026-09-20 12:38:53,2026-09-20 20:38:53,dramastop7,stepmom,false,false,15,1,"[""tiktok_stepmomincharge21-24.jsonl""]"
7687597631979275015,7687523753533689121,7687540939574149904,De Marco De Marno De parlo,true,useer3456785f,brown 🤎,false,De Husband,de husband,de husband,de husband,10,false,false,false,false,false,false,1,1,false,false,false,false,120,4.7958,en,da,false,false,1789908313,2026-09-20 12:45:13,2026-09-20 20:45:13,dramastop7,stepmom,false,false,15,1,"[""tiktok_stepmomincharge21-24.jsonl""]"
7687597858706866945,7687523753533689121,,,false,yaa_ayebea,Jen Blaze,false,Pls tag me for the rest ,pls tag me for the rest,pls tag me for the rest,pls tag me for the rest,23,false,false,false,false,false,false,1,2,false,false,false,false,1,0.6931,en,en,true,false,1789908367,2026-09-20 12:46:07,2026-09-20 20:46:07,dramastop7,stepmom,false,false,15,1,"[""tiktok_stepmomincharge21-24.jsonl""]"
7687597881721848593,7687523753533689121,7687547608138973959,Someone please bring me back for the rest part thank you ☺️,true,yaa_ayebea,Jen Blaze,false,Me too,me too,me too,me too,6,false,false,false,false,false,false,1,2,false,false,false,false,1,0.6931,en,en,true,false,1789908377,2026-09-20 12:46:17,2026-09-20 20:46:17,dramastop7,stepmom,false,false,15,1,"[""tiktok_stepmomincharge21-24.jsonl""]"
7687602080785367829,7687523753533689121,7687540939574149904,De Marco De Marno De parlo,true,bellaofficial8490,Bellaofficial 🌺,false,De Mario ,de mario,de mario,de mario,8,false,false,false,false,false,false,1,1,false,false,false,false,32,3.4965,es,pt,false,false,1789909349,2026-09-20 13:02:29,2026-09-20 21:02:29,dramastop7,stepmom,false,false,15,1,"[""tiktok_stepmomincharge21-24.jsonl""]"
7687607497750233877,7687523753533689121,7687547608138973959,Someone please bring me back for the rest part thank you ☺️,true,howlidey,ad,false,.,.,.,.,1,false,false,false,true,false,false,0,1,false,false,false,false,1,0.6931,un,,,true,1789910613,2026-09-20 13:23:33,2026-09-20 21:23:33,dramastop7,stepmom,false,false,15,1,"[""tiktok_stepmomincharge21-24.jsonl""]"
7687608536776590110,7687523753533689121,7687555922000003862,Can someone tag me when the next part is uploaded please? ,true,lil.tee82,Lil.tee82,false,Me too,me too,me too,me too,6,false,false,false,false,false,false,1,1,false,false,false,false,2,1.0986,en,en,true,false,1789910950,2026-09-20 13:29:10,2026-09-20 21:29:10,dramastop7,stepmom,false,false,15,1,"[""tiktok_stepmomincharge21-24.jsonl""]"
7687612134306218773,7687523753533689121,,,false,nikeji45,nikeji45,false,"Thanks for this…. But, please tag on the next one","thanks for this…. but, please tag on the next one","thanks for this…. but, please tag on the next one","thanks for this…. but, please tag on the next one",49,false,false,false,false,false,false,1,1,false,false,false,false,2,1.0986,en,en,true,false,1789911695,2026-09-20 13:41:35,2026-09-20 21:41:35,dramastop7,stepmom,false,false,15,1,"[""tiktok_stepmomincharge21-24.jsonl""]"
7687617217726432018,7687523753533689121,7687547608138973959,Someone please bring me back for the rest part thank you ☺️,true,miraaaaeeeee,miraaaaeeeee,false,me too me too,me too me too,me too me too,me too me too,13,false,false,false,false,false,false,1,1,false,false,false,false,1,0.6931,en,en,true,false,1789912874,2026-09-20 14:01:14,2026-09-20 22:01:14,dramastop7,stepmom,false,false,15,1,"[""tiktok_stepmomincharge21-24.jsonl""]"
7687619228131820296,7687523753533689121,,,false,liz_charles,Neziswa,false,Someone needs to bring me back please ,someone needs to bring me back please,someone needs to bring me back please,someone needs to bring me back please,37,false,false,false,false,false,false,1,2,false,false,false,false,1,0.6931,en,en,true,false,1789913340,2026-09-20 14:09:00,2026-09-20 22:09:00,dramastop7,stepmom,false,false,15,1,"[""tiktok_stepmomincharge21-24.jsonl""]"
7687620395080581905,7687523753533689121,7687547608138973959,Someone please bring me back for the rest part thank you ☺️,true,olwethunyati,olwethunyati,false,Me too ,me too,me too,me too,6,false,false,false,false,false,false,1,1,false,false,false,false,2,1.0986,en,en,true,false,1789913627,2026-09-20 14:13:47,2026-09-20 22:13:47,dramastop7,stepmom,false,false,15,1,"[""tiktok_stepmomincharge21-24.jsonl""]"
7687623346195989266,7687523753533689121,7687547608138973959,Someone please bring me back for the rest part thank you ☺️,true,mommybulu,mommybulu,false,me three,me three,me three,me three,8,false,false,false,false,false,false,1,1,false,false,false,false,1,0.6931,en,en,true,false,1789914301,2026-09-20 14:25:01,2026-09-20 22:25:01,dramastop7,stepmom,false,false,15,1,"[""tiktok_stepmomincharge21-24.jsonl""]"
7687626114828272391,7687523753533689121,,,false,makingcolorsoflife,My.art.rosal@orig,false,,,,,0,true,true,false,true,false,false,0,1,false,false,false,false,0,0.0,un,,,true,1789914943,2026-09-20 14:35:43,2026-09-20 22:35:43,dramastop7,stepmom,false,false,15,1,"[""tiktok_stepmomincharge21-24.jsonl""]"
7687628053119910673,7687523753533689121,,,false,veek009,Vee🦋,false,I love the man he looks dangerously cute ,i love the man he looks dangerously cute,i love the man he looks dangerously cute,i love the man he looks dangerously cute,40,false,false,false,false,false,false,1,1,false,false,false,false,7,2.0794,en,en,true,false,1789915398,2026-09-20 14:43:18,2026-09-20 22:43:18,dramastop7,stepmom,false,false,15,1,"[""tiktok_stepmomincharge21-24.jsonl""]"
7687630149000528648,7687523753533689121,7687547608138973959,Someone please bring me back for the rest part thank you ☺️,true,donnaathen,Donna,false,same,same,same,same,4,false,false,false,false,false,false,1,1,false,false,false,false,1,0.6931,en,tl,false,false,1789915884,2026-09-20 14:51:24,2026-09-20 22:51:24,dramastop7,stepmom,false,false,15,1,"[""tiktok_stepmomincharge21-24.jsonl""]"
7687630149424153360,7687523753533689121,7687547608138973959,Someone please bring me back for the rest part thank you ☺️,true,ephemeral404,Sakura_ Sake,false,.,.,.,.,1,false,false,false,true,false,false,0,1,false,false,false,false,1,0.6931,un,,,true,1789915894,2026-09-20 14:51:34,2026-09-20 22:51:34,dramastop7,stepmom,false,false,15,1,"[""tiktok_stepmomincharge21-24.jsonl""]"
7687630055589462815,7687523753533689121,7687547608138973959,Someone please bring me back for the rest part thank you ☺️,true,mermer_3,Mercedez,false,Same,same,same,same,4,false,false,false,false,false,false,1,1,false,false,false,false,1,0.6931,en,tl,false,false,1789915898,2026-09-20 14:51:38,2026-09-20 22:51:38,dramastop7,stepmom,false,false,15,1,"[""tiktok_stepmomincharge21-24.jsonl""]"
7687631226056213265,7687523753533689121,7687595391411471120,Thanks for the piece please tag me to the next one,true,clar1clara,M Clara ❤️🇷🇼,false,Please bring me back for another episode,please bring me back for another episode,please bring me back for another episode,please bring me back for another episode,40,false,false,false,false,false,false,1,2,false,false,false,false,1,0.6931,en,en,true,false,1789916146,2026-09-20 14:55:46,2026-09-20 22:55:46,dramastop7,stepmom,false,false,15,1,"[""tiktok_stepmomincharge21-24.jsonl""]"
7687633091187868437,7687523753533689121,7687547608138973959,Someone please bring me back for the rest part thank you ☺️,true,jksnm13,Jack,false,Come,come,come,come,4,false,false,false,false,false,false,2,2,false,false,false,false,1,0.6931,en,pt,false,false,1789916573,2026-09-20 15:02:53,2026-09-20 23:02:53,dramastop7,stepmom,false,false,15,1,"[""tiktok_stepmomincharge21-24.jsonl""]"
7687633145520571156,7687523753533689121,7687555922000003862,Can someone tag me when the next part is uploaded please? ,true,jksnm13,Jack,false,Come,come,come,come,4,false,false,false,false,false,false,2,2,false,false,false,false,6,1.9459,en,pt,false,false,1789916585,2026-09-20 15:03:05,2026-09-20 23:03:05,dramastop7,stepmom,false,false,15,1,"[""tiktok_stepmomincharge21-24.jsonl""]"
7687634353497309983,7687523753533689121,7687547608138973959,Someone please bring me back for the rest part thank you ☺️,true,_keepingupwithmo,_keepingupwithmo,false,Same,same,same,same,4,false,false,false,false,false,false,1,1,false,false,false,false,1,0.6931,en,tl,false,false,1789916886,2026-09-20 15:08:06,2026-09-20 23:08:06,dramastop7,stepmom,false,false,15,1,"[""tiktok_stepmomincharge21-24.jsonl""]"
7687636166031819551,7687523753533689121,,,false,sexcchocolatedr0p,sexcchocolatedr0p,false,Bring me back please when it’s updated,bring me back please when it’s updated,bring me back please when it’s updated,bring me back please when it’s updated,38,false,false,false,false,false,false,1,1,false,false,false,false,4,1.6094,en,en,true,false,1789917304,2026-09-20 15:15:04,2026-09-20 23:15:04,dramastop7,stepmom,false,false,15,1,"[""tiktok_stepmomincharge21-24.jsonl""]"
7687638822472909590,7687523753533689121,7687547608138973959,Someone please bring me back for the rest part thank you ☺️,true,viragalbert,virdzsinia🐝,false,Me too pls,me too pls,me too pls,me too pls,10,false,false,false,false,false,false,1,1,false,false,false,false,1,0.6931,en,en,true,false,1789917911,2026-09-20 15:25:11,2026-09-20 23:25:11,dramastop7,stepmom,false,false,15,1,"[""tiktok_stepmomincharge21-24.jsonl""]"
7687647214382121749,7687523753533689121,,,false,imagesono,Image sono,false,Please bring me back,please bring me back,please bring me back,please bring me back,20,false,false,false,false,false,false,1,1,false,false,false,false,1,0.6931,en,en,true,false,1789919860,2026-09-20 15:57:40,2026-09-20 23:57:40,dramastop7,stepmom,false,false,15,1,"[""tiktok_stepmomincharge21-24.jsonl""]"
7687651852897420063,7687523753533689121,,,false,millie_701,Purpose,false,Bring me back!!!!,bring me back!!!!,bring me back!!!!,bring me back!!!!,17,false,false,false,false,false,false,1,1,false,false,false,false,2,1.0986,en,en,true,false,1789920963,2026-09-20 16:16:03,2026-09-21 00:16:03,dramastop7,stepmom,false,false,15,1,"[""tiktok_stepmomincharge21-24.jsonl""]"
7687657478590366471,7687523753533689121,7687547608138973959,Someone please bring me back for the rest part thank you ☺️,true,heyitsmega_,Anisa Mega | MUA,false,nitip,nitip,nitip,nitip,5,false,false,false,false,false,false,1,1,false,false,false,false,1,0.6931,id,tl,false,false,1789922244,2026-09-20 16:37:24,2026-09-21 00:37:24,dramastop7,stepmom,false,false,15,1,"[""tiktok_stepmomincharge21-24.jsonl""]"
7687659691677369108,7687523753533689121,7687547608138973959,Someone please bring me back for the rest part thank you ☺️,true,heyerny,heyerny,false,Me too,me too,me too,me too,6,false,false,false,false,false,false,1,1,false,false,false,false,1,0.6931,en,en,true,false,1789922764,2026-09-20 16:46:04,2026-09-21 00:46:04,dramastop7,stepmom,false,false,15,1,"[""tiktok_stepmomincharge21-24.jsonl""]"
7687684097062093575,7687523753533689121,,,false,sheryalchemy,shery,false,Where’s next episode!!,where’s next episode!!,where’s next episode!!,where’s next episode!!,22,false,false,false,false,false,false,1,1,false,false,false,false,2,1.0986,en,en,true,false,1789928442,2026-09-20 18:20:42,2026-09-21 02:20:42,dramastop7,stepmom,false,false,15,1,"[""tiktok_stepmomincharge21-24.jsonl""]"
7687695428901847815,7687523753533689121,,,false,maigen48,MaiGen,false,Please bring me back,please bring me back,please bring me back,please bring me back,20,false,false,false,false,false,false,1,2,false,false,false,false,2,1.0986,en,en,true,false,1789931095,2026-09-20 19:04:55,2026-09-21 03:04:55,dramastop7,stepmom,false,false,15,1,"[""tiktok_stepmomincharge21-24.jsonl""]"
7687696168286028564,7687523753533689121,7687547608138973959,Someone please bring me back for the rest part thank you ☺️,true,anyinmi3,Anyinmi ❤️‍🩹,false,me too,me too,me too,me too,6,false,false,false,false,false,false,1,1,false,false,false,false,1,0.6931,en,en,true,false,1789931268,2026-09-20 19:07:48,2026-09-21 03:07:48,dramastop7,stepmom,false,false,15,1,"[""tiktok_stepmomincharge21-24.jsonl""]"
7687696248254743303,7687523753533689121,,,false,...kalidale,Kali,false,Thanks I found the clips ,thanks i found the clips,thanks i found the clips,thanks i found the clips,24,false,false,false,false,false,false,1,1,false,false,false,false,7,2.0794,en,en,true,false,1789931276,2026-09-20 19:07:56,2026-09-21 03:07:56,dramastop7,stepmom,false,false,15,1,"[""tiktok_stepmomincharge21-24.jsonl""]"
7687705681167958805,7687523753533689121,,,false,fara_rapunzel,fara rapunzel,false,,,,,0,true,true,false,true,false,false,0,1,false,false,false,false,0,0.0,un,,,true,1789933500,2026-09-20 19:45:00,2026-09-21 03:45:00,dramastop7,stepmom,false,false,15,1,"[""tiktok_stepmomincharge21-24.jsonl""]"
7687708252343534356,7687523753533689121,,,false,megasifini,Queeneth Friday,false,I think this is the most interesting drama I’ve seen.,i think this is the most interesting drama i’ve seen.,i think this is the most interesting drama i’ve seen.,i think this is the most interesting drama i’ve seen.,53,false,false,false,false,false,false,1,1,false,false,false,false,2573,7.8532,en,en,true,false,1789934082,2026-09-20 19:54:42,2026-09-21 03:54:42,dramastop7,stepmom,false,false,15,1,"[""tiktok_stepmomincharge21-24.jsonl""]"
7687712445918282510,7687523753533689121,,,false,sherry__coco_,sherry__coco_,false,Someone please bring me back for the rest part thank you ,someone please bring me back for the rest part thank you,someone please bring me back for the rest part thank you,someone please bring me back for the rest part thank you,56,false,false,false,false,false,false,1,2,false,false,false,false,12,2.5649,en,en,true,false,1789935076,2026-09-20 20:11:16,2026-09-21 04:11:16,dramastop7,stepmom,false,false,15,1,"[""tiktok_stepmomincharge21-24.jsonl""]"
7687714668161647373,7687523753533689121,,,false,sherry__coco_,sherry__coco_,false,Someone please bring me backkkkk,someone please bring me back,someone please bring me back,someone please bring me back,32,false,false,false,false,false,false,1,2,false,false,false,false,1,0.6931,en,en,true,false,1789935586,2026-09-20 20:19:46,2026-09-21 04:19:46,dramastop7,stepmom,false,false,15,1,"[""tiktok_stepmomincharge21-24.jsonl""]"
7687714870637347592,7687523753533689121,7687547608138973959,Someone please bring me back for the rest part thank you ☺️,true,jhonaandrea,Addiiee,false,me too please,me too please,me too please,me too please,13,false,false,false,false,false,false,1,1,false,false,false,false,1,0.6931,en,en,true,false,1789935625,2026-09-20 20:20:25,2026-09-21 04:20:25,dramastop7,stepmom,false,false,15,1,"[""tiktok_stepmomincharge21-24.jsonl""]"
7687726137980486420,7687523753533689121,,,false,nelo63906,Nelo...,false,im so inlove with this series I want my own mafia husband,im so inlove with this series i want my own mafia husband,im so inlove with this series i want my own mafia husband,im so inlove with this series i want my own mafia husband,57,false,false,false,false,false,false,1,1,false,false,false,false,4,1.6094,en,en,true,false,1789938259,2026-09-20 21:04:19,2026-09-21 05:04:19,dramastop7,stepmom,false,false,15,1,"[""tiktok_stepmomincharge21-24.jsonl""]"
7687732109343114004,7687523753533689121,,,false,scar_lett0108,Scarlett ❄️,false,someone should please bring me back,someone should please bring me back,someone should please bring me back,someone should please bring me back,35,false,false,false,false,false,false,1,1,false,false,false,false,0,0.0,en,en,true,false,1789939633,2026-09-20 21:27:13,2026-09-21 05:27:13,dramastop7,stepmom,false,false,15,1,"[""tiktok_stepmomincharge21-24.jsonl""]"
7687735110465372936,7687523753533689121,7687547608138973959,Someone please bring me back for the rest part thank you ☺️,true,andredelgadoz,•✮⋆Andrea Delgado⋆✮•,false,Sameee,same,same,same,6,false,false,false,false,false,false,1,2,false,false,false,false,1,0.6931,en,tl,false,false,1789940342,2026-09-20 21:39:02,2026-09-21 05:39:02,dramastop7,stepmom,false,false,15,1,"[""tiktok_stepmomincharge21-24.jsonl""]"
7687735214374224647,7687523753533689121,7687555922000003862,Can someone tag me when the next part is uploaded please? ,true,andredelgadoz,•✮⋆Andrea Delgado⋆✮•,false,Me2,me2,me2,me2,3,false,false,false,false,false,false,1,2,false,false,false,false,2,1.0986,es,,,true,1789940355,2026-09-20 21:39:15,2026-09-21 05:39:15,dramastop7,stepmom,false,false,15,1,"[""tiktok_stepmomincharge21-24.jsonl""]"
7687738775783752468,7687523753533689121,,,false,msfreedom7,Dumb,false,"Thankyou for this,but please post the other parts","thankyou for this,but please post the other parts","thankyou for this,but please post the other parts","thankyou for this,but please post the other parts",49,false,false,false,false,false,false,1,1,false,false,false,false,3,1.3863,en,en,true,false,1789941211,2026-09-20 21:53:31,2026-09-21 05:53:31,dramastop7,stepmom,false,false,15,1,"[""tiktok_stepmomincharge21-24.jsonl""]"
7687742498777694998,7687523753533689121,7687712445918282510,Someone please bring me back for the rest part thank you ,true,yourlee2,Tu Lee969,false,It’s on YouTube,it’s on youtube,it’s on youtube,it’s on youtube,15,false,false,false,false,false,false,1,1,false,false,false,false,2,1.0986,en,en,true,false,1789942087,2026-09-20 22:08:07,2026-09-21 06:08:07,dramastop7,stepmom,false,false,15,1,"[""tiktok_stepmomincharge21-24.jsonl""]"
7687748669202088736,7687523753533689121,,,false,dramastop7,DramaStop,false,next parts are up!,next parts are up!,next parts are up!,next parts are up!,18,false,false,false,false,false,false,1,2,false,false,false,false,94,4.5539,en,ca,false,false,1789943500,2026-09-20 22:31:40,2026-09-21 06:31:40,dramastop7,stepmom,false,false,15,1,"[""tiktok_stepmomincharge21-24.jsonl""]"
7687748932089201429,7687523753533689121,7687748669202088736,next parts are up!,true,preshypixel1,Preshypixel,false,Thank you ,thank you,thank you,thank you,9,false,false,false,false,false,false,1,2,false,false,false,false,0,0.0,en,en,true,false,1789943558,2026-09-20 22:32:38,2026-09-21 06:32:38,dramastop7,stepmom,false,false,15,1,"[""tiktok_stepmomincharge21-24.jsonl""]"
7687749322675405588,7687523753533689121,7687748669202088736,next parts are up!,true,preshypixel1,Preshypixel,false,I can’t see it sir,i can’t see it sir,i can’t see it sir,i can’t see it sir,18,false,false,false,false,false,false,1,2,false,false,false,false,0,0.0,en,ca,false,false,1789943660,2026-09-20 22:34:20,2026-09-21 06:34:20,dramastop7,stepmom,false,false,15,1,"[""tiktok_stepmomincharge21-24.jsonl""]"
7687749926536708884,7687523753533689121,7687748669202088736,next parts are up!,true,aimanrasmi._,ᴍᴀɴᴢ._,false,whereee,where,where,where,7,false,false,false,false,false,false,1,1,false,false,false,false,0,0.0,en,en,true,false,1789943783,2026-09-20 22:36:23,2026-09-21 06:36:23,dramastop7,stepmom,false,false,15,1,"[""tiktok_stepmomincharge21-24.jsonl""]"
7687758898040521490,7687523753533689121,7687748669202088736,next parts are up!,true,rigelespia,rigelespia,false,waiting until episode 100 hehe,waiting until episode 100 hehe,waiting until episode 100 hehe,waiting until episode 100 hehe,30,false,false,false,false,false,false,1,1,false,false,false,false,2,1.0986,en,en,true,false,1789945879,2026-09-20 23:11:19,2026-09-21 07:11:19,dramastop7,stepmom,false,false,15,1,"[""tiktok_stepmomincharge21-24.jsonl""]"
7687765523749700360,7687523753533689121,,,false,miss_acey_s,miss_acey_s,false,bring me back,bring me back,bring me back,bring me back,13,false,false,false,false,false,false,1,1,false,false,false,false,4,1.6094,en,en,true,false,1789947430,2026-09-20 23:37:10,2026-09-21 07:37:10,dramastop7,stepmom,false,false,15,1,"[""tiktok_stepmomincharge21-24.jsonl""]"
7687791089299014401,7687523753533689121,7687748669202088736,next parts are up!,true,aziraarif39,azira arif,false,tq,tq,tq,tq,2,false,false,false,true,false,false,1,1,false,false,false,false,0,0.0,ms,,,true,1789953395,2026-09-21 01:16:35,2026-09-21 09:16:35,dramastop7,stepmom,false,false,15,1,"[""tiktok_stepmomincharge21-24.jsonl""]"
7687797202874434305,7687523753533689121,7687748669202088736,next parts are up!,true,user4618334661595,Ariana mucheka,false,ty,ty,ty,ty,2,false,false,false,true,false,false,1,1,false,false,false,false,0,0.0,en,,,true,1789955092,2026-09-21 01:44:52,2026-09-21 09:44:52,dramastop7,stepmom,false,false,15,1,"[""tiktok_stepmomincharge21-24.jsonl""]"
7687809878463267592,7687523753533689121,,,false,scarrzarul86,ScarrZarul,false,"she should give money, not coat....","she should give money, not coat....","she should give money, not coat....","she should give money, not coat....",35,false,false,false,false,false,false,1,1,false,false,false,false,3,1.3863,en,en,true,false,1789957740,2026-09-21 02:29:00,2026-09-21 10:29:00,dramastop7,stepmom,false,false,15,1,"[""tiktok_stepmomincharge21-24.jsonl""]"
7687814161750278933,7687523753533689121,7687712445918282510,Someone please bring me back for the rest part thank you ,true,ski.bidi.bidi,ski🌊,false,"comeback, it's ald done","comeback, it's ald done","comeback, it's ald done","comeback, it's ald done",23,false,false,false,false,false,false,1,1,false,false,false,false,1,0.6931,en,en,true,false,1789958747,2026-09-21 02:45:47,2026-09-21 10:45:47,dramastop7,stepmom,false,false,15,1,"[""tiktok_stepmomincharge21-24.jsonl""]"
7687827690746315542,7687523753533689121,7687555922000003862,Can someone tag me when the next part is uploaded please? ,true,badgaldidi90,Didi Kanyana,false,It’s on!,it’s on!,it’s on!,it’s on!,8,false,false,false,false,false,false,1,2,false,false,false,false,0,0.0,en,en,true,false,1789962073,2026-09-21 03:41:13,2026-09-21 11:41:13,dramastop7,stepmom,false,false,15,1,"[""tiktok_stepmomincharge21-24.jsonl""]"
7687835515462124289,7687523753533689121,,,false,jabulile660,jabulile660,false,these stories are addictive,these stories are addictive,these stories are addictive,these stories are addictive,27,false,false,false,false,false,false,1,1,false,false,false,false,31,3.4657,en,en,true,false,1789963702,2026-09-21 04:08:22,2026-09-21 12:08:22,dramastop7,stepmom,false,false,15,1,"[""tiktok_stepmomincharge21-24.jsonl""]"
7687854459905114888,7687523753533689121,,,false,chidera_39,Glowbyderah,false,Soon y’all will call him tomato,soon y’all will call him tomato,soon y’all will call him tomato,soon y’all will call him tomato,31,false,false,false,false,false,false,1,1,false,false,false,false,0,0.0,en,en,true,false,1789968118,2026-09-21 05:21:58,2026-09-21 13:21:58,dramastop7,stepmom,false,false,15,1,"[""tiktok_stepmomincharge21-24.jsonl""]"
7687884692407173895,7687523753533689121,7687547608138973959,Someone please bring me back for the rest part thank you ☺️,true,ayunarisya_,Arisyaaᥫ᭡,false,the next part uploaded sis,the next part uploaded sis,the next part uploaded sis,the next part uploaded sis,26,false,false,false,false,false,false,1,1,false,false,false,false,0,0.0,en,en,true,false,1789975162,2026-09-21 07:19:22,2026-09-21 15:19:22,dramastop7,stepmom,false,false,15,1,"[""tiktok_stepmomincharge21-24.jsonl""]"
7687924300838142727,7687523753533689121,,,false,sayazarith,SOROK WORKS,false,i didn't hear impossible,i didn't hear impossible,i didn't hear impossible,i didn't hear impossible,24,false,false,false,false,false,false,1,1,false,false,false,false,0,0.0,en,ca,false,false,1789984374,2026-09-21 09:52:54,2026-09-21 17:52:54,dramastop7,stepmom,false,false,15,1,"[""tiktok_stepmomincharge21-24.jsonl""]"
7687932643501458196,7687523753533689121,,,false,khanyisa.mathibel,Khanyisa Mathibela,false,he must goo his cruel to he nieces,he must goo his cruel to he nieces,he must goo his cruel to he nieces,he must goo his cruel to he nieces,34,false,false,false,false,false,false,1,1,false,false,false,false,1,0.6931,en,en,true,false,1789986453,2026-09-21 10:27:33,2026-09-21 18:27:33,dramastop7,stepmom,false,false,15,1,"[""tiktok_stepmomincharge21-24.jsonl""]"
7687938493092479761,7687523753533689121,7687540939574149904,De Marco De Marno De parlo,true,graceemmanuelle24,Grace Emmanuelle571,false, De Marto,de marto,de marto,de marto,8,false,false,false,false,false,false,1,1,false,false,false,false,1,0.6931,eo,pt,false,false,1789987680,2026-09-21 10:48:00,2026-09-21 18:48:00,dramastop7,stepmom,false,false,15,1,"[""tiktok_stepmomincharge21-24.jsonl""]"
7687940519167755024,7687523753533689121,7687540939574149904,De Marco De Marno De parlo,true,grazie3176,Katie,false,de marto? ,de marto?,de marto?,de marto?,9,false,false,false,false,false,false,1,1,false,false,false,false,1,0.6931,eo,pt,false,false,1789988154,2026-09-21 10:55:54,2026-09-21 18:55:54,dramastop7,stepmom,false,false,15,1,"[""tiktok_stepmomincharge21-24.jsonl""]"
7687946721162478356,7687523753533689121,7687547608138973959,Someone please bring me back for the rest part thank you ☺️,true,easy.essentials.tz,easy.essentials.tz,false,please comeback,please comeback,please comeback,please comeback,15,false,false,false,false,false,false,1,1,false,false,false,false,0,0.0,en,en,true,false,1789989598,2026-09-21 11:19:58,2026-09-21 19:19:58,dramastop7,stepmom,false,false,15,1,"[""tiktok_stepmomincharge21-24.jsonl""]"
7687948281469190913,7687523753533689121,7687595391411471120,Thanks for the piece please tag me to the next one,true,trendyessentialupdate,Orire@essential1,false,Is time to come back,is time to come back,is time to come back,is time to come back,20,false,false,false,false,false,false,1,2,false,false,false,false,1,0.6931,en,en,true,false,1789990137,2026-09-21 11:28:57,2026-09-21 19:28:57,dramastop7,stepmom,false,false,15,1,"[""tiktok_stepmomincharge21-24.jsonl""]"
7687951894169568021,7687523753533689121,7687540939574149904,De Marco De Marno De parlo,true,princesspromisepr,CELEBRITY MARRIED WOMAN 😌,false,,,,,0,true,true,false,true,false,false,1,2,false,false,false,false,2,1.0986,un,,,true,1789990797,2026-09-21 11:39:57,2026-09-21 19:39:57,dramastop7,stepmom,false,false,15,1,"[""tiktok_stepmomincharge21-24.jsonl""]"
7687951883470160660,7687523753533689121,7687708252343534356,I think this is the most interesting drama I’ve seen.,true,princesspromisepr,CELEBRITY MARRIED WOMAN 😌,false,Exactly,exactly,exactly,exactly,7,false,false,false,false,false,false,1,2,false,false,false,false,2,1.0986,en,en,true,false,1789990802,2026-09-21 11:40:02,2026-09-21 19:40:02,dramastop7,stepmom,false,false,15,1,"[""tiktok_stepmomincharge21-24.jsonl""]"
7687956171118789389,7687523753533689121,7687708252343534356,I think this is the most interesting drama I’ve seen.,true,unknown.drea6,Drealajean,false,Right I been hooked since 5:30 am,right i been hooked since 5:30 am,right i been hooked since 5:30 am,right i been hooked since 5:30 am,33,false,false,false,false,false,false,1,1,false,false,false,false,43,3.7842,en,en,true,false,1789991873,2026-09-21 11:57:53,2026-09-21 19:57:53,dramastop7,stepmom,false,false,15,1,"[""tiktok_stepmomincharge21-24.jsonl""]"
7687959205261689621,7687523753533689121,,,false,cids.snail.farm.c,Cids Snail Farm Cam.,false,"You want my power, no I want my own, most people miss this two even as a couple.","you want my power, no i want my own, most people miss this two even as a couple.","you want my power, no i want my own, most people miss this two even as a couple.","you want my power, no i want my own, most people miss this two even as a couple.",80,false,false,false,false,false,false,1,1,false,false,false,false,8,2.1972,en,en,true,false,1789992504,2026-09-21 12:08:24,2026-09-21 20:08:24,dramastop7,stepmom,false,false,15,1,"[""tiktok_stepmomincharge21-24.jsonl""]"
7687961915327251217,7687523753533689121,7687595391411471120,Thanks for the piece please tag me to the next one,true,clar1clara,M Clara ❤️🇷🇼,false,Ohh thank you ❤️,ohh thank you ❤️,ohh thank you :red_heart:,ohh thank you :red_heart:,13,false,false,false,false,false,false,1,2,false,false,false,false,1,0.6931,en,en,true,false,1789993152,2026-09-21 12:19:12,2026-09-21 20:19:12,dramastop7,stepmom,false,false,15,1,"[""tiktok_stepmomincharge21-24.jsonl""]"
7687998239593120519,7687523753533689121,7687708252343534356,I think this is the most interesting drama I’ve seen.,true,skuweezmeh,Degee Gonzales 🇵🇭,false,i agree,i agree,i agree,i agree,7,false,false,false,false,false,false,1,1,false,false,false,false,1,0.6931,en,no,false,false,1790001587,2026-09-21 14:39:47,2026-09-21 22:39:47,dramastop7,stepmom,false,false,15,1,"[""tiktok_stepmomincharge21-24.jsonl""]"
7688013295148434198,7687523753533689121,,,false,karinamonikaandriusa,Karina Monika,false,Depalo [Laugh approved][Laugh approved],depalo [laugh approved][laugh approved],depalo [laugh approved][laugh approved],depalo [laugh approved][laugh approved],39,false,false,false,false,false,false,1,1,false,false,false,false,2,1.0986,en,en,true,false,1790005112,2026-09-21 15:38:32,2026-09-21 23:38:32,dramastop7,stepmom,false,false,15,1,"[""tiktok_stepmomincharge21-24.jsonl""]"
7688014510438908703,7687523753533689121,7687708252343534356,I think this is the most interesting drama I’ve seen.,true,jellybellsbells,Ja-NeaNea,false,The lead woman isn’t weak. The lead man isn’t stupid. It’s great.,the lead woman isn’t weak. the lead man isn’t stupid. it’s great.,the lead woman isn’t weak. the lead man isn’t stupid. it’s great.,the lead woman isn’t weak. the lead man isn’t stupid. it’s great.,65,false,false,false,false,false,false,1,1,false,false,false,false,348,5.8551,en,en,true,false,1790005406,2026-09-21 15:43:26,2026-09-21 23:43:26,dramastop7,stepmom,false,false,15,1,"[""tiktok_stepmomincharge21-24.jsonl""]"
7688020312717312789,7687523753533689121,7687540939574149904,De Marco De Marno De parlo,true,pinkannie79,Ana Quiroga,false,[Lágrimas de alegría][Lágrimas de alegría][Lágrimas de alegría][Lágrimas de alegría],[lágrimas de alegría][lágrimas de alegría][lágrimas de alegría][lágrimas de alegría],[lágrimas de alegría][lágrimas de alegría][lágrimas de alegría][lágrimas de alegría],[lágrimas de alegría][lágrimas de alegría][lágrimas de alegría][lágrimas de alegría],84,false,false,false,false,false,false,1,1,false,false,false,false,1,0.6931,es,es,true,false,1790006730,2026-09-21 16:05:30,2026-09-22 00:05:30,dramastop7,stepmom,false,false,15,1,"[""tiktok_stepmomincharge21-24.jsonl""]"
7688032967504118559,7687523753533689121,,,false,pharohslayer,Pharaoh,false,Depollo,depollo,depollo,depollo,7,false,false,false,false,false,false,1,1,false,false,false,false,0,0.0,es,es,true,false,1790009742,2026-09-21 16:55:42,2026-09-22 00:55:42,dramastop7,stepmom,false,false,15,1,"[""tiktok_stepmomincharge21-24.jsonl""]"
7688049999792079634,7687523753533689121,7687540939574149904,De Marco De Marno De parlo,true,emeraldkonye,oma😊,false,De manto sef dey,de manto sef dey,de manto sef dey,de manto sef dey,16,false,false,false,false,false,false,1,1,false,false,false,false,6,1.9459,cy,es,false,false,1790013649,2026-09-21 18:00:49,2026-09-22 02:00:49,dramastop7,stepmom,false,false,15,1,"[""tiktok_stepmomincharge21-24.jsonl""]"
7688050363618034450,7687523753533689121,,,false,okamemmanuel,Okam Emmanuel,false,at this point they should hire voice actors for these short films it will be better,at this point they should hire voice actors for these short films it will be better,at this point they should hire voice actors for these short films it will be better,at this point they should hire voice actors for these short films it will be better,83,false,false,false,false,false,false,1,1,false,false,false,false,6,1.9459,en,en,true,false,1790013725,2026-09-21 18:02:05,2026-09-22 02:02:05,dramastop7,stepmom,false,false,15,1,"[""tiktok_stepmomincharge21-24.jsonl""]"
7688087953603560205,7687523753533689121,,,false,ksm_sadd1xx,Lil Kenny,false,what ep do they kiss,what ep do they kiss,what ep do they kiss,what ep do they kiss,20,false,false,false,false,false,false,1,1,false,false,false,false,9,2.3026,en,en,true,false,1790022489,2026-09-21 20:28:09,2026-09-22 04:28:09,dramastop7,stepmom,false,false,15,1,"[""tiktok_stepmomincharge21-24.jsonl""]"
7688094163577651981,7687523753533689121,,,false,mrs.brown860,Mrs Brown,false,I want it all back Elena!! AT THIS POINT GIVE ME UR SOUL BYTCH!!!,i want it all back elena!! at this point give me ur soul bytch!!!,i want it all back elena!! at this point give me ur soul bytch!!!,i want it all back elena!! at this point give me ur soul bytch!!!,65,false,false,false,false,false,false,1,2,false,false,false,false,2,1.0986,en,en,true,false,1790023940,2026-09-21 20:52:20,2026-09-22 04:52:20,dramastop7,stepmom,false,false,15,1,"[""tiktok_stepmomincharge21-24.jsonl""]"
7688101291461968653,7687523753533689121,7687708252343534356,I think this is the most interesting drama I’ve seen.,true,saesae9316,SaeSae,false,Girl! I can’t stop watching it!!! So glad the episodes are free on TikTok bc i wasn’t about to pay to watch them!!! It’s soooooo good. Lord.,girl! i can’t stop watching it!!! so glad the episodes are free on tiktok bc i wasn’t about to pay to watch them!!! it’s so good. lord.,girl! i can’t stop watching it!!! so glad the episodes are free on tiktok bc i wasn’t about to pay to watch them!!! it’s so good. lord.,girl! i can’t stop watching it!!! so glad the episodes are free on tiktok bc i wasn’t about to pay to watch them!!! it’s so good. lord.,140,false,false,false,false,false,false,1,1,false,false,false,false,18,2.9444,en,en,true,false,1790025619,2026-09-21 21:20:19,2026-09-22 05:20:19,dramastop7,stepmom,false,false,15,1,"[""tiktok_stepmomincharge21-24.jsonl""]"
7688117271495885581,7687523753533689121,7688087953603560205,what ep do they kiss,true,shadow952d,𝐖𝐬𝐡| 𝑺𝒀𝑵𝑪,false,This one,this one,this one,this one,8,false,false,false,false,false,false,1,1,false,false,false,false,1,0.6931,en,en,true,false,1790029326,2026-09-21 22:22:06,2026-09-22 06:22:06,dramastop7,stepmom,false,false,15,1,"[""tiktok_stepmomincharge21-24.jsonl""]"
7688121944324227870,7687523753533689121,,,false,brainfullofwhimsy0_0,=w=,false,Cut,cut,cut,cut,3,false,false,false,false,false,false,1,1,false,false,false,false,0,0.0,en,,,true,1790030459,2026-09-21 22:40:59,2026-09-22 06:40:59,dramastop7,stepmom,false,false,15,1,"[""tiktok_stepmomincharge21-24.jsonl""]"
7688143566266352404,7687523753533689121,7687540939574149904,De Marco De Marno De parlo,true,svet_1807,🇦🇺Svet🇲🇰,false,De “anyone” but the right name ,de “anyone” but the right name,de “anyone” but the right name,de “anyone” but the right name,30,false,false,false,false,false,false,1,1,false,false,false,false,4,1.6094,en,en,true,false,1790035450,2026-09-22 00:04:10,2026-09-22 08:04:10,dramastop7,stepmom,false,false,15,1,"[""tiktok_stepmomincharge21-24.jsonl""]"
7688169615788409631,7687523753533689121,,,false,theblushingmomma,Anna,false,DePaulo…,depaulo…,depaulo…,depaulo…,8,false,false,false,false,false,false,1,2,false,false,false,false,0,0.0,pt,pt,true,false,1790041500,2026-09-22 01:45:00,2026-09-22 09:45:00,dramastop7,stepmom,false,false,15,1,"[""tiktok_stepmomincharge21-24.jsonl""]"
7688226797918339861,7687523753533689121,7687540939574149904,De Marco De Marno De parlo,true,thanyarat_0057,Jessie คุณนายน้อยตระกูล…🪷🐉,false,De Tomato,de tomato,de tomato,de tomato,9,false,false,false,false,false,false,1,1,false,false,false,false,4,1.6094,es,pt,false,false,1790054811,2026-09-22 05:26:51,2026-09-22 13:26:51,dramastop7,stepmom,false,false,15,1,"[""tiktok_stepmomincharge21-24.jsonl""]"
7688250346422534932,7687523753533689121,,,false,idle_capitalist,Cmacron,false,,,,,0,true,true,false,true,false,false,0,1,false,false,false,false,0,0.0,un,,,true,1790060299,2026-09-22 06:58:19,2026-09-22 14:58:19,dramastop7,stepmom,false,false,15,1,"[""tiktok_stepmomincharge21-24.jsonl""]"
7688289660355609352,7687523753533689121,7687540939574149904,De Marco De Marno De parlo,true,tracyonapa7,trace2real♣️,false,DeTomato..,detomato..,detomato..,detomato..,10,false,false,false,false,false,false,1,1,false,false,false,false,1,0.6931,ja,it,false,false,1790069451,2026-09-22 09:30:51,2026-09-22 17:30:51,dramastop7,stepmom,false,false,15,1,"[""tiktok_stepmomincharge21-24.jsonl""]"
7688291956388348690,7687523753533689121,7687708252343534356,I think this is the most interesting drama I’ve seen.,true,okedahapa,🕸🍀,false,i agree,i agree,i agree,i agree,7,false,false,false,false,false,false,1,1,false,false,false,false,0,0.0,en,no,false,false,1790069976,2026-09-22 09:39:36,2026-09-22 17:39:36,dramastop7,stepmom,false,false,15,1,"[""tiktok_stepmomincharge21-24.jsonl""]"
7688356232402371346,7687523753533689121,7687708252343534356,I think this is the most interesting drama I’ve seen.,true,yeomnaye,saa.,false,YESS!!N,yess!!n,yess!!n,yess!!n,7,false,false,false,false,false,false,1,2,false,false,false,false,0,0.0,en,tr,false,false,1790084939,2026-09-22 13:48:59,2026-09-22 21:48:59,dramastop7,stepmom,false,false,15,1,"[""tiktok_stepmomincharge21-24.jsonl""]"
7688356283720893192,7687523753533689121,7687540939574149904,De Marco De Marno De parlo,true,yeomnaye,saa.,false,HAHAHAHAHA,hahahahaha,hahahahaha,hahahahaha,10,false,false,false,false,false,false,1,2,false,false,false,false,1,0.6931,tl,so,false,false,1790084951,2026-09-22 13:49:11,2026-09-22 21:49:11,dramastop7,stepmom,false,false,15,1,"[""tiktok_stepmomincharge21-24.jsonl""]"
7688356613815763732,7687523753533689121,,,false,sbs.by_mitha,mitha,false,,,,,0,true,true,false,true,false,false,0,1,false,false,false,false,0,0.0,un,,,true,1790085028,2026-09-22 13:50:28,2026-09-22 21:50:28,dramastop7,stepmom,false,false,15,1,"[""tiktok_stepmomincharge21-24.jsonl""]"
7688383916487983893,7687523753533689121,,,false,user6361570498155,Esther Ama,false,next épisode pls,next épisode pls,next épisode pls,next épisode pls,16,false,false,false,false,false,true,3,3,false,false,false,false,0,0.0,fr,fr,true,false,1790091578,2026-09-22 15:39:38,2026-09-22 23:39:38,dramastop7,stepmom,false,false,15,1,"[""tiktok_stepmomincharge21-24.jsonl""]"
7688428164352066311,7687523753533689121,,,false,dees.place1823,Dee's place1823,false,c,c,c,c,1,false,false,false,true,false,false,1,1,false,false,false,false,0,0.0,fr,,,true,1790101693,2026-09-22 18:28:13,2026-09-23 02:28:13,dramastop7,stepmom,false,false,15,1,"[""tiktok_stepmomincharge21-24.jsonl""]"
7688428264431567623,7687523753533689121,,,false,cloroxholic.mp4,cloroxholic,false,he liked his big wifey ,he liked his big wifey,he liked his big wifey,he liked his big wifey,22,false,false,false,false,false,false,1,1,false,false,false,false,3,1.3863,en,en,true,false,1790101713,2026-09-22 18:28:33,2026-09-23 02:28:33,dramastop7,stepmom,false,false,15,1,"[""tiktok_stepmomincharge21-24.jsonl""]"
7688438135419880205,7687523753533689121,7687708252343534356,I think this is the most interesting drama I’ve seen.,true,318.renny,Serenity,false,Literally! I would've scrolled off of it but this one is gooooooddd,literally! i would've scrolled off of it but this one is god,literally! i would've scrolled off of it but this one is god,literally! i would've scrolled off of it but this one is god,67,false,false,false,false,false,false,1,1,false,false,false,false,0,0.0,en,en,true,false,1790104039,2026-09-22 19:07:19,2026-09-23 03:07:19,dramastop7,stepmom,false,false,15,1,"[""tiktok_stepmomincharge21-24.jsonl""]"
7688454946693710613,7687523753533689121,,,false,adilah_adnan,DieylaaShop,false,"Omg really a partner in crimes ,love the relationship tht isn’t based on lust only I mean their feeling can develop wht matters more is protecting and backing up each other..","omg really a partner in crimes ,love the relationship tht isn’t based on lust only i mean their feeling can develop wht matters more is protecting and backing up each other..","omg really a partner in crimes ,love the relationship tht isn’t based on lust only i mean their feeling can develop wht matters more is protecting and backing up each other..","omg really a partner in crimes ,love the relationship tht isn’t based on lust only i mean their feeling can develop wht matters more is protecting and backing up each other..",174,false,false,false,false,false,false,1,1,false,false,false,false,2,1.0986,en,en,true,false,1790107933,2026-09-22 20:12:13,2026-09-23 04:12:13,dramastop7,stepmom,false,false,15,1,"[""tiktok_stepmomincharge21-24.jsonl""]"
7688491240975565589,7687523753533689121,7687540939574149904,De Marco De Marno De parlo,true,skyaddisonraey,•♡phi addy♡•,false,you forgot abaut De marto ,you forgot abaut de marto,you forgot abaut de marto,you forgot abaut de marto,25,false,false,false,false,false,false,1,1,false,false,false,false,2,1.0986,en,ca,false,false,1790116393,2026-09-22 22:33:13,2026-09-23 06:33:13,dramastop7,stepmom,false,false,15,1,"[""tiktok_stepmomincharge21-24.jsonl""]"
7688508161007174414,7687523753533689121,,,false,ktyphani,Ktyphanie,false,"I love that she gave that homeless hungry kid her jacket and then kept it pushing.  she like, I got places to be ","i love that she gave that homeless hungry kid her jacket and then kept it pushing. she like, i got places to be","i love that she gave that homeless hungry kid her jacket and then kept it pushing. she like, i got places to be","i love that she gave that homeless hungry kid her jacket and then kept it pushing. she like, i got places to be",111,false,false,false,false,false,false,1,1,false,false,false,false,35,3.5835,en,en,true,false,1790120332,2026-09-22 23:38:52,2026-09-23 07:38:52,dramastop7,stepmom,false,false,15,1,"[""tiktok_stepmomincharge21-24.jsonl""]"
7688518461991125777,7687523753533689121,7687708252343534356,I think this is the most interesting drama I’ve seen.,true,dxflamingo0,dxflamingo0,false,trueeee ,true,true,true,7,false,false,false,false,false,false,1,1,false,false,false,false,6,1.9459,en,vi,false,false,1790122722,2026-09-23 00:18:42,2026-09-23 08:18:42,dramastop7,stepmom,false,false,15,1,"[""tiktok_stepmomincharge21-24.jsonl""]"
7688522802358649630,7687523753533689121,7687708252343534356,I think this is the most interesting drama I’ve seen.,true,droolovermwa,γκέι,false,I’m watching ALL THEM ,i’m watching all them,i’m watching all them,i’m watching all them,21,false,false,false,false,false,false,1,1,false,false,false,false,0,0.0,en,en,true,false,1790123764,2026-09-23 00:36:04,2026-09-23 08:36:04,dramastop7,stepmom,false,false,15,1,"[""tiktok_stepmomincharge21-24.jsonl""]"
7688538408751383304,7687523753533689121,,,false,ignbobosp,IGN Bobo SP,false,Better than netflix series,better than netflix series,better than netflix series,better than netflix series,26,false,false,false,false,false,false,1,1,false,false,false,false,1,0.6931,en,en,true,false,1790127363,2026-09-23 01:36:03,2026-09-23 09:36:03,dramastop7,stepmom,false,false,15,1,"[""tiktok_stepmomincharge21-24.jsonl""]"
7688557785659900686,7687523753533689121,7687540939574149904,De Marco De Marno De parlo,true,_shessomoody,Shessomoody,false,,,,,0,true,true,false,true,false,false,0,1,false,false,false,false,5,1.7918,un,,,true,1790131888,2026-09-23 02:51:28,2026-09-23 10:51:28,dramastop7,stepmom,false,false,15,1,"[""tiktok_stepmomincharge21-24.jsonl""]"
7688559259161117454,7687523753533689121,7688508161007174414,"I love that she gave that homeless hungry kid her jacket and then kept it pushing.  she like, I got places to be ",true,priceetiara,Price E Tiara,false,I was confused cause she ain think she needed food with that jacket ,i was confused cause she ain think she needed food with that jacket,i was confused cause she ain think she needed food with that jacket,i was confused cause she ain think she needed food with that jacket,67,false,false,false,false,false,false,1,1,false,false,false,false,5,1.7918,en,en,true,false,1790132259,2026-09-23 02:57:39,2026-09-23 10:57:39,dramastop7,stepmom,false,false,15,1,"[""tiktok_stepmomincharge21-24.jsonl""]"
7688570292743258901,7687523753533689121,,,false,aiatism,aiya,false,Demommy,demommy,demommy,demommy,7,false,false,false,false,false,false,1,1,false,false,false,false,3,1.3863,en,da,false,false,1790134798,2026-09-23 03:39:58,2026-09-23 11:39:58,dramastop7,stepmom,false,false,15,1,"[""tiktok_stepmomincharge21-24.jsonl""]"
7688425951910871824,7687523753533689121,,,false,user5468470630156,agunaamina897@gmail.com,false,am enjoying,am enjoying,am enjoying,am enjoying,11,false,false,false,false,false,false,1,1,false,false,false,false,0,0.0,en,no,false,false,1790140630,2026-09-23 05:17:10,2026-09-23 13:17:10,dramastop7,stepmom,false,false,15,1,"[""tiktok_stepmomincharge21-24.jsonl""]"
7688634452183958290,7687523753533689121,,,false,anniepearl06,anniepearl,false,if you liked what you saw why did she reduce??? ,if you liked what you saw why did she reduce???,if you liked what you saw why did she reduce???,if you liked what you saw why did she reduce???,47,false,false,true,false,false,false,1,1,false,false,false,false,0,0.0,en,en,true,false,1790149717,2026-09-23 07:48:37,2026-09-23 15:48:37,dramastop7,stepmom,false,false,15,1,"[""tiktok_stepmomincharge21-24.jsonl""]"
7688640084040106770,7687523753533689121,,,false,marraj0066,marraj😂,false,"Ik9
j
j
j",ik9 j j j,ik9 j j j,ik9 j j j,9,false,false,false,false,false,false,1,1,false,false,false,false,0,0.0,vi,hr,false,false,1790151032,2026-09-23 08:10:32,2026-09-23 16:10:32,dramastop7,stepmom,false,false,15,1,"[""tiktok_stepmomincharge21-24.jsonl""]"
7688691685228348180,7687523753533689121,,,false,tawana.frederick,Tawana Frederick,false,,,,,0,true,true,false,true,false,false,0,1,false,false,false,false,0,0.0,un,,,true,1790163046,2026-09-23 11:30:46,2026-09-23 19:30:46,dramastop7,stepmom,false,false,15,1,"[""tiktok_stepmomincharge21-24.jsonl""]"
7688748369812079412,7687523753533689121,,,false,tk2pu00a3dq327,khloe' the beautician,false,Demarco Depaco De Palo Tomato ,demarco depaco de palo tomato,demarco depaco de palo tomato,demarco depaco de palo tomato,29,false,false,false,false,false,false,1,1,false,false,false,false,0,0.0,es,pt,false,false,1790176338,2026-09-23 15:12:18,2026-09-23 23:12:18,dramastop7,stepmom,false,false,15,1,"[""tiktok_stepmomincharge21-24.jsonl""]"
7688841177592857345,7687523753533689121,,,false,musu.marrah65,Musu Marrah,false,,,,,0,true,true,false,true,false,false,0,1,false,false,false,false,0,0.0,un,,,true,1790197860,2026-09-23 21:11:00,2026-09-24 05:11:00,dramastop7,stepmom,false,false,15,1,"[""tiktok_stepmomincharge21-24.jsonl""]"
7689102370042938118,7687523753533689121,,,false,htenywgig,htenywg,false,de marco de polo de maco I'm confused,de marco de polo de maco i'm confused,de marco de polo de maco i'm confused,de marco de polo de maco i'm confused,37,false,false,false,false,false,false,1,1,false,false,false,false,0,0.0,es,pt,false,false,1790258661,2026-09-24 14:04:21,2026-09-24 22:04:21,dramastop7,stepmom,false,false,15,1,"[""tiktok_stepmomincharge21-24.jsonl""]"
7689337015004185365,7687523753533689121,,,false,user3405088743083,Tictoc,false,,,,,0,true,true,false,true,false,false,0,1,false,false,false,false,0,0.0,un,,,true,1790313315,2026-09-25 05:15:15,2026-09-25 13:15:15,dramastop7,stepmom,false,false,15,1,"[""tiktok_stepmomincharge21-24.jsonl""]"
7689360865090749192,7687523753533689121,,,false,nontourw_bisorw,Nontourw_Bisorw,false,Ai is something else ,ai is something else,ai is something else,ai is something else,20,false,false,false,false,false,false,1,2,false,false,false,false,2,1.0986,en,no,false,false,1790318856,2026-09-25 06:47:36,2026-09-25 14:47:36,dramastop7,stepmom,false,false,15,1,"[""tiktok_stepmomincharge21-24.jsonl""]"
7689361791336104711,7687523753533689121,,,false,nontourw_bisorw,Nontourw_Bisorw,false,Mistis Demarco ,mistis demarco,mistis demarco,mistis demarco,14,false,false,false,false,false,false,1,2,false,false,false,false,0,0.0,eo,pt,false,false,1790319065,2026-09-25 06:51:05,2026-09-25 14:51:05,dramastop7,stepmom,false,false,15,1,"[""tiktok_stepmomincharge21-24.jsonl""]"
7689369185701069576,7687523753533689121,7687540939574149904,De Marco De Marno De parlo,true,rmagshoppingstore,RM AG ᥫ᭡,false,Same hahaha now de palo,same hahaha now de palo,same hahaha now de palo,same hahaha now de palo,23,false,false,false,false,false,false,1,1,false,false,false,false,1,0.6931,en,so,false,false,1790320792,2026-09-25 07:19:52,2026-09-25 15:19:52,dramastop7,stepmom,false,false,15,1,"[""tiktok_stepmomincharge21-24.jsonl""]"
7689508957472375604,7687523753533689121,7687540939574149904,De Marco De Marno De parlo,true,annecartson,Anne Cartson,false,I saw another videos : De mantov de Marcov,i saw another videos : de mantov de marcov,i saw another videos : de mantov de marcov,i saw another videos : de mantov de marcov,42,false,false,false,false,false,false,1,2,false,false,false,false,0,0.0,en,ca,false,false,1790353351,2026-09-25 16:22:31,2026-09-26 00:22:31,dramastop7,stepmom,false,false,15,1,"[""tiktok_stepmomincharge21-24.jsonl""]"
7689650630953042708,7687523753533689121,7687708252343534356,I think this is the most interesting drama I’ve seen.,true,zenaaaa43,ss💌,false,Yes,yes,yes,yes,3,false,false,false,false,false,false,1,1,false,false,false,false,0,0.0,en,,,true,1790386325,2026-09-26 01:32:05,2026-09-26 09:32:05,dramastop7,stepmom,false,false,15,1,"[""tiktok_stepmomincharge21-24.jsonl""]"
7689688659713458952,7687523753533689121,7687540939574149904,De Marco De Marno De parlo,true,loiza1999,Loiza_'99,false,Next it will be de Parlor,next it will be de parlor,next it will be de parlor,next it will be de parlor,25,false,false,false,false,false,false,1,1,false,false,false,false,1,0.6931,en,en,true,false,1790395184,2026-09-26 03:59:44,2026-09-26 11:59:44,dramastop7,stepmom,false,false,15,1,"[""tiktok_stepmomincharge21-24.jsonl""]"
7689747205243339540,7687523753533689121,,,false,kabelomkb,KabeloMKB 🇿🇦,false,what new clothes,what new clothes,what new clothes,what new clothes,16,false,false,false,false,false,false,1,1,false,false,false,false,1,0.6931,en,en,true,false,1790408810,2026-09-26 07:46:50,2026-09-26 15:46:50,dramastop7,stepmom,false,false,15,1,"[""tiktok_stepmomincharge21-24.jsonl""]"
7689773865962275602,7687523753533689121,7687708252343534356,I think this is the most interesting drama I’ve seen.,true,watahi_99,Terry🫢,false,Same here!!,same here!!,same here!!,same here!!,11,false,false,false,false,false,false,1,2,false,false,false,false,0,0.0,en,da,false,false,1790415009,2026-09-26 09:30:09,2026-09-26 17:30:09,dramastop7,stepmom,false,false,15,1,"[""tiktok_stepmomincharge21-24.jsonl""]"
7689776842374841089,7687523753533689121,7687708252343534356,I think this is the most interesting drama I’ve seen.,true,clairtheair,🤔,false,The skinning one is better lol,the skinning one is better lol,the skinning one is better lol,the skinning one is better lol,30,false,false,false,false,false,false,1,1,false,false,false,false,0,0.0,en,en,true,false,1790415706,2026-09-26 09:41:46,2026-09-26 17:41:46,dramastop7,stepmom,false,false,15,1,"[""tiktok_stepmomincharge21-24.jsonl""]"
7689790600920630048,7687523753533689121,7687555922000003862,Can someone tag me when the next part is uploaded please? ,true,lassyhere,Lassy 🐝🫧🩷,false,it's been hereee,it's been here,it's been here,it's been here,16,false,false,false,false,false,false,1,2,false,false,false,false,0,0.0,en,nl,false,false,1790418914,2026-09-26 10:35:14,2026-09-26 18:35:14,dramastop7,stepmom,false,false,15,1,"[""tiktok_stepmomincharge21-24.jsonl""]"
7689799960355439368,7687523753533689121,,,false,linda11464,AFIA pretty❤️‍🩹🩷,false,Bring me back please,bring me back please,bring me back please,bring me back please,20,false,false,false,false,false,false,1,1,false,false,false,false,0,0.0,en,en,true,false,1790421091,2026-09-26 11:11:31,2026-09-26 19:11:31,dramastop7,stepmom,false,false,15,1,"[""tiktok_stepmomincharge21-24.jsonl""]"
7689860641980613396,7687523753533689121,7687540939574149904,De Marco De Marno De parlo,true,real_jenni1,Onyemulu Jennifer,false,Everything “ De “,everything “ de “,everything “ de “,everything “ de “,17,false,false,false,false,false,false,1,1,false,false,false,false,0,0.0,en,en,true,false,1790435216,2026-09-26 15:06:56,2026-09-26 23:06:56,dramastop7,stepmom,false,false,15,1,"[""tiktok_stepmomincharge21-24.jsonl""]"
7690004038406062856,7687523753533689121,7687708252343534356,I think this is the most interesting drama I’ve seen.,true,inaaaaeya,Ina,false,me too,me too,me too,me too,6,false,false,false,false,false,false,1,1,false,false,false,false,0,0.0,en,en,true,false,1790468610,2026-09-27 00:23:30,2026-09-27 08:23:30,dramastop7,stepmom,false,false,15,1,"[""tiktok_stepmomincharge21-24.jsonl""]"
7690266878984831750,7687523753533689121,7687540939574149904,De Marco De Marno De parlo,true,angelics_p_raliavhegwa,Angelics✨️,false,delulu,delulu,delulu,delulu,6,false,false,false,false,false,false,1,1,false,false,false,false,0,0.0,id,ro,false,false,1790529815,2026-09-27 17:23:35,2026-09-28 01:23:35,dramastop7,stepmom,false,false,15,1,"[""tiktok_stepmomincharge21-24.jsonl""]"
7690482993384293140,7687523753533689121,7687540939574149904,De Marco De Marno De parlo,true,laadyy_lee,Lady_Lee,false,De Marlo ,de marlo,de marlo,de marlo,8,false,false,false,false,false,false,1,1,false,false,false,false,1,0.6931,es,es,true,false,1790580123,2026-09-28 07:22:03,2026-09-28 15:22:03,dramastop7,stepmom,false,false,15,1,"[""tiktok_stepmomincharge21-24.jsonl""]"
7690510328966939413,7687523753533689121,,,false,jabulile678,Jabulile😝😝🔥🔥,false,l enjoyed this !!,l enjoyed this !!,l enjoyed this !!,l enjoyed this !!,17,false,false,false,false,false,false,1,1,false,false,false,false,1,0.6931,en,en,true,false,1790586485,2026-09-28 09:08:05,2026-09-28 17:08:05,dramastop7,stepmom,false,false,15,1,"[""tiktok_stepmomincharge21-24.jsonl""]"
7690892923395244807,7687523753533689121,,,false,sisi_ka_nhlaka,Kea🫀!!,false,Mr Dlamini once,mr dlamini once,mr dlamini once,mr dlamini once,15,false,false,false,false,false,false,1,1,false,false,false,false,1,0.6931,en,tr,false,false,1790675561,2026-09-29 09:52:41,2026-09-29 17:52:41,dramastop7,stepmom,false,false,15,1,"[""tiktok_stepmomincharge21-24.jsonl""]"
