platform,content_type,content_id,video_title,comment_id,parent_id,author,likes,timestamp,original_text,clean_text,source_file,source_path,document_id,lang,n_tokens,lda_topic,bt_topic
TikTok,comment,7671243298413104414,,7677853423883076382,,,1723,1787639648,"Bo lin I love you my guy, but you should have kept her",lin love guy kept,tiktok_butheisapollo10.jsonl,root.text,DOC_002035,en,4,6,0
TikTok,comment,7584379129022156045,,7584592876949046028,,,0,1765925847,Wait he and they kiss omo howw,wait kiss omo howw,tiktok_notyouraveragecrow1.jsonl,root.text,DOC_003622,en,4,0,-1
TikTok,comment,7687509802456534305,,7689780850166661909,,,1,1790416638,okay i came from Facebook to watch the rest yeah ❤️,okay came facebook watch rest yeah,tiktok_stepmomincharge15-20.jsonl,root.text,DOC_004077,en,4,6,16
TikTok,comment,7687159415908125985,,7688073833471099656,,,75,1790019192,I don't like the fact she had to work on her weight,don like fact work weight,tiktok_stepmomincharge1-4.jsonl,root.text,DOC_003962,en,3,0,0
YouTube,comment,n9D3b0K9pko,【FULL】Swapped to a Poor Bard? He Is the God Apollo!,UgwcfoxTfwFIZBdHaRt4AaABAg,,@jerrykinen-f1d,0,1785888000,"Well if I was a god
 I'd want to be like the god of God's definitely what I think when it comes to being a god.",well god want like god god definitely think comes god,【FULL】Swapped to a Poor Bard_ He Is the God Apollo!.json,root.comments[382].text,DOC_000888,en,9,5,5
TikTok,comment,7653860933533519135,,7658312971735614228,,,0,1783090251,girl I watch c-drama everyday am going to watch it now,girl watch drama everyday going watch,tiktok_butheisapollo6.jsonl,root.text,DOC_003331,en,3,7,-1
TikTok,comment,7674678278162025750,,7677981397576352519,,,2,1787669366,Nothing fit make me trust man for this life,nothing fit make trust man life,tiktok_butheisapollo1.jsonl,root.text,DOC_001286,en,5,7,10
TikTok,comment,7676528108995972374,,7677888231380517640,,,2,1787647686,He be like na Jae second,like jae second,tiktok_butheisapollo11.jsonl,root.text,DOC_002497,en,2,4,1
YouTube,comment,n9D3b0K9pko,【FULL】Swapped to a Poor Bard? He Is the God Apollo!,UgwO7ZEbrSMki4dqFOJ4AaABAg,,@sall1804,1,1788566400,"So this story is played in Chinese, different actors in modern and ancient time, then by some white people in modern time and now Greek mythology 😂the only difference is that in this Greek mythology version, they keep shouting at each other every second. Authors can’t write good stories nowadays that they make these stories in different versions, different languages, different actors..",story played chinese different actors modern ancient time white people modern time greek mythology difference greek mythology version keep shouting every second authors can write good stories nowadays make stories different versions different languages different actors,【FULL】Swapped to a Poor Bard_ He Is the God Apollo!.json,root.comments[466].text,DOC_000965,en,34,4,-1
TikTok,comment,7677740875966876950,,7677878987675517703,,,1,1787645523,Exactly. Forward i move,exactly forward move,tiktok_butheisapollo10.jsonl,root.text,DOC_002303,en,3,0,4
TikTok,comment,7686339862995291422,,7690408022149530382,,,2,1790562673,Sorry to break it to you love but it’s the fact that you are gorgeous! Absolutely nothing to do with what you are wearing,sorry break love fact gorgeous absolutely nothing wearing,tiktok_notyouraveragecrow1.jsonl,root.text,DOC_003534,en,8,9,12
TikTok,comment,7677740875966876950,,7677905905786716936,,,1,1787651784,someone should please bring me back,someone please bring back,tiktok_butheisapollo10.jsonl,root.text,DOC_002253,en,3,1,4
YouTube,comment,wlEYNQo-ckI,Fruit Love Island- Episode 1,Ugxm6TZaVzBLy9RaiGR4AaABAg.A_p5Pg841D2AbF5qskOXAu,,@treattrick8991,0,1790467200,​ @bluepuppystudios3617 well atleast the orcas and the leopard seals are fine. Besides we are fine still,well atleast orcas leopard seals fine besides fine still,combined_series.json,root.comments[0].replies[1].replies[0].replies[0].text,DOC_000170,en,9,3,13
TikTok,comment,7469458353190636805,,7469801968211870471,,,198,1739198815,MONTOYA LEAVE THAT GORL JUSEYO,montoya leave gorl juseyo,tiktok_temptationfruitisland5.jsonl,root.text,DOC_006339,en,4,8,-1
TikTok,comment,7686339862995291422,,7686941335005283102,,,4,1789755554,I can’t help guys are gay,can help guys gay,tiktok_notyouraveragecrow1.jsonl,root.text,DOC_003595,en,3,2,12
TikTok,comment,7482999322599181614,,7489809045709292318,,,0,1743857095,Literally cried & inlove mark,literally cried inlove mark,tiktok_temptationfruitisland10.jsonl,root.text,DOC_005539,en,4,8,9
TikTok,comment,7482999322599181614,,7483083585471365919,,,8131,1742291316,This scene made me so sad. Because it’s relatable.,scene made sad relatable,tiktok_temptationfruitisland10.jsonl,root.text,DOC_005372,en,3,1,-1
TikTok,comment,7653860933533519135,,7653902477976683294,,,2,1782063060,There is a copycat TikTok out there. I’m not sure if it’s your back up.,copycat tiktok sure back,tiktok_butheisapollo6.jsonl,root.text,DOC_003338,en,3,1,-1
TikTok,comment,7631609869396643103,,7632216640369312533,,,3,1777013930,Part2 from South Africa,part2 south africa,tiktok_butheisapollo15.jsonl,root.text,DOC_002961,en,2,7,3
TikTok,comment,7469458353190636805,,7469497244590768901,,,2059,1739131466,"I'm not even laughing anymore its just tears now
Montoya Por Favor ️️️",even laughing anymore tears montoya por favor,tiktok_temptationfruitisland5.jsonl,root.text,DOC_006289,en,7,0,9
TikTok,comment,7687400012866768161,,7687512339566265105,,,11,1789888456,I love this movie though didn’t end well cox I need more episodes,love movie though didn end well cox need episodes,tiktok_stepmomincharge8-10.jsonl,root.text,DOC_004286,en,8,9,11
TikTok,comment,7636564649621671188,,7646351659882332948,,,0,1780304988,ingat po kayo sir ❤️❤️❤️❤️,ingat kayo sir,tiktok_notyouraveragecrow1.jsonl,root.text,DOC_003427,tl,3,0,2
TikTok,comment,7671243298413104414,,7687855627850400513,,,2,1789968385,Eska knows what she wants,eska knows wants,tiktok_butheisapollo10.jsonl,root.text,DOC_002078,en,3,8,0
TikTok,comment,7671243298413104414,,7677821524041335582,,,0,1787632173,Both. You can do it. I believe in you Bo Lin.,can believe lin,tiktok_butheisapollo10.jsonl,root.text,DOC_002097,en,2,5,-1
YouTube,comment,n9D3b0K9pko,【FULL】Swapped to a Poor Bard? He Is the God Apollo!,Ugy6LQWLvEWvjobtFbd4AaABAg,,@GiseleMartin-j3d,0,1790121600,Agree why so much shooting it sound like need anger management lmao,agree much shooting sound like need anger management lmao,【FULL】Swapped to a Poor Bard_ He Is the God Apollo!.json,root.comments[204].text,DOC_000719,en,8,3,-1
YouTube,comment,wlEYNQo-ckI,Fruit Love Island- Episode 1,UgyuBYaQKKyD1_mcxHx4AaABAg,,@WhitneyMolloy-u5z,0,1789948800,Nooo WAY 😭🤚 the drama is bigger than the real love Island 🫢,nooo way drama bigger real love island,combined_series.json,root.comments[8].text,DOC_000182,en,6,6,-1
TikTok,comment,7677183927886302471,,7685145499309163265,,,11,1789337422,there is part two on this page. She’s even married with a kid,part two page even married kid,tiktok_butheisapollo10.jsonl,root.text,DOC_001827,en,5,7,0
TikTok,comment,7636564649621671188,,7641348369588192021,,,2,1779140082,May Tao to na pinagkatiwalaan na pag may mangyare dito matic may magpa palabas,may tao pinagkatiwalaan pag may mangyare dito matic may magpa palabas,tiktok_notyouraveragecrow1.jsonl,root.text,DOC_003439,tl,11,5,2
TikTok,comment,7671243298413104414,,7688428551482426145,,,0,1790101789,those are not twin girls my boy. one of them is a dude,twin girls boy one dude,tiktok_butheisapollo10.jsonl,root.text,DOC_002065,en,4,2,-1
TikTok,comment,7677740875966876950,,7680328751310537490,,,0,1788215915,Nowadays I’m not seeing this video on my fyp again o,nowadays seeing video fyp,tiktok_butheisapollo10.jsonl,root.text,DOC_002357,en,3,8,6
TikTok,comment,7674678278162025750,,7674801270231089928,,,1,1786928941,"Na lie , trust man on ur own risk",lie trust man risk,tiktok_butheisapollo1.jsonl,root.text,DOC_001307,en,4,7,10
TikTok,comment,7482999322599181614,,7483326338255504133,,,1,1742347722,We accept the love we think we deserve  poor girl,accept love think deserve poor girl,tiktok_temptationfruitisland10.jsonl,root.text,DOC_005499,en,6,6,17
TikTok,comment,7676528108995972374,,7676542754755429140,,,9,1787334406,"please make it more longer, because is too short main..",please make longer short main,tiktok_butheisapollo11.jsonl,root.text,DOC_002561,en,3,2,8
TikTok,comment,7683031765518175521,,7684380689130767124,,,4,1789159447,"So someone who does all these can't take care of you in marriage??
Nawa oo",someone can take care marriage nawa,tiktok_butheisapollo10.jsonl,root.text,DOC_001991,en,5,2,-1
TikTok,comment,7677740875966876950,,7677948141408633607,,,1,1787661616,25 August 2023 my baby died at 2pm,august baby died 2pm,tiktok_butheisapollo10.jsonl,root.text,DOC_002141,en,3,3,13
TikTok,comment,7482999322599181614,,7483703358365451054,,,9,1742435492,"mark is a girls girl, we love mark",mark girls girl love mark,tiktok_temptationfruitisland10.jsonl,root.text,DOC_005383,en,5,6,-1
TikTok,comment,7677183927886302471,,7686250546596446984,,,1,1789594683,this is so yae yae yae,yae yae yae,tiktok_butheisapollo10.jsonl,root.text,DOC_001809,en,3,4,22
TikTok,comment,7674678278162025750,,7674773662130275074,,,1,1786922527,Trust man’s or you become monkey,trust man become monkey,tiktok_butheisapollo1.jsonl,root.text,DOC_001428,en,4,7,10
TikTok,comment,7609634525609577741,,7609698772755448597,,,6,1771771075,He guess he did not know how to drive. He could have taken the car.,guess know drive taken car,tiktok_notyouraveragecrow3.jsonl,root.text,DOC_003895,en,5,4,1
TikTok,comment,7676528108995972374,,7676913990148391700,,,1,1787420841,Who else noticed she is looking like “ Oma the pregnant virgin??,else noticed looking like oma pregnant virgin,tiktok_butheisapollo11.jsonl,root.text,DOC_002672,en,6,0,0
TikTok,comment,7686339862995291422,,7690956706771321608,,,0,1790690412,"Yeah, nobody care about it",yeah nobody care,tiktok_notyouraveragecrow1.jsonl,root.text,DOC_003527,en,3,5,-1
TikTok,comment,7687159415908125985,,7687330825343386386,,,10,1789846322,wow very interesting story plz tag me da nxt episode plz don't keep me waiting,wow interesting story plz tag nxt episode plz don keep waiting,tiktok_stepmomincharge1-4.jsonl,root.text,DOC_003922,en,7,4,-1
TikTok,comment,7653860933533519135,,7659860434555634439,,,0,1783450247,"Guys. I used to get a lot of short dramas on my FYP but now I don’t , I’m so sad. Could someone please DM me some so I can get them back on.",guys used get lot short dramas fyp don sad someone please can get back,tiktok_butheisapollo6.jsonl,root.text,DOC_003304,en,9,2,7
TikTok,comment,7469458353190636805,,7469540405480506167,,,123,1739137938,My brother in the Christ it is NEVER this serious,brother christ never serious,tiktok_temptationfruitisland5.jsonl,root.text,DOC_006313,en,4,7,5
TikTok,comment,7469458353190636805,,7469852429896581893,,,31,1739210586,why did bro keep him in the chair?,bro keep chair,tiktok_temptationfruitisland5.jsonl,root.text,DOC_006319,en,3,0,1
TikTok,comment,7469458353190636805,,7470687916154028802,,,0,1739405206,Yeah that’s lowkey very hard to do,yeah lowkey hard,tiktok_temptationfruitisland5.jsonl,root.text,DOC_006308,en,3,5,-1
TikTok,comment,7671243298413104414,,7677705068251431710,,,1,1787605052,Not even king arthur could..!!!,even king arthur,tiktok_butheisapollo10.jsonl,root.text,DOC_002053,en,3,7,5
YouTube,comment,n9D3b0K9pko,【FULL】Swapped to a Poor Bard? He Is the God Apollo!,UgxxpNCFq9nx_7nSqEF4AaABAg,,@kleepooks,0,1788566400,Omg so much shouting its like continuous shouting,omg much shouting like continuous shouting,【FULL】Swapped to a Poor Bard_ He Is the God Apollo!.json,root.comments[472].text,DOC_000977,en,5,4,-1
TikTok,comment,7677740875966876950,,7677949949041050386,,,0,1787662039,Nne please drop the finalllll parttttt,nne please drop finalllll parttttt,tiktok_butheisapollo10.jsonl,root.text,DOC_002172,en,4,0,-1
TikTok,comment,7653860933533519135,,7667619910881542933,,,1,1785256897,No worries girrlll. Keep doing the good work. Thank you,worries girrlll keep good work thank,tiktok_butheisapollo6.jsonl,root.text,DOC_003300,en,5,0,8
TikTok,comment,7686339862995291422,,7687950958839481095,,,4,1789990576,"no girl, there’s a lot of stuff to search, I can’t fill you up from one comment, and also that person was not willing to genuinely learn, but was arguing with me just to prove themselves right, why would I waste my time on someone that doesn’t actually give a sh about the topic, stfu and stop being homophobic",girl lot stuff search can fill one comment also person willing genuinely learn arguing prove right would waste time someone doesn actually give topic stfu stop homophobic,tiktok_notyouraveragecrow1.jsonl,root.text,DOC_003546,en,25,7,-1
TikTok,comment,7677740875966876950,,7677888138749166344,,,3,1787647660,This story is keeping so long,story keeping long,tiktok_butheisapollo8.jsonl,root.text,DOC_003353,en,3,8,3
TikTok,comment,7646918295588850964,,7648365460627555079,,,3,1780773873,AI video can make you forget to reply WhatsApp message,video can make forget reply whatsapp message,tiktok_butheisapollo1.jsonl,root.text,DOC_001484,en,4,6,6
YouTube,comment,rYe9wiv2M0I,Not Your Average Crow | Full Series | Short Drama English | Fantasy Romance & Mystery,UgwT-G9YOzF34MYIUgB4AaABAg,,@thereviewspot07,0,1790121600,"❤ Support My Hard Work & Dedication! ❤
👇 Subscribe & Support:
https://www.youtube.com/channel/UCZRmUsVy-wUabGxnkKPMgjA?sub_confirmation=1",support hard work dedication subscribe support,Not Your Average Crow _ Full Series _ Short Drama English _ Fantasy Romance & Mystery.json,root.comments[53].text,DOC_000402,en,5,2,6
TikTok,comment,7671243298413104414,,7682419221908685581,,,3,1788702654,Fumbled hard with this one,fumbled hard one,tiktok_butheisapollo10.jsonl,root.text,DOC_002084,en,2,7,-1
TikTok,comment,7683031765518175521,,7683663827795182343,,,0,1788992407,true...and this is real life I feel like tagging someone,true real life feel like tagging someone,tiktok_butheisapollo10.jsonl,root.text,DOC_001985,en,6,8,-1
TikTok,comment,7482999322599181614,,7483929962936828714,,,1,1742488254,Which season was this? I want to watch,season want watch,tiktok_temptationfruitisland10.jsonl,root.text,DOC_005423,en,2,7,7
TikTok,comment,7677740875966876950,,7677882244753556244,,,1,1787646283,Nne God bless you,nne god bless,tiktok_butheisapollo10.jsonl,root.text,DOC_002295,en,3,0,5
TikTok,comment,7674678278162025750,,7684236503979623184,,,1,1789125760,what about a lady refusing a sincere man?,lady refusing sincere man,tiktok_butheisapollo1.jsonl,root.text,DOC_001418,en,4,8,0
TikTok,comment,7677740875966876950,,7677809208384930578,,,9,1787629463,chase Micheal away from your company,chase micheal away company,tiktok_butheisapollo10.jsonl,root.text,DOC_002235,en,4,4,-1
TikTok,comment,7676528108995972374,,7677586134914237192,,,0,1787577333,See as life don the hood for u,see life don hood,tiktok_butheisapollo11.jsonl,root.text,DOC_002621,en,3,8,-1
TikTok,comment,7686339862995291422,,7686636625716396814,,,74,1789684609,Gender clothes is a construct. I’ve always just more boyish and I’m a straight person.,gender clothes construct always boyish straight person,tiktok_notyouraveragecrow1.jsonl,root.text,DOC_003517,en,7,1,12
YouTube,comment,UASLAWHqKJA,"**Plus-Size Bride, Stepmom in Charge | Emotional Family Drama | Full Movie 2026**",Ugw4HJ-RE0S3Bephwk54AaABAg,,@kawanacommander8817,44,1789948800,"Where's the rest? These are great stories, but we would LOVE THE ENDINGS ‼️💯💯",rest great stories would love endings,"__Plus-Size Bride, Stepmom in Charge _ Emotional Family Drama _ Full Movie 2026__.json",root.comments[43].text,DOC_000062,en,6,9,3
TikTok,comment,7647046547762367764,,7647503825407312661,,,21,1780573254,Even the water is Rolls royce,even water rolls royce,tiktok_butheisapollo1.jsonl,root.text,DOC_001033,en,4,7,23
TikTok,comment,7677740875966876950,,7678559894132753168,,,0,1787804091,Please bring me back for the finale,please bring back finale,tiktok_butheisapollo10.jsonl,root.text,DOC_002390,en,3,7,7
TikTok,comment,7636564649621671188,,7641854064569402130,,,2,1779257811,Lord protektahan nyo po ang mga taong may malasakit Sa mga Pilipino,lord protektahan nyo ang mga taong may malasakit mga pilipino,tiktok_notyouraveragecrow1.jsonl,root.text,DOC_003418,tl,7,5,2
TikTok,comment,7677740875966876950,,7679176368329360145,,,3,1787947845,Micheal is a name of wickedness,micheal name wickedness,tiktok_butheisapollo3.jsonl,root.text,DOC_003149,en,3,6,-1
TikTok,comment,7674678278162025750,,7674797380269851410,,,1,1786928036,never trust a broke mans word especially,never trust broke mans word especially,tiktok_butheisapollo1.jsonl,root.text,DOC_001426,en,6,6,10
TikTok,comment,7674678278162025750,,7674987617938801416,,,0,1786972314,Please ma tag me for the part two please,please tag part two please,tiktok_butheisapollo1.jsonl,root.text,DOC_001213,en,2,0,8
YouTube,comment,ighMwj5A-bM,Fruit Love Island-Episode 16,Ugw5Qk8QQ__eoAtvFUJ4AaABAg,,@Xx_LivXx,2,1789344000,Cheri needs to come back i love her,cheri needs come back love,combined_series.json,root.comments[0].text,DOC_000298,en,5,6,4
YouTube,comment,xghm-J6avZU,Fruit Love Island- Episode 17,UgwVWgxyTreaACgT8nN4AaABAg,,@Kaiaa-h1p,0,1788566400,Dude you can’t leave us hanging like that,dude can leave hanging like,combined_series.json,root.comments[1].text,DOC_000301,en,3,8,-1
TikTok,comment,7584379129022156045,,7584593374382441224,,,416,1765925785,Probably smelt like fish down there,probably smelt like fish,tiktok_notyouraveragecrow1.jsonl,root.text,DOC_003620,en,3,8,23
TikTok,comment,7541660722527210782,,7549711317206467346,,,9,1757804168,Anime name:Overflow,anime name overflow,tiktok_notyouraveragecrow1.jsonl,root.text,DOC_003455,en,3,6,-1
YouTube,comment,3iCHypQnoLk,Fruit Love Island- Episode 7,UgyV5xCQxTF_K6j2I994AaABAg,,@thecansquad7514,1,1790553600,0:01 why girl got 3 hands👁️👄👁️,girl got hands,combined_series.json,root.comments[0].text,DOC_000255,en,3,2,2
TikTok,comment,7687400012866768161,,7687915516975825682,,,51,1789982332,this is how we should stand up for our kids thank you Aurora,stand kids thank aurora,tiktok_stepmomincharge8-10.jsonl,root.text,DOC_004279,en,3,6,-1
TikTok,comment,7541660722527210782,,7561486691246129931,,,0,1760545827,It will have season 2 but will come in early 2026 i think,season come early think,tiktok_notyouraveragecrow1.jsonl,root.text,DOC_003450,en,4,7,7
TikTok,comment,7677740875966876950,,7677953017057018632,,,0,1787662761,You celebrate birthday with my son wow. May the God lord bless you and lift you higher and higher,celebrate birthday son wow may god lord bless lift higher higher,tiktok_butheisapollo10.jsonl,root.text,DOC_002148,en,11,5,5
TikTok,comment,7687523753533689121,,7687696248254743303,,,7,1789931276,Thanks I found the clips,thanks found clips,tiktok_stepmomincharge21-24.jsonl,root.text,DOC_004193,en,2,9,6
TikTok,comment,7683031765518175521,,7686911306691281682,,,0,1789748517,Too much talking makes the story boring. Cut the plenty talking and make the story short and interesting,much talking makes story boring cut plenty talking make story short interesting,tiktok_butheisapollo10.jsonl,root.text,DOC_001897,en,11,2,3
TikTok,comment,7687523753533689121,,7687631226056213265,,,1,1789916146,Please bring me back for another episode,please bring back another episode,tiktok_stepmomincharge21-24.jsonl,root.text,DOC_004159,en,3,7,7
TikTok,comment,7687103842520927496,,7691494416385213205,,,0,1790815619,shes still a baby bruh,shes still baby bruh,tiktok_notyouraveragecrow3.jsonl,root.text,DOC_003850,en,4,3,0
TikTok,comment,7646918295588850964,,7647223101844407057,,,11,1780507888,The face was familiar I know Tunde,face familiar know tunde,tiktok_butheisapollo1.jsonl,root.text,DOC_001494,en,3,5,-1
TikTok,comment,7677740875966876950,,7678696578030977813,,,0,1787835881,Aunty post next nah,aunty post next nah,tiktok_butheisapollo10.jsonl,root.text,DOC_002373,en,3,9,8
YouTube,comment,n9D3b0K9pko,【FULL】Swapped to a Poor Bard? He Is the God Apollo!,UgywzH5o8ImZVgMfgJh4AaABAg,,@ChirpyMom,0,1790035200,You should have made Callista look different from Irene. They look too similar.,made callista look different irene look similar,【FULL】Swapped to a Poor Bard_ He Is the God Apollo!.json,root.comments[246].text,DOC_000771,en,6,4,-1
TikTok,comment,7674678278162025750,,7683233852948841237,,,4,1788892417,never ever put your trust in the fellow human being coz can promise u today and tomorrow will let you down,never ever put trust fellow human coz can promise today tomorrow let,tiktok_butheisapollo1.jsonl,root.text,DOC_001411,en,11,0,10
TikTok,comment,7469458353190636805,,7470094962149344032,,,2,1739267102,Yh but still running along the beach n screaming like that tm,still running along beach screaming like,tiktok_temptationfruitisland5.jsonl,root.text,DOC_006311,en,5,3,-1
TikTok,comment,7469458353190636805,,7469852674712716038,,,1,1739210624,"Sadly, I don’t have any more shirts left :(",sadly don shirts left,tiktok_temptationfruitisland5.jsonl,root.text,DOC_006408,en,3,7,-1
YouTube,comment,rYe9wiv2M0I,Not Your Average Crow | Full Series | Short Drama English | Fantasy Romance & Mystery,Ugw2NIDFrwbfVET962d4AaABAg.AayZ_DlGLXdAazHhfV-77f,,@thereviewspot07,0,1789948800,Thank you for your support and welcome to the channel! ❤,thank support welcome channel,Not Your Average Crow _ Full Series _ Short Drama English _ Fantasy Romance & Mystery.json,root.comments[29].replies[0].text,DOC_000365,en,2,2,6
TikTok,comment,7686339862995291422,,7686823526004196128,,,2,1789728121,shes talking about sexualities not gender,shes talking sexualities gender,tiktok_notyouraveragecrow1.jsonl,root.text,DOC_003577,en,4,2,0
YouTube,comment,UASLAWHqKJA,"**Plus-Size Bride, Stepmom in Charge | Emotional Family Drama | Full Movie 2026**",Ugyuja8NO9mpquYc8Vt4AaABAg,,@TheMeshal33,5,1790121600,Needed to be another 15 min long,needed another min long,"__Plus-Size Bride, Stepmom in Charge _ Emotional Family Drama _ Full Movie 2026__.json",root.comments[72].text,DOC_000093,en,4,0,8
TikTok,comment,7677740875966876950,,7687191833038848776,,,2,1789813839,The oath de3 she remembers everytime,oath de3 remembers everytime,tiktok_butheisapollo10.jsonl,root.text,DOC_002227,en,3,6,0
YouTube,comment,n9D3b0K9pko,【FULL】Swapped to a Poor Bard? He Is the God Apollo!,UgwjTERIc6O7mM8aByp4AaABAg,,@GERSONTawmbing,2,1788566400,Irene and the goddess are exactly the same face😅,irene goddess exactly face,【FULL】Swapped to a Poor Bard_ He Is the God Apollo!.json,root.comments[167].text,DOC_000681,en,3,4,-1
TikTok,comment,7676528108995972374,,7677265223535182600,,,0,1787502739,standing in your building.... na your building  madafocker,standing building building madafocker,tiktok_butheisapollo11.jsonl,root.text,DOC_002682,en,4,3,-1
TikTok,comment,7541660722527210782,,7541862027733041927,,,2,1755976604,dont kevin and jack look the same,dont kevin jack look,tiktok_notyouraveragecrow1.jsonl,root.text,DOC_003481,en,4,4,26
TikTok,comment,7482999322599181614,,7483386594910110495,,,269,1742361771,I think ppl who have EVERYTHING to offer are often found by ppl who have nothing&take taketake until they can take from some1 else. She needs to find some1 who already has it all&wants to share it all,think ppl everything offer often found ppl nothing take taketake can take some1 else needs find some1 already wants share,tiktok_temptationfruitisland10.jsonl,root.text,DOC_005426,en,19,6,10
TikTok,comment,7683031765518175521,,7683703084426429206,,,4,1789001703,She regretted it big time,regretted big time,tiktok_butheisapollo10.jsonl,root.text,DOC_001987,en,3,3,0
YouTube,comment,n9D3b0K9pko,【FULL】Swapped to a Poor Bard? He Is the God Apollo!,UgxTFSqvez2Cwv0GoId4AaABAg,,@atown7714,0,1788566400,Thanks!! Them ads was crazy work!!!,thanks ads crazy work,【FULL】Swapped to a Poor Bard_ He Is the God Apollo!.json,root.comments[256].text,DOC_000781,en,3,9,6
TikTok,comment,7687509802456534305,,7687605323830379282,,,42,1789910106,Now this I would definitely pay for,would definitely pay,tiktok_stepmomincharge15-20.jsonl,root.text,DOC_004069,en,3,8,-1
YouTube,comment,UASLAWHqKJA,"**Plus-Size Bride, Stepmom in Charge | Emotional Family Drama | Full Movie 2026**",Ugz9z9IuyjlyQRvJFs14AaABAg,,@Jerriq50,2,1790208000,This film is just diff ways of saying DeMarco wrong 😂,film diff ways saying demarco wrong,"__Plus-Size Bride, Stepmom in Charge _ Emotional Family Drama _ Full Movie 2026__.json",root.comments[60].text,DOC_000081,en,6,5,20
TikTok,comment,7482999322599181614,,7627761389168296735,,,0,1775976657,I want to hold her so bad and be her friend. God knows we all need a real one in this world on our side,want hold bad friend god knows need real one world side,tiktok_temptationfruitisland10.jsonl,root.text,DOC_005393,en,10,7,0
TikTok,comment,7469458353190636805,,7469829152784794423,,,10,1739205169,For real cause ain’t no waaaaay ‍♀️,real cause ain waaaaay,tiktok_temptationfruitisland5.jsonl,root.text,DOC_006271,en,4,8,-1
YouTube,comment,rYe9wiv2M0I,Not Your Average Crow | Full Series | Short Drama English | Fantasy Romance & Mystery,UgwEDEojhgvnOQTvR3Z4AaABAg,,@Crazybutlovescrazystories,4,1790812800,I really kind a find little phoenix to be so cute😂,really kind find little phoenix cute,Not Your Average Crow _ Full Series _ Short Drama English _ Fantasy Romance & Mystery.json,root.comments[12].text,DOC_000335,en,5,2,-1
TikTok,comment,7584379129022156045,,7584591961332810507,,,3,1765925440,and in the end Aquaman legend is born again,end aquaman legend born,tiktok_notyouraveragecrow1.jsonl,root.text,DOC_003660,en,4,9,-1
YouTube,comment,n9D3b0K9pko,【FULL】Swapped to a Poor Bard? He Is the God Apollo!,UgylPdln-kwF1fDgxyB4AaABAg.A_2CWUke5lLA_FgMWG-dTO,,@wellsofpower,1,1788566400,Shut up.... Don't you know this is a copyright video,shut don know copyright video,【FULL】Swapped to a Poor Bard_ He Is the God Apollo!.json,root.comments[7].replies[23].text,DOC_000483,en,3,3,6
YouTube,comment,wlEYNQo-ckI,Fruit Love Island- Episode 1,UgwVtwfFOs4BBmNmlJZ4AaABAg.AU_TS6XV0D6AV4XQKnaZL6,,@greenglow705,1,1775347200,"I’m not really a hater like this is funny to me and stupid also but don’t worry give this guy credit because this ain’t even his AI generated video like AI is really worse enough, but this one’s actually kind of funny. I don’t give credit to someone that’s not even putting the work they literally just stole this from another TikTok channel the acting like it’s theirs.",really hater like funny stupid also don worry give guy credit ain even generated video like really worse enough one actually kind funny don give credit someone even putting work literally stole another tiktok channel acting like,combined_series.json,root.comments[24].replies[2].text,DOC_000201,en,26,8,15
TikTok,comment,7687523753533689121,,7687547608138973959,,,403,1789896667,Someone please bring me back for the rest part thank you ☺️,someone please bring back rest part thank,tiktok_stepmomincharge21-24.jsonl,root.text,DOC_004134,en,4,1,8
TikTok,comment,7674678278162025750,,7686078049893794568,,,2,1789554518,Continue trusting but u are good lady by the way,continue trusting good lady way,tiktok_butheisapollo1.jsonl,root.text,DOC_001417,en,5,0,10
TikTok,comment,7469458353190636805,,7470297542741705490,,,32,1739314258,90’s flashbacks hitting hard right now,flashbacks hitting hard right,tiktok_temptationfruitisland5.jsonl,root.text,DOC_006257,en,4,7,4
TikTok,comment,7683963653862755592,,7684350916817175304,,,1,1789152384,"Well, you become what you eat",well become eat,tiktok_notyouraveragecrow1.jsonl,root.text,DOC_003741,en,3,3,-1
YouTube,comment,UASLAWHqKJA,"**Plus-Size Bride, Stepmom in Charge | Emotional Family Drama | Full Movie 2026**",UgwNd9cRELFUtDUADeZ4AaABAg,,@selena726,1,1790294400,Curvy wife was more beautiful why they called her fat 😢,curvy wife beautiful called fat,"__Plus-Size Bride, Stepmom in Charge _ Emotional Family Drama _ Full Movie 2026__.json",root.comments[124].text,DOC_000152,en,5,6,0
TikTok,comment,7687523753533689121,,7687532243958809365,,,2,1789893095,Next before this ends Biko,next ends biko,tiktok_stepmomincharge21-24.jsonl,root.text,DOC_004191,en,2,7,-1
TikTok,comment,7676528108995972374,,7677136118652060423,,,62,1787472561,I don’t think it’s pride. She once trusted a man that let her down and gave her empty promises,don think pride trusted man let gave empty promises,tiktok_butheisapollo11.jsonl,root.text,DOC_002488,en,8,8,0
YouTube,comment,cqETXe4f0fw,Fruit Love Island- Episode 4,UgxL0Ds1OWrC4yipZgl4AaABAg,,@griseldagalietti1826,3,1788566400,Did he say strawberry milk?!?!,say strawberry milk,combined_series.json,root.comments[2].text,DOC_000225,en,3,6,25
TikTok,comment,7584379129022156045,,7584552768422871815,,,0,1765916322,This film isn't on Netfliix or YouTube,film isn netfliix youtube,tiktok_notyouraveragecrow1.jsonl,root.text,DOC_003696,en,3,9,11
TikTok,comment,7637599786090204424,,7637625295877063431,,,1,1778273231,Yes ooo  I discovered after commenting ooo,yes ooo discovered commenting ooo,tiktok_butheisapollo13.jsonl,root.text,DOC_002898,en,5,6,4
YouTube,comment,wlEYNQo-ckI,Fruit Love Island- Episode 1,UgzWvAM-pw-VujTDe794AaABAg,,@MasonMange,0,1791162000,This felt like watching Megamind 2,felt like watching megamind,combined_series.json,root.comments[4].text,DOC_000176,en,2,9,14
TikTok,comment,7672770828097850637,,7676380270467105557,,,3,1787296573,I know I thought Serena was pregnant and swallowed a pill  what??,know thought serena pregnant swallowed pill,tiktok_butheisapollo2.jsonl,root.text,DOC_002971,en,6,0,0
TikTok,comment,7687159415908125985,,7687614461810311959,,,11,1789912248,Can someone please open the door for me,can someone please open door,tiktok_stepmomincharge1-4.jsonl,root.text,DOC_003917,en,3,0,4
TikTok,comment,7687523753533689121,,7688101291461968653,,,18,1790025619,Girl! I can’t stop watching it!!! So glad the episodes are free on TikTok bc i wasn’t about to pay to watch them!!! It’s soooooo good. Lord.,girl can stop watching glad episodes free tiktok wasn pay watch soooooo good lord,tiktok_stepmomincharge21-24.jsonl,root.text,DOC_004104,en,10,9,7
TikTok,comment,7672770828097850637,,7688373486570570517,,,1,1790088965,heartless son & husband,heartless son husband,tiktok_butheisapollo2.jsonl,root.text,DOC_002991,en,3,4,-1
TikTok,comment,7672171160280354061,,7690628499622937362,,,5,1790613991,nakakabwiset potek hahahahahahaha akala ko matatapos na e,nakakabwiset potek hahahahahahaha akala matatapos,tiktok_butheisapollo2.jsonl,root.text,DOC_003001,tl,5,7,2
YouTube,comment,UASLAWHqKJA,"**Plus-Size Bride, Stepmom in Charge | Emotional Family Drama | Full Movie 2026**",UgxgPm3SR1qo-u0gfxd4AaABAg,,@maggie8376,2,1790294400,awww ms demono and mr demonto 😭 theyvget the last name wrong every time 😭,awww demono demonto theyvget last name wrong every time,"__Plus-Size Bride, Stepmom in Charge _ Emotional Family Drama _ Full Movie 2026__.json",root.comments[91].text,DOC_000114,en,9,4,20
TikTok,comment,7686339862995291422,,7687273836965888781,,,1,1789832946,"Same I blame Wildfang, their stuff is half my wardrobe. But also I’m old / very far out of your threat pool so I feel like I get a pass.",blame wildfang stuff half wardrobe also old far threat pool feel like get pass,tiktok_notyouraveragecrow1.jsonl,root.text,DOC_003573,en,12,3,-1
YouTube,comment,n9D3b0K9pko,【FULL】Swapped to a Poor Bard? He Is the God Apollo!,Ugy4hZVWr9-6OeB4aGp4AaABAg,,@Silent-o5w,0,1788566400,I love and thx for these videos,love thx videos,【FULL】Swapped to a Poor Bard_ He Is the God Apollo!.json,root.comments[55].text,DOC_000567,en,2,9,6
TikTok,comment,7687523753533689121,,7687854459905114888,,,0,1789968118,Soon y’all will call him tomato,soon call tomato,tiktok_stepmomincharge21-24.jsonl,root.text,DOC_004214,en,3,3,1
YouTube,comment,n9D3b0K9pko,【FULL】Swapped to a Poor Bard? He Is the God Apollo!,UgxmUFR3IVejMDlImEF4AaABAg,,@rtnemesis3289,31,1788566400,Can't believe I shed tears for AI😭🤣,can believe shed tears,【FULL】Swapped to a Poor Bard_ He Is the God Apollo!.json,root.comments[21].text,DOC_000506,en,3,0,9
TikTok,comment,7677740875966876950,,7677880142887093013,,,2,1787645792,nawaoooo why he dey take you long to post,nawaoooo dey take long post,tiktok_butheisapollo10.jsonl,root.text,DOC_002299,en,4,7,3
YouTube,comment,n9D3b0K9pko,【FULL】Swapped to a Poor Bard? He Is the God Apollo!,UgyODdIHQBhqvM1cPGh4AaABAg,,@thisiskuyamarlo,0,1788739200,mortal is now read as myurnal?🤔,mortal read myurnal,【FULL】Swapped to a Poor Bard_ He Is the God Apollo!.json,root.comments[290].text,DOC_000815,en,3,4,13
TikTok,comment,7653860933533519135,,7654622062086669086,,,0,1782230606,I hate watching c dramas here so many adds. 10 seconds drama and 15 for the add. !!! But thanks for the recommendation,hate watching dramas many adds seconds drama add thanks recommendation,tiktok_butheisapollo6.jsonl,root.text,DOC_003333,en,7,4,-1
TikTok,comment,7687509802456534305,,7688369987778609934,,,0,1790088209,Stop I came from fb but I liked her more when she was a little bigger,stop came liked little bigger,tiktok_stepmomincharge15-20.jsonl,root.text,DOC_004097,en,5,6,0
TikTok,comment,7686339862995291422,,7687120294985663263,,,7,1789797311,I’m married and tired  and flat chested. Ima keep wearing my over size Ts and bagggy pants .,married tired flat chested ima keep wearing size bagggy pants,tiktok_notyouraveragecrow1.jsonl,root.text,DOC_003581,en,10,2,19
TikTok,comment,7469458353190636805,,7469594807846519594,,,4208,1739150595,The fact they still together,fact still together,tiktok_temptationfruitisland5.jsonl,root.text,DOC_006268,en,3,3,-1
TikTok,comment,7683031765518175521,,7686877944954962708,,,1,1789740934,part two(2)interesting story,part two interesting story,tiktok_butheisapollo10.jsonl,root.text,DOC_001944,en,3,8,3
TikTok,comment,7482999322599181614,,7486134045744415531,,,0,1743001437,"this scene broke me sooo bad, omg I felt her fr.",scene broke sooo bad omg felt,tiktok_temptationfruitisland10.jsonl,root.text,DOC_005571,en,6,6,0
TikTok,comment,7687400012866768161,,7688233825873052433,,,8,1790056463,I spoke too early[Snicker],spoke early snicker,tiktok_stepmomincharge8-10.jsonl,root.text,DOC_004304,en,3,7,-1
TikTok,comment,7482999322599181614,,7499514738226873134,,,0,1746116871,The way I cried cause I feel like this,way cried cause feel like,tiktok_temptationfruitisland10.jsonl,root.text,DOC_005524,en,4,8,9
TikTok,comment,7687279220787121441,,7688054546531943190,,,0,1790014712,[Commovente][Commovente][Commovente],commovente commovente commovente,tiktok_temptationfruitisland1.jsonl,root.text,DOC_004769,en,3,7,2
YouTube,comment,UASLAWHqKJA,"**Plus-Size Bride, Stepmom in Charge | Emotional Family Drama | Full Movie 2026**",UgzxKJ3_qxNSfpHdAQp4AaABAg,,@jadewarner2299,176,1790035200,Cracks me up that they every name but DeMarco 😂,cracks every name demarco,"__Plus-Size Bride, Stepmom in Charge _ Emotional Family Drama _ Full Movie 2026__.json",root.comments[3].text,DOC_000006,en,4,4,20
TikTok,comment,7657696920000810273,,7657909899561009942,,,2,1782996109,twin stessa foto profilo,twin stessa foto profilo,tiktok_temptationfruitisland1.jsonl,root.text,DOC_004340,en,4,3,-1
TikTok,comment,7482999322599181614,,7483921586349998878,,,1,1742486315,"When you love yourself, truly love yourself…the people around you will be the people who DESERVE your love.",love truly love people around people deserve love,tiktok_temptationfruitisland10.jsonl,root.text,DOC_005448,en,8,1,10
TikTok,comment,7687400012866768161,,7689765638637716244,,,2,1790413092,love this plus wife size,love plus wife size,tiktok_stepmomincharge8-10.jsonl,root.text,DOC_004307,en,4,6,0
TikTok,comment,7647046547762367764,,7647124058358006529,,,0,1780485213,"please next, love is sweet",please next love sweet,tiktok_butheisapollo1.jsonl,root.text,DOC_001139,en,2,9,27
TikTok,comment,7653860933533519135,,7654283629228901140,,,12,1782151793,Is anyone noticing that tiktok has removed episodes of dramas?,anyone noticing tiktok removed episodes dramas,tiktok_butheisapollo6.jsonl,root.text,DOC_003289,en,5,3,7
TikTok,comment,7676528108995972374,,7677552907029758741,,,0,1787569597,Some guy is posting ur videos on his page.,guy posting videos page,tiktok_butheisapollo11.jsonl,root.text,DOC_002680,en,3,6,6
TikTok,comment,7683031765518175521,,7683742642215813906,,,2,1789011025,Me want the next path,want next path,tiktok_butheisapollo10.jsonl,root.text,DOC_001904,en,2,7,-1
TikTok,comment,7687159415908125985,,7688708256562971410,,,0,1790166902,"Aura for Aura 
love that",aura aura love,tiktok_stepmomincharge1-4.jsonl,root.text,DOC_003950,en,3,9,9
TikTok,comment,7671243298413104414,,7677991594457416462,,,3,1787671764,where are you getting the christian part from?,getting christian part,tiktok_butheisapollo10.jsonl,root.text,DOC_002077,en,2,1,5
TikTok,comment,7469458353190636805,,7490572141336118062,,,0,1744034765,@* how draco expected us to act whenever she brought her chopped bf,draco expected act whenever brought chopped,tiktok_temptationfruitisland5.jsonl,root.text,DOC_006439,en,6,2,0
TikTok,comment,7676528108995972374,,7679054490263503637,,,6,1787919212,he's a chameleon in a man AI form,chameleon man form,tiktok_butheisapollo11.jsonl,root.text,DOC_002533,en,3,7,1
TikTok,comment,7482999322599181614,,7540351651422798623,,,1,1755624971,I relate so hard to tayler. I was sobbing right with her,relate hard tayler sobbing right,tiktok_temptationfruitisland10.jsonl,root.text,DOC_005378,en,5,7,0
YouTube,comment,rYe9wiv2M0I,Not Your Average Crow | Full Series | Short Drama English | Fantasy Romance & Mystery,UgxdnPOoGUOgHdRwxux4AaABAg.AbOUzMtHoZOAbPIfOwO7iq,,@thereviewspot07,0,1790812800,Posted please check will post 4th part soon as well,posted please check post 4th part soon well,Not Your Average Crow _ Full Series _ Short Drama English _ Fantasy Romance & Mystery.json,root.comments[45].replies[0].text,DOC_000390,en,5,4,8
YouTube,comment,wlEYNQo-ckI,Fruit Love Island- Episode 1,UgwVtwfFOs4BBmNmlJZ4AaABAg.AU_TS6XV0D6Aaq-SRqHwSh,,@starmachinefox-9i6,0,1789948800,I find it stupidly funny and annoying,find stupidly funny annoying,combined_series.json,root.comments[24].replies[0].text,DOC_000199,en,4,4,-1
TikTok,comment,7683031765518175521,,7683821970824610567,,,4,1789029231,Why theres always people in the background watching? always,theres always people background watching always,tiktok_butheisapollo10.jsonl,root.text,DOC_001901,en,5,1,18
YouTube,comment,UASLAWHqKJA,"**Plus-Size Bride, Stepmom in Charge | Emotional Family Drama | Full Movie 2026**",UgzxKJ3_qxNSfpHdAQp4AaABAg.Ab1HXrhp3kCAbDKa6zBytn,,@thedarienbrockington,0,1790467200,Literally all wrong names lmao,literally wrong names lmao,"__Plus-Size Bride, Stepmom in Charge _ Emotional Family Drama _ Full Movie 2026__.json",root.comments[3].replies[2].text,DOC_000009,en,4,2,20
TikTok,comment,7687523753533689121,,7688634452183958290,,,0,1790149717,if you liked what you saw why did she reduce???,liked saw reduce,tiktok_stepmomincharge21-24.jsonl,root.text,DOC_004209,en,3,9,0
TikTok,comment,7482999322599181614,,7483631342808662827,,,1,1742418744,Sometimes people don’t know what to do with previous things because it was never their experience. Sometimes people want different things. That doesn’t make you less great.,sometimes people don know previous things never experience sometimes people want different things doesn make less great,tiktok_temptationfruitisland10.jsonl,root.text,DOC_005360,en,15,7,21
TikTok,comment,7687523753533689121,,7687597858706866945,,,1,1789908367,Pls tag me for the rest,pls tag rest,tiktok_stepmomincharge21-24.jsonl,root.text,DOC_004185,en,2,6,8
TikTok,comment,7676528108995972374,,7677246841106039573,,,0,1787498342,haibo wena! you have no building....you work there.,haibo wena building work,tiktok_butheisapollo11.jsonl,root.text,DOC_002651,en,4,0,-1
TikTok,comment,7482999322599181614,,7486713821280043822,,,0,1743136443,If they left they were meant for you and not worth your tears.,left meant worth tears,tiktok_temptationfruitisland10.jsonl,root.text,DOC_005564,en,4,0,21
TikTok,comment,7687523753533689121,,7687948281469190913,,,1,1789990137,Is time to come back,time come back,tiktok_stepmomincharge21-24.jsonl,root.text,DOC_004160,en,3,0,4
TikTok,comment,7653860933533519135,,7654348234253501215,,,2,1782166851,Of course I would absolutely love that!!,course would absolutely love,tiktok_butheisapollo6.jsonl,root.text,DOC_003330,en,4,9,-1
TikTok,comment,7677740875966876950,,7677742377550070535,,,14,1787613722,Wat dey worry Micheal,wat dey worry micheal,tiktok_butheisapollo10.jsonl,root.text,DOC_002237,en,3,6,-1
TikTok,comment,7677183927886302471,,7685256743731004180,,,23,1789363460,what is yae doing in the scenes please,yae scenes please,tiktok_butheisapollo10.jsonl,root.text,DOC_001811,en,2,0,-1
TikTok,comment,7687509802456534305,,7690284531703120692,,,0,1790533916,Me too hey [Crying][Tears of joy],hey crying tears joy,tiktok_stepmomincharge15-20.jsonl,root.text,DOC_004047,en,3,1,9
TikTok,comment,7687509802456534305,,7688458968889361170,,,9,1790108867,Came from facebook this is really good,came facebook really good,tiktok_stepmomincharge15-20.jsonl,root.text,DOC_004071,en,2,9,16
TikTok,comment,7677740875966876950,,7683490722202157842,,,0,1788952101,Michael isn't trustworthy,michael isn trustworthy,tiktok_butheisapollo10.jsonl,root.text,DOC_002335,en,3,1,-1
TikTok,comment,7469458353190636805,,7513973608730067755,,,0,1749483330,I can’t wait to see Huda crash out like this,can wait see huda crash like,tiktok_temptationfruitisland5.jsonl,root.text,DOC_006437,en,4,0,14
TikTok,comment,7653860933533519135,,7654277206660743944,,,0,1782150705,I need either the YouTube link or ticktock link pls,need either youtube link ticktock link pls,tiktok_butheisapollo6.jsonl,root.text,DOC_003296,en,5,7,6
TikTok,comment,7687159415908125985,,7688319704465195777,,,25,1790076551,"I like her, teaching rude people a lesson is the best thing",like teaching rude people lesson best thing,tiktok_stepmomincharge1-4.jsonl,root.text,DOC_003966,en,6,1,0
YouTube,comment,n9D3b0K9pko,【FULL】Swapped to a Poor Bard? He Is the God Apollo!,Ugwet8Zk8IJ_dLPIwKt4AaABAg,,@lianeli5406,1,1788566400,"Stupid dialogues, no music or reasonable background noise, such as hoof clopping, wind, ..",stupid dialogues music reasonable background noise hoof clopping wind,【FULL】Swapped to a Poor Bard_ He Is the God Apollo!.json,root.comments[461].text,DOC_000960,en,9,7,-1
TikTok,comment,7637599786090204424,,7638344247146234641,,,0,1778440622,Alhaji even if na tenth wive abeg come for me wae,alhaji even tenth wive abeg come wae,tiktok_butheisapollo13.jsonl,root.text,DOC_002901,en,6,7,-1
YouTube,comment,UASLAWHqKJA,"**Plus-Size Bride, Stepmom in Charge | Emotional Family Drama | Full Movie 2026**",UgzXzHKvlDQmHoetSwd4AaABAg,,@wendyannwilliams7413,203,1789948800,Am just loving the wife and also how she protect his kids like her own because how she was also treated like a kid,loving wife also protect kids like also treated like kid,"__Plus-Size Bride, Stepmom in Charge _ Emotional Family Drama _ Full Movie 2026__.json",root.comments[2].text,DOC_000005,en,8,6,-1
TikTok,comment,7686339862995291422,,7686858039644144414,,,2,1789736193,Well if you wondered how to dress straight fitted clothing is it at the easiest form for women. it is suppose to show your figure your bust and butt. You will get attention from men maybe even approached if some dude is up for it.,well wondered dress straight fitted clothing easiest form women suppose show figure bust butt get attention men maybe even approached dude,tiktok_notyouraveragecrow1.jsonl,root.text,DOC_003563,en,20,4,19
TikTok,comment,7677740875966876950,,7677921388170248978,,,0,1787655386,Happy birthday August 25,happy birthday august,tiktok_butheisapollo10.jsonl,root.text,DOC_002150,en,3,3,24
TikTok,comment,7541660722527210782,,7560752493249856312,,,0,1760374881,Not really she never asked him in Season 1,really never asked season,tiktok_notyouraveragecrow1.jsonl,root.text,DOC_003448,en,3,7,17
TikTok,comment,7482999322599181614,,7483264302398358315,,,1390,1742333280,"I am obsessed with the host, he healed me just by listening to his advice",obsessed host healed listening advice,tiktok_temptationfruitisland10.jsonl,root.text,DOC_005413,en,5,8,-1
YouTube,comment,rYe9wiv2M0I,Not Your Average Crow | Full Series | Short Drama English | Fantasy Romance & Mystery,UgwqltJtFT8WoZYhsrF4AaABAg,,@Lendulness,1,1790899200,"YOOOO THANKS BRO, I'LL SUBSCRIBE YOU, KEEP UP THE GOOD WORK ❤",yoooo thanks bro subscribe keep good work,Not Your Average Crow _ Full Series _ Short Drama English _ Fantasy Romance & Mystery.json,root.comments[15].text,DOC_000340,en,5,0,8
YouTube,comment,rYe9wiv2M0I,Not Your Average Crow | Full Series | Short Drama English | Fantasy Romance & Mystery,UgxRxVP6JoVA73k6ZPB4AaABAg.AbY35X_LD7HAbYAFo38BIk,,@thereviewspot07,0,1791118800,Glad you like it please subscribe to my channel for more such interesting videos ❤,glad like please subscribe channel interesting videos,Not Your Average Crow _ Full Series _ Short Drama English _ Fantasy Romance & Mystery.json,root.comments[23].replies[0].text,DOC_000355,en,2,8,6
YouTube,comment,wlEYNQo-ckI,Fruit Love Island- Episode 1,Ugx7scv18AsG3nbWKDh4AaABAg,,@Fangameeditz2011,7,1788566400,"Why did every fandom united to dunk on lesbian space princess
But not this",every fandom united dunk lesbian space princess,combined_series.json,root.comments[6].text,DOC_000178,en,7,4,0
YouTube,comment,SzQLcyWZkqU,Fruit Love Island- Episode 15,UgwNmax67ROHHiDKxzB4AaABAg,,@EvilCh3rriez,0,1789344000,0:03 why is the zipline moving like that,zipline moving like,combined_series.json,root.comments[3].text,DOC_000295,en,2,7,-1
YouTube,comment,rYe9wiv2M0I,Not Your Average Crow | Full Series | Short Drama English | Fantasy Romance & Mystery,UgyY4DnHuV3mgxVgSbh4AaABAg,,@camillesvlog2869,2,1789948800,Thank you for uploading this. So cute,thank uploading cute,Not Your Average Crow _ Full Series _ Short Drama English _ Fantasy Romance & Mystery.json,root.comments[20].text,DOC_000348,en,2,2,-1
TikTok,comment,7686339862995291422,,7690648078983119624,,,0,1790618556,Im sorry girl its more comfy,sorry girl comfy,tiktok_notyouraveragecrow1.jsonl,root.text,DOC_003523,en,3,9,17
TikTok,comment,7687509802456534305,,7687975472604889874,,,4,1789996288,"lool, i came from facebook. i can’t believe im saying this.",lool came facebook can believe saying,tiktok_stepmomincharge15-20.jsonl,root.text,DOC_004078,en,4,5,16
TikTok,comment,7687509802456534305,,7689365568101204754,,,2,1790319951,me too! I'm so happy when I see it here in full,happy see full,tiktok_stepmomincharge15-20.jsonl,root.text,DOC_004064,en,2,1,18
TikTok,comment,7620681779896257806,,7621612656437068564,,,7,1774544992,Strawberry and apple look the same,strawberry apple look,tiktok_temptationisland6.jsonl,root.text,DOC_006548,en,3,4,25
TikTok,comment,7677740875966876950,,7677888761027855120,,,5,1787647795,Ola n tola is the best Ai series Soo far,ola tola best series soo far,tiktok_butheisapollo10.jsonl,root.text,DOC_002107,en,6,4,15
TikTok,comment,7482999322599181614,,7486852237896860462,,,0,1743168687,Yessss !!! This scene was so good !! I’m for Taylor and Kay’s happiness,yessss scene good taylor kay happiness,tiktok_temptationfruitisland10.jsonl,root.text,DOC_005575,en,6,1,18
TikTok,comment,7653860933533519135,,7653956187452801823,,,2,1782075569,Thank you so much no it’s not me. They are totally stealing my videos and recorded. TikTok says they’re doing nothing wrong. I don’t know what else to do.,thank much totally stealing videos recorded tiktok says nothing wrong don know else,tiktok_butheisapollo6.jsonl,root.text,DOC_003339,en,9,1,-1
TikTok,comment,7541660722527210782,,7541980768298468103,,,4,1756004244,still waiting for season 2,still waiting season,tiktok_notyouraveragecrow1.jsonl,root.text,DOC_003477,en,3,4,7
TikTok,comment,7677183927886302471,,7686039028047938312,,,0,1789545591,"Omor, succeed oo
There's no love for the weak",omor succeed love weak,tiktok_butheisapollo10.jsonl,root.text,DOC_001834,en,4,7,0
YouTube,comment,UASLAWHqKJA,"**Plus-Size Bride, Stepmom in Charge | Emotional Family Drama | Full Movie 2026**",UgxfmJCt0HySDy_oJbN4AaABAg,,@FynboyFortune,4,1790121600,Oh how I love Aroura this girl is so good at what she does 😂😂,love aroura girl good,"__Plus-Size Bride, Stepmom in Charge _ Emotional Family Drama _ Full Movie 2026__.json",root.comments[35].text,DOC_000054,en,4,9,0
TikTok,comment,7653860933533519135,,7660268340971045649,,,0,1783545216,Always press the Like button,always press like button,tiktok_butheisapollo6.jsonl,root.text,DOC_003305,en,3,3,16
YouTube,comment,n9D3b0K9pko,【FULL】Swapped to a Poor Bard? He Is the God Apollo!,UgwzCy_9aevqL31GKyB4AaABAg,,@jonitagonsalves9177,0,1788566400,"Loved the movie.
Please dont make them shout. Its deafening.",loved movie please dont make shout deafening,【FULL】Swapped to a Poor Bard_ He Is the God Apollo!.json,root.comments[185].text,DOC_000700,en,4,1,11
TikTok,comment,7686339862995291422,,7687921895275053856,,,4,1789983857,‘queer history’ wrap it up,queer history wrap,tiktok_notyouraveragecrow1.jsonl,root.text,DOC_003544,en,3,4,12
TikTok,comment,7653860933533519135,,7670412266098082574,,,0,1785907078,Is this AI? Clicked on your link and only see the ones with AI. Is there another link to the actual actors?,clicked link see ones another link actual actors,tiktok_butheisapollo6.jsonl,root.text,DOC_003312,en,8,0,15
TikTok,comment,7686339862995291422,,7688676031734137633,,,1,1790159432,"okay so i totally get what you mean and i agree to a degree BUT, theres always been tiny stuff gay people add to their outfits so that other gay people know. its just nice seeing another person from your community, someone you can relate to. the only example i could think of rn in the moment are carabiners, or cuffed jeans were also big at some point but again i do get what you mean. wearing something obviously doesnt make you gay but some people genuinely get offended when a gay person hits on them",okay totally get mean agree degree theres always tiny stuff gay people add outfits gay people know nice seeing another person community someone can relate example think moment carabiners cuffed jeans also big point get mean wearing something obviously doesnt make gay people genuinely get offended gay person hits,tiktok_notyouraveragecrow1.jsonl,root.text,DOC_003579,en,44,2,12
TikTok,comment,7482999322599181614,,7483314262636118827,,,1,1742344900,Omg I want to hug her so bad,omg want hug bad,tiktok_temptationfruitisland10.jsonl,root.text,DOC_005502,en,4,1,0
YouTube,comment,rYe9wiv2M0I,Not Your Average Crow | Full Series | Short Drama English | Fantasy Romance & Mystery,UgwrphtTj5IvSk8Oy2l4AaABAg.AawfQTl7YBtAawka1zoPdJ,,@thereviewspot07,1,1789948800,Thankyou for your support. keep watching other interesting videos as well.,thankyou support keep watching interesting videos well,Not Your Average Crow _ Full Series _ Short Drama English _ Fantasy Romance & Mystery.json,root.comments[28].replies[0].text,DOC_000363,en,5,6,6
TikTok,comment,7671243298413104414,,7677940913000416030,,,72,1787659993,"She tanked that kiss bro, just let it happen",tanked kiss bro let happen,tiktok_butheisapollo2.jsonl,root.text,DOC_003107,en,5,0,0
TikTok,comment,7469458353190636805,,7469745782054191877,,,9,1739185758,I legit thought this was telenovela or summ,legit thought telenovela summ,tiktok_temptationfruitisland5.jsonl,root.text,DOC_006327,en,4,8,-1
TikTok,comment,7677183927886302471,,7685147063328359188,,,852,1789337760,what the hell with that yae yae yae yae..,hell yae yae yae yae,tiktok_butheisapollo10.jsonl,root.text,DOC_001801,en,5,4,-1
TikTok,comment,7469458353190636805,,7469524953911067398,,,185,1739134329,Fr I love a man that yearns por favor ‍♀️,love man yearns por favor,tiktok_temptationfruitisland5.jsonl,root.text,DOC_006264,en,5,8,1
TikTok,comment,7687523753533689121,,7687809878463267592,,,3,1789957740,"she should give money, not coat....",give money coat,tiktok_stepmomincharge21-24.jsonl,root.text,DOC_004204,en,3,1,0
TikTok,comment,7676528108995972374,,7679877278511579918,,,12,1788110802,The faces constantly changing are killing me,faces constantly changing killing,tiktok_butheisapollo11.jsonl,root.text,DOC_002581,en,4,3,-1
TikTok,comment,7482999322599181614,,7531553570534081311,,,0,1753576478,id probably leave me too ughhhh my soul,probably leave ughhhh soul,tiktok_temptationfruitisland10.jsonl,root.text,DOC_005514,en,4,8,27
TikTok,comment,7482999322599181614,,7483332267588748038,,,1,1742349117,"My girl needs a hug.. she’s so beautiful and not just looks but you can tell she has a huge heart and is super genuine. I feel her words, it’s not you girl, it’s them",girl needs hug beautiful looks can tell huge heart super genuine feel words girl,tiktok_temptationfruitisland10.jsonl,root.text,DOC_005495,en,12,2,0
TikTok,comment,7635885800634289438,,7683982421029700374,,,0,1789066598,hahaha this is amazing and awesome,hahaha amazing awesome,tiktok_butheisapollo10.jsonl,root.text,DOC_001860,en,3,8,-1
YouTube,comment,rYe9wiv2M0I,Not Your Average Crow | Full Series | Short Drama English | Fantasy Romance & Mystery,Ugy0R6XypCeNxHy2LPB4AaABAg.AayYOpEoguhAazHiJPf-a9,,@thereviewspot07,0,1789948800,"Glad you finally found the full version here, thanks for watching! ❤",glad finally found full version thanks watching,Not Your Average Crow _ Full Series _ Short Drama English _ Fantasy Romance & Mystery.json,root.comments[33].replies[0].text,DOC_000370,en,4,8,-1
TikTok,comment,7687407796731530528,,7688113807256257287,,,963,1790028512,yeayy finally i found the full version,yeayy finally found full version,tiktok_stepmomincharge11-14.jsonl,root.text,DOC_003974,en,4,4,-1
YouTube,comment,n9D3b0K9pko,【FULL】Swapped to a Poor Bard? He Is the God Apollo!,UgxY7_C-VuQ_1cl7_CV4AaABAg,,@hansel-c9r,0,1785888000,what am I doing here? HAHAHAHA got hooked on tiktok now I'm here HAHAHAHHA,hahahaha got hooked tiktok hahahahha,【FULL】Swapped to a Poor Bard_ He Is the God Apollo!.json,root.comments[431].text,DOC_000933,en,4,2,16
TikTok,comment,7687509802456534305,,7687758560343802642,,,0,1789946019,evil aunt why treating your brother's children as orphans,evil aunt treating brother children orphans,tiktok_stepmomincharge15-20.jsonl,root.text,DOC_004101,en,6,9,-1
TikTok,comment,7687099158422883602,,7687507152810181384,,,0,1789887248,why she looks like Wednesday,looks like wednesday,tiktok_notyouraveragecrow1.jsonl,root.text,DOC_003393,en,2,9,0
TikTok,comment,7687509802456534305,,7691483769026675508,,,0,1790813138,Its no in order [Crying][Crying][Crying],order crying crying crying,tiktok_stepmomincharge15-20.jsonl,root.text,DOC_004062,en,4,1,9
TikTok,comment,7687407796731530528,,7689301913254494997,,,37,1790305130,Came from fb ahahahha finally found it,came ahahahha finally found,tiktok_stepmomincharge11-14.jsonl,root.text,DOC_003984,en,4,6,16
YouTube,comment,n9D3b0K9pko,【FULL】Swapped to a Poor Bard? He Is the God Apollo!,UgwIpbPaOOSMPf4Y4OF4AaABAg,,@JasmineWilliams-j9j,9,1785888000,"Awesome show. Loved it ❤️. Needs work, but it was great.  Who needs enemies when you have a family like that? They were Demons. Especially that sister. God Apollo's face kept changing near the end. Then one second his hair was short then a little longer again.",awesome show loved needs work great needs enemies family like demons especially sister god apollo face kept changing near end one second hair short little longer,【FULL】Swapped to a Poor Bard_ He Is the God Apollo!.json,root.comments[98].text,DOC_000612,en,23,8,-1
TikTok,comment,7646918295588850964,,7647904903168312082,,,1,1780666633,The way Ai likes the name Tunde ... tf ?,way likes name tunde,tiktok_butheisapollo1.jsonl,root.text,DOC_001564,en,4,6,20
TikTok,comment,7674678278162025750,,7674800560406938376,,,1,1786928770,You dey trust Adam great-grandson of Adam?,dey trust adam great grandson adam,tiktok_butheisapollo1.jsonl,root.text,DOC_001275,en,5,7,5
TikTok,comment,7677183927886302471,,7685205273376293653,,,335,1789351315,I was drinking when yae yae ya comes out,drinking yae yae comes,tiktok_butheisapollo10.jsonl,root.text,DOC_001808,en,4,4,-1
TikTok,comment,7584379129022156045,,7585580698338935573,,,2,1766155646,miy3 serious paaa,miy3 serious paaa,tiktok_notyouraveragecrow1.jsonl,root.text,DOC_003627,tl,3,7,2
TikTok,comment,7482999322599181614,,7488088417055834923,,,0,1743456480,I actually cried I had empathy for her,actually cried empathy,tiktok_temptationfruitisland10.jsonl,root.text,DOC_005547,en,3,1,0
TikTok,comment,7676528108995972374,,7677667676114780946,,,0,1787596316,Be like say this story na once in a week abii since 3das ago,like say story week abii since 3das ago,tiktok_butheisapollo11.jsonl,root.text,DOC_002614,en,7,0,3
TikTok,comment,7686339862995291422,,7686858411632673566,,,2,1789736278,Well she said she doesn’t know how to dress straight I just answered her question if it’s uncomfortable than she doesn’t have to do it.,well said doesn know dress straight answered question uncomfortable doesn,tiktok_notyouraveragecrow1.jsonl,root.text,DOC_003561,en,10,4,0
TikTok,comment,7469458353190636805,,7470017301800157995,,,5,1739248980,mind you they back together now,mind back together,tiktok_temptationfruitisland5.jsonl,root.text,DOC_006360,en,3,1,4
YouTube,comment,n9D3b0K9pko,【FULL】Swapped to a Poor Bard? He Is the God Apollo!,Ugx37JQtpEql2IyErjd4AaABAg.AZlBwEc9hm6A_CibD7tWzW,,@LabayaVelasco,7,1788566400,There are gods and we are mortal what do you want to be ?,gods mortal want,【FULL】Swapped to a Poor Bard_ He Is the God Apollo!.json,root.comments[0].replies[0].text,DOC_000420,en,3,4,5
TikTok,comment,7674678278162025750,,7675034216690860801,,,5,1786983171,someone should bring me back here for the part 2,someone bring back part,tiktok_butheisapollo1.jsonl,root.text,DOC_001270,en,3,1,4
TikTok,comment,7637599786090204424,,7637601590585246471,,,17,1778267707,tomorrow my love e no easy ooo,tomorrow love easy ooo,tiktok_butheisapollo1.jsonl,root.text,DOC_001728,en,4,9,27
TikTok,comment,7686339862995291422,,7691066998932374286,,,0,1790716150,To be fair men will hit on anyone,fair men hit anyone,tiktok_notyouraveragecrow1.jsonl,root.text,DOC_003597,en,4,2,10
TikTok,comment,7687400012866768161,,7688232568394613521,,,82,1790056164,I love her hope she will not change her body,love hope change body,tiktok_stepmomincharge8-10.jsonl,root.text,DOC_004303,en,4,9,0
YouTube,comment,n9D3b0K9pko,【FULL】Swapped to a Poor Bard? He Is the God Apollo!,UgyagfUyEk9UwxVf37x4AaABAg,,@LightMaker440,0,1789344000,"Hollywood has nothing to worry about. AI can't act. That being said, the technology is growing fast.",hollywood nothing worry can act said technology growing fast,【FULL】Swapped to a Poor Bard_ He Is the God Apollo!.json,root.comments[248].text,DOC_000773,en,8,1,15
TikTok,comment,7677740875966876950,,7677884042443965202,,,2,1787646692,Michael is a devil in human body,michael devil human body,tiktok_butheisapollo10.jsonl,root.text,DOC_002289,en,4,9,-1
TikTok,comment,7686339862995291422,,7687219395945743126,,,33,1789820279,boxers don’t have historical or cultural meaning,boxers don historical cultural meaning,tiktok_notyouraveragecrow1.jsonl,root.text,DOC_003539,en,4,3,-1
TikTok,comment,7672770828097850637,,7690484962181399317,,,0,1790580586,Okay i am FULLY confused what the fuck is happening,okay fully confused fuck happening,tiktok_butheisapollo2.jsonl,root.text,DOC_002979,en,5,0,-1
TikTok,comment,7482999322599181614,,7489819387420279583,,,0,1743859504,I loved this group of girls and hated the men for them i just fast forwarded the dudes dates after this,loved group girls hated men fast forwarded dudes dates,tiktok_temptationfruitisland10.jsonl,root.text,DOC_005538,en,9,1,17
TikTok,comment,7674678278162025750,,7685529366398599952,,,2,1789426782,"Telling person ,dem no telling person ehhhh Them tell you ,you no hear",telling person dem telling person ehhhh tell hear,tiktok_butheisapollo1.jsonl,root.text,DOC_001415,en,8,0,22
YouTube,comment,rYe9wiv2M0I,Not Your Average Crow | Full Series | Short Drama English | Fantasy Romance & Mystery,UgxdnPOoGUOgHdRwxux4AaABAg,,@WasikaBinta,0,1790812800,Wow tnx dear can you please post siren love story too?,wow tnx dear can please post siren love story,Not Your Average Crow _ Full Series _ Short Drama English _ Fantasy Romance & Mystery.json,root.comments[45].text,DOC_000389,en,7,9,-1
TikTok,comment,7677740875966876950,,7678074614322479892,,,0,1787691089,Happy birthday sweetheart,happy birthday sweetheart,tiktok_butheisapollo10.jsonl,root.text,DOC_002129,en,3,8,24
YouTube,comment,UASLAWHqKJA,"**Plus-Size Bride, Stepmom in Charge | Emotional Family Drama | Full Movie 2026**",UgwZR_ClbmhwogoswYp4AaABAg,,@Jenna-j2l,0,1790812800,Dudes said Demarco correctly ONCE in an hour 🤣🤣 this was great but I NEED the rest please!!!,dudes said demarco correctly hour great need rest please,"__Plus-Size Bride, Stepmom in Charge _ Emotional Family Drama _ Full Movie 2026__.json",root.comments[107].text,DOC_000131,en,8,5,8
YouTube,comment,n9D3b0K9pko,【FULL】Swapped to a Poor Bard? He Is the God Apollo!,UgyxaGKHeWfXZBc7dqN4AaABAg,,@AR-yl5bb,1,1788566400,This movie is realy not good,movie realy good,【FULL】Swapped to a Poor Bard_ He Is the God Apollo!.json,root.comments[443].text,DOC_000943,en,2,9,11
TikTok,comment,7653860933533519135,,7654498288934077191,,,0,1782201778,Can someone tag me please,can someone tag please,tiktok_butheisapollo6.jsonl,root.text,DOC_003325,en,2,4,8
YouTube,comment,rYe9wiv2M0I,Not Your Average Crow | Full Series | Short Drama English | Fantasy Romance & Mystery,Ugw7yHYsznNcqQ-7VEt4AaABAg,,@saungeethajan,1,1791072000,"Excellent... ❤ I like the music... when she tries to escape, fun events...",excellent like music tries escape fun events,Not Your Average Crow _ Full Series _ Short Drama English _ Fantasy Romance & Mystery.json,root.comments[11].text,DOC_000334,en,6,3,0
TikTok,comment,7674678278162025750,,7675054092737118998,,,7,1786987801,"Hy everyone Episode 2 has been posted, thank you all for watching",everyone episode posted thank watching,tiktok_butheisapollo1.jsonl,root.text,DOC_001252,en,2,2,7
TikTok,comment,7687099158422883602,,7687454627822846740,,,0,1789875032,"""don't all jump on me, I'm easily scared "" lucu bgt sh dia",don jump easily scared lucu bgt dia,tiktok_notyouraveragecrow1.jsonl,root.text,DOC_003380,en,6,6,22
TikTok,comment,7687523753533689121,,7688508161007174414,,,35,1790120332,"I love that she gave that homeless hungry kid her jacket and then kept it pushing.  she like, I got places to be",love gave homeless hungry kid jacket kept pushing like got places,tiktok_stepmomincharge21-24.jsonl,root.text,DOC_004156,en,10,6,0
TikTok,comment,7669771043778727200,,7670864050390090518,,,0,1786012241,Soraya usa “pianto”,soraya usa pianto,tiktok_temptationfruitisland4.jsonl,root.text,DOC_005968,tl,3,6,2
YouTube,comment,rYe9wiv2M0I,Not Your Average Crow | Full Series | Short Drama English | Fantasy Romance & Mystery,Ugya61oUetx2eFrABY94AaABAg,,@asmitarai4220,3,1790726400,8:15  every elder sibling's weapon . . .,every elder sibling weapon,Not Your Average Crow _ Full Series _ Short Drama English _ Fantasy Romance & Mystery.json,root.comments[35].text,DOC_000373,en,4,4,-1
TikTok,comment,7676528108995972374,,7677567987022430983,,,0,1787573110,someone's posting your story,someone posting story,tiktok_butheisapollo11.jsonl,root.text,DOC_002623,en,3,8,3
YouTube,comment,rYe9wiv2M0I,Not Your Average Crow | Full Series | Short Drama English | Fantasy Romance & Mystery,Ugyd1YCKijDlQe41DFJ4AaABAg,,@ruksakhatunruksakhatun9188,2,1790553600,23.04 yrrrr mast hai the expression 🤣🤣🤣🤣,yrrrr mast hai expression,Not Your Average Crow _ Full Series _ Short Drama English _ Fantasy Romance & Mystery.json,root.comments[40].text,DOC_000382,en,4,5,2
TikTok,comment,7469458353190636805,,7471069021564125953,,,0,1739493834,Y a la primera toma/ At the first scene shot,primera toma first scene shot,tiktok_temptationfruitisland5.jsonl,root.text,DOC_006258,en,5,1,-1
TikTok,comment,7687523753533689121,,7688454946693710613,,,2,1790107933,"Omg really a partner in crimes ,love the relationship tht isn’t based on lust only I mean their feeling can develop wht matters more is protecting and backing up each other..",omg really partner crimes love relationship tht isn based lust mean feeling can develop wht matters protecting backing,tiktok_stepmomincharge21-24.jsonl,root.text,DOC_004206,en,16,4,10
TikTok,comment,7686339862995291422,,7686506934765437726,,,5,1789654408,"Ok… but I’m a female, happily married to a man and you’re just gorgeous. It’s your fault",female happily married man gorgeous fault,tiktok_notyouraveragecrow1.jsonl,root.text,DOC_003592,en,6,7,-1
TikTok,comment,7687523753533689121,,7687636166031819551,,,4,1789917304,Bring me back please when it’s updated,bring back please updated,tiktok_stepmomincharge21-24.jsonl,root.text,DOC_004174,en,3,7,-1
TikTok,comment,7687099158422883602,,7687413965508887316,,,29,1789865574,gak bisa bahasa inggris,gak bisa bahasa inggris,tiktok_notyouraveragecrow1.jsonl,root.text,DOC_003383,tl,4,7,22
TikTok,comment,7686339862995291422,,7687907577032098582,,,4,1789980518,"I wear sun dresses and skirts but whaaat? Girls, wear whatever you want, you are not responsible for mans behavior",wear sun dresses skirts whaaat girls wear whatever want responsible mans behavior,tiktok_notyouraveragecrow1.jsonl,root.text,DOC_003603,en,12,7,12
TikTok,comment,7482999322599181614,,7483585896908178218,,,5,1742408159,I cried so hard at this part  these poor girls I feel for them,cried hard part poor girls feel,tiktok_temptationfruitisland10.jsonl,root.text,DOC_005435,en,5,1,-1
TikTok,comment,7686339862995291422,,7686678384260203294,,,62,1789694292,we gotta really stopp basing our gender identity based on clothing mannn :),gotta really stopp basing gender identity based clothing mannn,tiktok_notyouraveragecrow1.jsonl,root.text,DOC_003576,en,8,1,12
TikTok,comment,7482999322599181614,,7483248767069160223,,,97,1742329660,Sorry but never put yourself down. It’s them not you!! Please always remember that. REJECTION IS REDIRECTION,sorry never put please always remember rejection redirection,tiktok_temptationfruitisland10.jsonl,root.text,DOC_005451,en,7,7,21
TikTok,comment,7677183927886302471,,7685467075867050768,,,1,1789427816,seriously what's with the yae yea,seriously yae yea,tiktok_butheisapollo10.jsonl,root.text,DOC_001833,en,3,5,-1
TikTok,comment,7646918295588850964,,7647993574965347092,,,6,1780687541,life is always sweet on movies,life always sweet movies,tiktok_butheisapollo1.jsonl,root.text,DOC_001461,en,4,5,11
TikTok,comment,7671243298413104414,,7687504611019621151,,,7,1789886692,"I'm gonna level with you, bud. We don't care if was healthy or not. (We may care after a while if we got in his shoes, but still)",gonna level bud don care healthy may care got shoes still,tiktok_butheisapollo10.jsonl,root.text,DOC_002040,en,10,2,-1
TikTok,comment,7687523753533689121,,7688143566266352404,,,4,1790035450,De “anyone” but the right name,anyone right name,tiktok_stepmomincharge21-24.jsonl,root.text,DOC_004117,en,3,7,20
YouTube,comment,wlEYNQo-ckI,Fruit Love Island- Episode 1,Ugz8mVGWoAsNeiicxbh4AaABAg,,@user-lg4rf1xk9m,12,1789344000,Soldiers in ww2 died for this shiii,soldiers ww2 died shiii,combined_series.json,root.comments[1].text,DOC_000173,en,3,8,13
YouTube,comment,rYe9wiv2M0I,Not Your Average Crow | Full Series | Short Drama English | Fantasy Romance & Mystery,UgxnamLhTH1JB7YIBOh4AaABAg,,@peekakuchu6878,2,1790812800,Her mother is cute lol her logic filters are very selective😂,mother cute lol logic filters selective,Not Your Average Crow _ Full Series _ Short Drama English _ Fantasy Romance & Mystery.json,root.comments[42].text,DOC_000384,en,6,2,0
TikTok,comment,7678641715607031061,,7678674845771547413,,,2,1787831002,good victor dnt tak her back love your money,good victor dnt tak back love money,tiktok_butheisapollo10.jsonl,root.text,DOC_002405,en,7,1,0
YouTube,comment,pFkbPeqvDHw,Fruit Love Island- Episode 3,UgyocMJLnE7qGDAOlch4AaABAg,,@milobriscoeperiodpoo,2,1788566400,Second one and strawberry a bob I already know,second one strawberry bob already know,combined_series.json,root.comments[2].text,DOC_000219,en,5,4,25
TikTok,comment,7674678278162025750,,7675068628492108551,,,0,1786991181,"mama please try not to keep us waiting 
God bless you",mama please try keep waiting god bless,tiktok_butheisapollo1.jsonl,root.text,DOC_001202,en,6,1,-1
YouTube,comment,rYe9wiv2M0I,Not Your Average Crow | Full Series | Short Drama English | Fantasy Romance & Mystery,UgxQdsmjVxmdDiFxFoZ4AaABAg,,@Protactiny,0,1790467200,You earned a subscriber today 😘,earned subscriber today,Not Your Average Crow _ Full Series _ Short Drama English _ Fantasy Romance & Mystery.json,root.comments[16].text,DOC_000341,en,3,5,-1
TikTok,comment,7686339862995291422,,7687275666883166983,,,15,1789833354,"masculine presenting lesbians for example, have suffered MURDER through out our queer history, I am not the one that’s gonna educate you on this topic, jf you actually care, you’re gonna do it on your own, I gave you a good start so google is free",masculine presenting lesbians example suffered murder queer history one gonna educate topic actually care gonna gave good start google free,tiktok_notyouraveragecrow1.jsonl,root.text,DOC_003541,en,19,9,12
TikTok,comment,7676528108995972374,,7678525479679722258,,,4,1787796047,Where this hair style come from but he fine o,hair style come fine,tiktok_butheisapollo11.jsonl,root.text,DOC_002557,en,4,6,1
YouTube,comment,UASLAWHqKJA,"**Plus-Size Bride, Stepmom in Charge | Emotional Family Drama | Full Movie 2026**",UgxdWmLl5kqhwdyDgD54AaABAg,,@denisafrancis1768,4,1790208000,"Coming from instagram
 thank you never had to pay to finish watching it. Was a good one.",coming instagram thank never pay finish watching good one,"__Plus-Size Bride, Stepmom in Charge _ Emotional Family Drama _ Full Movie 2026__.json",root.comments[27].text,DOC_000046,en,5,9,18
TikTok,comment,7469458353190636805,,7469887525736334086,,,16,1739218759,they were keeping his last dignity,keeping last dignity,tiktok_temptationfruitisland5.jsonl,root.text,DOC_006320,en,3,8,1
TikTok,comment,7672770828097850637,,7684691844563059473,,,0,1789231753,If i was there i would have already shot the mistress,would already shot mistress,tiktok_butheisapollo2.jsonl,root.text,DOC_002993,en,4,1,-1
TikTok,comment,7469458353190636805,,7470127899706786615,,,7,1739274714,Montoya is in a telenovela... don't play with him...,montoya telenovela don play,tiktok_temptationfruitisland5.jsonl,root.text,DOC_006357,en,3,8,-1
TikTok,comment,7482999322599181614,,7483269290515890999,,,91,1742334434,yes he was so nice to the ladies always uplifting them,yes nice ladies always uplifting,tiktok_temptationfruitisland10.jsonl,root.text,DOC_005380,en,5,3,0
TikTok,comment,7676528108995972374,,7677512841515467538,,,0,1787560269,please bring me bck,please bring bck,tiktok_butheisapollo11.jsonl,root.text,DOC_002635,en,2,5,4
TikTok,comment,7677740875966876950,,7678646030397965074,,,0,1787824330,okay can't wait to watch,okay can wait watch,tiktok_butheisapollo10.jsonl,root.text,DOC_002378,en,2,0,14
TikTok,comment,7676528108995972374,,7676559699643777812,,,1,1787338361,I know one be very very very proud,know one proud,tiktok_butheisapollo11.jsonl,root.text,DOC_002459,en,2,0,2
TikTok,comment,7671243298413104414,,7687805774488306433,,,2,1789957186,How I remember those scenes from the Avatar legend of Korra... some looks hilarious,remember scenes avatar legend korra looks hilarious,tiktok_butheisapollo10.jsonl,root.text,DOC_002082,en,7,0,-1
TikTok,comment,7686339862995291422,,7686513359081177869,,,1,1789655905,"I’ve been dressing like Adam Sandler since day one and I’m Bi, so it fits",dressing like adam sandler since day one fits,tiktok_notyouraveragecrow1.jsonl,root.text,DOC_003531,en,6,9,19
YouTube,comment,UASLAWHqKJA,"**Plus-Size Bride, Stepmom in Charge | Emotional Family Drama | Full Movie 2026**",UgzRNtQ_4MfF2tPGF9N4AaABAg,,@letstalkwithallecia,32,1789948800,Facebook had me searching all over for the rest of this movie. Thank You,facebook searching rest movie thank,"__Plus-Size Bride, Stepmom in Charge _ Emotional Family Drama _ Full Movie 2026__.json",root.comments[21].text,DOC_000040,en,2,6,11
TikTok,comment,7676528108995972374,,7676547445551153938,,,96,1787335490,TikTok have you ever seen a robot borrowing data before?,tiktok ever seen robot borrowing data,tiktok_butheisapollo11.jsonl,root.text,DOC_002508,en,5,2,-1
TikTok,comment,7609634525609577741,,7611210322267947798,,,0,1772123015,they don't write them like that anymore. Iol,don write like anymore iol,tiktok_notyouraveragecrow3.jsonl,root.text,DOC_003878,en,3,0,3
TikTok,comment,7687523753533689121,,7687726137980486420,,,4,1789938259,im so inlove with this series I want my own mafia husband,inlove series want mafia husband,tiktok_stepmomincharge21-24.jsonl,root.text,DOC_004201,en,5,7,6
TikTok,comment,7677740875966876950,,7679111286394897172,,,0,1787932433,Please bring me back to the final Episode,please bring back final episode,tiktok_butheisapollo10.jsonl,root.text,DOC_002166,en,3,7,7
TikTok,comment,7677183927886302471,,7685783583186731796,,,54,1789485955,"""The star's secret family "".. same story with different AI Actirs.",star secret family story different actirs,tiktok_butheisapollo10.jsonl,root.text,DOC_001794,en,6,7,-1
TikTok,comment,7672171160280354061,,7683420804440589073,,,3,1788935825,8080 talaga ang lahat dyan noh? wala bang internet dyan?,talaga ang lahat dyan noh wala bang internet dyan,tiktok_butheisapollo2.jsonl,root.text,DOC_002999,tl,7,3,2
TikTok,comment,7671243298413104414,,7678061114365788958,,,102,1787687955,nah fr. him fumbling eska was top 3 fumbles in avatar.,nah fumbling eska top fumbles avatar,tiktok_butheisapollo10.jsonl,root.text,DOC_002036,en,6,5,1
YouTube,comment,n9D3b0K9pko,【FULL】Swapped to a Poor Bard? He Is the God Apollo!,UgwyzP9_GJDLB2gZKEV4AaABAg,,@Yassinemlaaouah,61,1788566400,"This was surprisingly great actually!! This idea , this script should be taken seriously and turn it into a big budget movie by Disney or netflix",surprisingly great actually idea script taken seriously turn big budget movie disney netflix,【FULL】Swapped to a Poor Bard_ He Is the God Apollo!.json,root.comments[9].text,DOC_000486,en,12,3,11
TikTok,comment,7541660722527210782,,7541787585146225415,,,0,1755959267,this is NOTTT what happened plus they aren't even the mc the girl rejected him because they didn't know each other,nottt happened plus aren even girl rejected didn know,tiktok_notyouraveragecrow1.jsonl,root.text,DOC_003505,en,9,7,17
TikTok,comment,7653860933533519135,,7654258135448797969,,,0,1782145896,Please tag me. I cannot find it,please tag cannot find,tiktok_butheisapollo6.jsonl,root.text,DOC_003295,en,3,4,8
TikTok,comment,7636564649621671188,,7650268067827057428,,,1,1781216861,Ngkakagulo tyong lht s loob ng pilipinas.pilipino mga pilipinas gumising kyong lht n bbm gumising kyo at intndhin ntin ang nangyyring pinaglalaban ng anti currupt icipn ntin pera ng bayan ang nawala,ngkakagulo tyong lht loob pilipinas pilipino mga pilipinas gumising kyong lht bbm gumising kyo intndhin ntin ang nangyyring pinaglalaban anti currupt icipn ntin pera bayan ang nawala,tiktok_notyouraveragecrow1.jsonl,root.text,DOC_003433,tl,24,2,2
TikTok,comment,7687523753533689121,,7687708252343534356,,,2573,1789934082,I think this is the most interesting drama I’ve seen.,think interesting drama seen,tiktok_stepmomincharge21-24.jsonl,root.text,DOC_004102,en,3,8,3
TikTok,comment,7674678278162025750,,7674722898900681479,,,1,1786910688,tag me when you drop the next episode,tag drop next episode,tiktok_butheisapollo1.jsonl,root.text,DOC_001215,en,2,0,7
TikTok,comment,7677740875966876950,,7677820176608346888,,,5,1787631831,"I beg calm down,e never reach lydat na",beg calm never reach lydat,tiktok_butheisapollo10.jsonl,root.text,DOC_002176,en,5,7,22
YouTube,comment,n9D3b0K9pko,【FULL】Swapped to a Poor Bard? He Is the God Apollo!,UgwXSBP5uqttC_0izMN4AaABAg,,@cyq0557,41,1785888000,"Bro! I just watched the whole thing without skipping😅...the shouting though,very comical 😂",bro watched whole thing without skipping shouting though comical,【FULL】Swapped to a Poor Bard_ He Is the God Apollo!.json,root.comments[16].text,DOC_000501,en,8,1,-1
YouTube,comment,n9D3b0K9pko,【FULL】Swapped to a Poor Bard? He Is the God Apollo!,UgzSnUldqehPxgxKW_l4AaABAg,,@Jc14344-z,1,1788566400,i love tis movie❤more please😊,love tis movie please,【FULL】Swapped to a Poor Bard_ He Is the God Apollo!.json,root.comments[99].text,DOC_000613,en,2,9,11
TikTok,comment,7687509802456534305,,7688166432722895647,,,632,1790040762,"Mr. Demato, Mr. tomato  , DeMarco…. Whatever works",demato tomato demarco whatever works,tiktok_stepmomincharge15-20.jsonl,root.text,DOC_004050,en,5,2,-1
TikTok,comment,7671243298413104414,,7691403062329967378,,,2,1790794340,You may express your joy through tears,may express joy tears,tiktok_butheisapollo10.jsonl,root.text,DOC_002058,en,3,0,9
TikTok,comment,7677740875966876950,,7677984396583125773,,,2,1787670106,Michael you are buying more than you can chew,michael buying can chew,tiktok_butheisapollo10.jsonl,root.text,DOC_002222,en,3,1,-1
TikTok,comment,7653860933533519135,,7654405442332656392,,,0,1782180165,I just finished watching it. It is going under my favourited. Loved it!,finished watching going favourited loved,tiktok_butheisapollo6.jsonl,root.text,DOC_003324,en,4,6,-1
YouTube,comment,rYe9wiv2M0I,Not Your Average Crow | Full Series | Short Drama English | Fantasy Romance & Mystery,Ugw5U7f_ysm73nMBjlN4AaABAg.AauYxtyyPR2Aauj8d2u7UW,,@thereviewspot07,1,1789948800,Glad you like it. Please like share and subscribe to my channel and watch more interesting dramas ❤,glad like please like share subscribe channel watch interesting dramas,Not Your Average Crow _ Full Series _ Short Drama English _ Fantasy Romance & Mystery.json,root.comments[5].replies[1].text,DOC_000321,en,4,6,6
TikTok,comment,7541660722527210782,,7545220003152315154,,,6,1756758758,bro his not even the MC is the anime?,bro even anime,tiktok_notyouraveragecrow1.jsonl,root.text,DOC_003465,en,3,0,-1
YouTube,comment,wlEYNQo-ckI,Fruit Love Island- Episode 1,Ugxm6TZaVzBLy9RaiGR4AaABAg.A_p5Pg841D2AbFY6fTrDB-,,@treattrick8991,0,1790553600,​ @bluepuppystudios3617 no need. They said that about internet and look at where we are at now. Ill tell you. The people who make data centres brains will turn on and find safer ways of doing it. But whos to say. I dont know and dont care. Cause thinking of it hurts my brain,need said internet look ill tell people make data centres brains turn find safer ways whos say dont know dont care cause thinking hurts brain,combined_series.json,root.comments[0].replies[1].replies[0].replies[2].text,DOC_000172,en,24,3,15
YouTube,comment,rYe9wiv2M0I,Not Your Average Crow | Full Series | Short Drama English | Fantasy Romance & Mystery,Ugy9vpARh09HtHln6vp4AaABAg,,@ayyayy1500,16,1789948800,Thanksss omg i hate watching the ads its like 2 ads per 2 minutes,thanksss omg hate watching ads like ads per minutes,Not Your Average Crow _ Full Series _ Short Drama English _ Fantasy Romance & Mystery.json,root.comments[24].text,DOC_000356,en,7,2,6
TikTok,comment,7636564649621671188,,7636714230281224980,,,0,1778061111,mang ingat ka po cong..leviste,mang ingat cong leviste,tiktok_notyouraveragecrow1.jsonl,root.text,DOC_003429,tl,4,5,-1
TikTok,comment,7671243298413104414,,7687757806296695560,,,0,1789945622,eska as in the water brand?,eska water brand,tiktok_butheisapollo10.jsonl,root.text,DOC_002089,en,3,7,23
TikTok,comment,7687407796731530528,,7687460259878830856,,,0,1789876333,Like me so I always on here. Tq an advance,like always advance,tiktok_stepmomincharge11-14.jsonl,root.text,DOC_004029,en,2,5,16
TikTok,comment,7687523753533689121,,7687533554142561044,,,1,1789893402,Bring me back for the next episode,bring back next episode,tiktok_stepmomincharge21-24.jsonl,root.text,DOC_004189,en,2,7,7
TikTok,comment,7676528108995972374,,7677614469589484296,,,0,1787583928,Someone should bring me back here please,someone bring back please,tiktok_butheisapollo11.jsonl,root.text,DOC_002616,en,3,1,4
TikTok,comment,7676528108995972374,,7676690269090448135,,,50,1787368757,Sometimes I feel like entering the AI world and give Cynthia a dirty slap,sometimes feel like entering world give cynthia dirty slap,tiktok_butheisapollo11.jsonl,root.text,DOC_002529,en,8,1,-1
TikTok,comment,7683031765518175521,,7683137980778267413,,,4,1788870124,i no fit lose the nxt..,fit lose nxt,tiktok_butheisapollo10.jsonl,root.text,DOC_001928,en,3,8,-1
TikTok,comment,7482999322599181614,,7483282910159242015,,,21,1742337606,He is every season  love him!,every season love,tiktok_temptationfruitisland10.jsonl,root.text,DOC_005381,en,3,4,1
TikTok,comment,7677740875966876950,,7680567183759835912,,,0,1788271411,Once trust is destroyed it’s hard to get it back,trust destroyed hard get back,tiktok_butheisapollo10.jsonl,root.text,DOC_002354,en,4,2,10
TikTok,comment,7671811930364890388,,7674062655963185940,,,1,1786756976,replay my comment when it's free.tq,replay comment free,tiktok_butheisapollo6.jsonl,root.text,DOC_003214,en,3,5,8
TikTok,comment,7686339862995291422,,7686695372996330271,,,5,1789698267,Fitted clothing for women is the easiest way to dress straight for a women.,fitted clothing women easiest way dress straight women,tiktok_notyouraveragecrow1.jsonl,root.text,DOC_003558,en,8,4,19
TikTok,comment,7646918295588850964,,7648051992446812936,,,7,1780701126,African story part 2,african story part,tiktok_butheisapollo1.jsonl,root.text,DOC_001441,en,2,8,3
YouTube,comment,n9D3b0K9pko,【FULL】Swapped to a Poor Bard? He Is the God Apollo!,Ugyviv1U-BEuQwPravV4AaABAg,,@kate4197,0,1785888000,Amazing but i Skip my lunch to finish watching 😂❤❤,amazing skip lunch finish watching,【FULL】Swapped to a Poor Bard_ He Is the God Apollo!.json,root.comments[141].text,DOC_000655,en,4,8,14
TikTok,comment,7646918295588850964,,7648330773318140690,,,0,1780765790,Ai will take us all to another world as long as data bundle is their,take another world long data bundle,tiktok_butheisapollo1.jsonl,root.text,DOC_001572,en,6,2,15
YouTube,comment,wlEYNQo-ckI,Fruit Love Island- Episode 1,Ugxm6TZaVzBLy9RaiGR4AaABAg.A_p5Pg841D2AaulCnciu_w,,@treattrick8991,0,1789948800,@varishacavin628 noone cares. (Gors back to janitor ai) and honestly good thebpolar bears are dying. Now the penguins can be happy,noone cares gors back janitor honestly good thebpolar bears dying penguins can happy,combined_series.json,root.comments[0].replies[1].text,DOC_000168,en,12,2,13
TikTok,comment,7683963653862755592,,7684685654903702280,,,0,1789230317,Mr.kill EP9 DewTee reaction on YT,kill ep9 dewtee reaction,tiktok_notyouraveragecrow1.jsonl,root.text,DOC_003724,en,3,4,-1
TikTok,comment,7584379129022156045,,7586417755517027084,,,0,1766350540,That one bro who gon crack anything,one bro gon crack anything,tiktok_notyouraveragecrow1.jsonl,root.text,DOC_003666,en,4,2,-1
TikTok,comment,7482999322599181614,,7520355697894376205,,,0,1750969274,"Gurl seeing the first bon fire, he clipped the parts to make the girls sound BAD, and uncaring. And left out when they said ""i dont need him but i want him"" and etc.. this caused the men to stop caring since day 1 they clipped it to make the girls look like they belittling and dont give af",gurl seeing first bon fire clipped parts make girls sound bad uncaring left said dont need want etc caused men stop caring since day clipped make girls look like belittling dont give,tiktok_temptationfruitisland10.jsonl,root.text,DOC_005337,en,29,1,-1
TikTok,comment,7674678278162025750,,7674805984749060872,,,1,1786930031,man don spoil man,man don spoil man,tiktok_butheisapollo1.jsonl,root.text,DOC_001297,tl,3,7,10
TikTok,comment,7677740875966876950,,7677964030309221140,,,0,1787665450,happy birthday beautiful,happy birthday beautiful,tiktok_butheisapollo10.jsonl,root.text,DOC_002130,en,3,8,24
YouTube,comment,rYe9wiv2M0I,Not Your Average Crow | Full Series | Short Drama English | Fantasy Romance & Mystery,Ugy0R6XypCeNxHy2LPB4AaABAg,,@monsiollererica,3,1789948800,Finally found the full episode! I've watch a short video of this on tiktok but it didn't give me a full one so I searched it up on YouTube and finally I've finished it!.,finally found full episode watch short video tiktok didn give full one searched youtube finally finished,Not Your Average Crow _ Full Series _ Short Drama English _ Fantasy Romance & Mystery.json,root.comments[33].text,DOC_000369,en,8,1,7
YouTube,comment,n9D3b0K9pko,【FULL】Swapped to a Poor Bard? He Is the God Apollo!,Ugz0yiaqjmcc1j5ihHx4AaABAg,,@Unofficialbittu,1,1788566400,Why did I watch this whole show 😢,watch whole show,【FULL】Swapped to a Poor Bard_ He Is the God Apollo!.json,root.comments[112].text,DOC_000626,en,2,9,-1
TikTok,comment,7668908610935622926,,7678843700373521166,,,0,1787870145,Get em boys damn this was a great on,get boys damn great,tiktok_butheisapollo2.jsonl,root.text,DOC_003062,en,3,3,18
TikTok,comment,7686339862995291422,,7686637364718387998,,,24,1789684754,I unfortunately love men AND I dress as a tom boy or Adam Sandler.,unfortunately love men dress tom boy adam sandler,tiktok_notyouraveragecrow1.jsonl,root.text,DOC_003519,en,8,9,12
TikTok,comment,7685562889662516513,,7685774070709469974,,,4,1789483751,ma torna su facebook che hai 50 anni,torna facebook che hai anni,tiktok_temptationfruitisland5.jsonl,root.text,DOC_006199,en,4,5,16
TikTok,comment,7676528108995972374,,7679473611300979476,,,3,1788016799,i wish one day my story will change like Cynthia,wish one day story change like cynthia,tiktok_butheisapollo11.jsonl,root.text,DOC_002563,en,5,6,-1
YouTube,comment,UASLAWHqKJA,"**Plus-Size Bride, Stepmom in Charge | Emotional Family Drama | Full Movie 2026**",UgyfWWP2LtQxbBXwQdZ4AaABAg,,@FlashmobGa,0,1790553600,This is not even close to the whole movie….just another rabbit trail into the search bowl.,even close whole movie another rabbit trail search bowl,"__Plus-Size Bride, Stepmom in Charge _ Emotional Family Drama _ Full Movie 2026__.json",root.comments[112].text,DOC_000136,en,8,7,11
YouTube,comment,UASLAWHqKJA,"**Plus-Size Bride, Stepmom in Charge | Emotional Family Drama | Full Movie 2026**",Ugx8SknSg_1GlJW4BFR4AaABAg,,@demetriusday4127,1,1790035200,"Yessss, the best one yet.",yessss best one yet,"__Plus-Size Bride, Stepmom in Charge _ Emotional Family Drama _ Full Movie 2026__.json",root.comments[16].text,DOC_000035,en,3,9,2
TikTok,comment,7677740875966876950,,7678010436020798216,,,1,1787676119,Happy birthday to our little angel,happy birthday little angel,tiktok_butheisapollo10.jsonl,root.text,DOC_002117,en,4,8,24
TikTok,comment,7609634525609577741,,7610350249852289799,,,0,1771922756,the best part was when he made an espresso from his load box ..,best part made espresso load box,tiktok_notyouraveragecrow3.jsonl,root.text,DOC_003871,en,4,8,-1
TikTok,comment,7584379129022156045,,7584514827839947532,,,8,1765907480,But Fish is a normal protein for man right?,fish normal protein man right,tiktok_notyouraveragecrow1.jsonl,root.text,DOC_003668,en,5,7,23
TikTok,comment,7687509802456534305,,7688207172808082189,,,4,1790050266,no way i’m tuned in like this.,way tuned like,tiktok_stepmomincharge15-20.jsonl,root.text,DOC_004082,en,2,8,-1
TikTok,comment,7687407796731530528,,7688734248895677197,,,10,1790173010,It’s not full missing episodes 15-24,full missing episodes,tiktok_stepmomincharge11-14.jsonl,root.text,DOC_004001,en,2,3,7
TikTok,comment,7687159415908125985,,7688445450542498580,,,3,1790105890,wow i already love the bride,wow already love bride,tiktok_stepmomincharge1-4.jsonl,root.text,DOC_003932,en,4,4,0
TikTok,comment,7677740875966876950,,7677955364704305938,,,1,1787663297,Have an unforgettable birthday celebration!!!,unforgettable birthday celebration,tiktok_butheisapollo10.jsonl,root.text,DOC_002140,en,3,5,24
TikTok,comment,7469458353190636805,,7470211283482297131,,,78,1739294157,YALL OUR BOY MONTOYA GOT HIS GET BACK!!HE CRUSHED SHORTY,yall boy montoya got get back crushed shorty,tiktok_temptationfruitisland5.jsonl,root.text,DOC_006332,en,7,1,1
TikTok,comment,7584379129022156045,,7584277299933152021,,,0,1765915794,bro iss living the mermaid fairy tail,bro iss living mermaid fairy tail,tiktok_notyouraveragecrow1.jsonl,root.text,DOC_003689,en,6,3,-1
TikTok,comment,7686339862995291422,,7691072562075779854,,,0,1790717424,Girl that’s not bc of us they jus like ts,girl jus like,tiktok_notyouraveragecrow1.jsonl,root.text,DOC_003593,en,2,6,17
YouTube,comment,po5bDXlZjXA,Fruit Love Island- Episode 6,UgyC8to2fFm75tLy5N14AaABAg,,@IbloxyI,6,1789344000,The head shake of the grape lollll 💀💀💀💀💀,head shake grape lollll,combined_series.json,root.comments[0].text,DOC_000245,en,4,1,2
TikTok,comment,7674678278162025750,,7674826342500025106,,,0,1786934769,"my dear it depends on the kind of man you meet
since I know what relationship means my dear I never hurt a girl but they're hurting me always",dear depends kind man meet since know relationship means dear never hurt girl hurting always,tiktok_butheisapollo1.jsonl,root.text,DOC_001195,en,15,8,10
TikTok,comment,7584379129022156045,,7584547923855229708,,,0,1765915186,You will never swim alone,never swim alone,tiktok_notyouraveragecrow1.jsonl,root.text,DOC_003691,en,3,9,-1
TikTok,comment,7677740875966876950,,7680614098221253396,,,0,1788282341,I almost forget this story thank God I saw it again,almost forget story thank god saw,tiktok_butheisapollo10.jsonl,root.text,DOC_002353,en,5,6,3
TikTok,comment,7469458353190636805,,7470538527655887621,,,3,1739370326,"that part ""let it burn""",part let burn,tiktok_temptationfruitisland5.jsonl,root.text,DOC_006345,en,2,9,2
TikTok,comment,7647046547762367764,,7648357356497191697,,,0,1780771997,Check bio for our official backup @dramavault_official ⬅,check bio official backup,tiktok_butheisapollo1.jsonl,root.text,DOC_001098,en,4,4,-1
TikTok,comment,7469458353190636805,,7469886094617166647,,,1665,1739218412,he infact does NOT know how to let it go,infact know let,tiktok_temptationfruitisland5.jsonl,root.text,DOC_006274,en,3,3,1
TikTok,comment,7677740875966876950,,7677885872549200658,,,1,1787647121,I can’t wait to see next episodes,can wait see next episodes,tiktok_butheisapollo10.jsonl,root.text,DOC_002285,en,3,0,7
TikTok,comment,7469458353190636805,,7470269431122920224,,,1,1739307666,I understand why people in the Bible rip their clothes off they r actually going through it u know @kitanthephilosopher,understand people bible rip clothes actually going know,tiktok_temptationfruitisland5.jsonl,root.text,DOC_006432,en,8,3,5
TikTok,comment,7687099158422883602,,7690456142039745288,,,0,1790573861,[Heartwarming][Heartwarming][Heartwarming],heartwarming heartwarming heartwarming,tiktok_notyouraveragecrow1.jsonl,root.text,DOC_003381,en,3,4,9
YouTube,comment,wlEYNQo-ckI,Fruit Love Island- Episode 1,Ugxm6TZaVzBLy9RaiGR4AaABAg.A_p5Pg841D2AbF9uZjrcVP,,@bluepuppystudios3617,0,1790467200,​ @treattrick8991 ill bring this back up in ten years,ill bring back ten years,combined_series.json,root.comments[0].replies[1].replies[0].replies[1].text,DOC_000171,en,5,7,4
TikTok,comment,7676528108995972374,,7679832706243707669,,,1,1788100408,Like….. I don’t understand him oh  my building every time,like don understand building every time,tiktok_butheisapollo11.jsonl,root.text,DOC_002472,en,4,3,1
TikTok,comment,7482999322599181614,,7508910893792854814,,,0,1748304576,"Sitting here crying bc I literally told myself today that it’s okay for me to have no one. I’m not worthy. If my parents don’t want me, who would?",sitting crying literally told today okay one worthy parents don want would,tiktok_temptationfruitisland10.jsonl,root.text,DOC_005517,en,10,3,21
TikTok,comment,7676528108995972374,,7685702678007300871,,,0,1789467119,The party is here  dial *928*428*362# grab your tickets now !!!,party dial grab tickets,tiktok_butheisapollo11.jsonl,root.text,DOC_002480,en,4,6,-1
TikTok,comment,7676528108995972374,,7677486062537196309,,,0,1787554037,Pls bring me back ooo,pls bring back ooo,tiktok_butheisapollo11.jsonl,root.text,DOC_002640,en,3,7,4
YouTube,comment,rYe9wiv2M0I,Not Your Average Crow | Full Series | Short Drama English | Fantasy Romance & Mystery,UgysxocEZkdSRnUTpat4AaABAg.AbP5IHT-vC8AbPRMoA-5yd,,@peekakuchu6878,0,1790812800,​ @thereviewspot07 wasn't she born with other eggs,wasn born eggs,Not Your Average Crow _ Full Series _ Short Drama English _ Fantasy Romance & Mystery.json,root.comments[60].replies[0].replies[0].text,DOC_000413,en,3,9,0
TikTok,comment,7674678278162025750,,7674743986213470984,,,24,1786915603,Someone should bring me back,someone bring back,tiktok_butheisapollo1.jsonl,root.text,DOC_001246,en,3,1,4
TikTok,comment,7687523753533689121,,7687619228131820296,,,1,1789913340,Someone needs to bring me back please,someone needs bring back please,tiktok_stepmomincharge21-24.jsonl,root.text,DOC_004199,en,4,8,4
YouTube,comment,n9D3b0K9pko,【FULL】Swapped to a Poor Bard? He Is the God Apollo!,UgzZRXju34kxK2cjft14AaABAg,,@susangeet527,0,1789948800,Why did the female villain open her mouth so wide like anaconda and laugh..??it's so scary😢,female villain open mouth wide like anaconda laugh scary,【FULL】Swapped to a Poor Bard_ He Is the God Apollo!.json,root.comments[403].text,DOC_000907,en,8,0,-1
TikTok,comment,7469458353190636805,,7470141395727155975,,,26,1739277843,running on the beach???? I think bro Lowkey planned that part,running beach think bro lowkey planned part,tiktok_temptationfruitisland5.jsonl,root.text,DOC_006307,en,6,4,-1
TikTok,comment,7677183927886302471,,7686139210530013968,,,0,1789568774,A star’s secret family,star secret family,tiktok_butheisapollo10.jsonl,root.text,DOC_001832,en,3,7,-1
TikTok,comment,7676528108995972374,,7677353448052359954,,,0,1787523165,Abeg bring me back for the next part,abeg bring back next part,tiktok_butheisapollo11.jsonl,root.text,DOC_002646,en,2,7,8
YouTube,comment,n9D3b0K9pko,【FULL】Swapped to a Poor Bard? He Is the God Apollo!,UgySUsh8N1O7JM_l9ZZ4AaABAg,,@bethvilla7024,0,1789948800,My kid keeps telling to stop watching Ai 🤣🥺🤭,kid keeps telling stop watching,【FULL】Swapped to a Poor Bard_ He Is the God Apollo!.json,root.comments[269].text,DOC_000794,en,4,4,15
TikTok,comment,7469458353190636805,,7490599602086970117,,,0,1744041162,WHY DID YOU TAG EVERYONE AND THEIR MOMS,tag everyone moms,tiktok_temptationfruitisland5.jsonl,root.text,DOC_006381,en,3,4,3
YouTube,comment,n9D3b0K9pko,【FULL】Swapped to a Poor Bard? He Is the God Apollo!,Ugw9sfe0tPwnEE8ktwl4AaABAg.A_XeGIi251RA_qWNEZSRG7,,@freakylee10,10,1788566400,"Ive watched this in the app completely without paying, just by watching the ads too. 😅😂",ive watched app completely without paying watching ads,【FULL】Swapped to a Poor Bard_ He Is the God Apollo!.json,root.comments[4].replies[0].text,DOC_000447,en,6,2,6
TikTok,comment,7686339862995291422,,7687327516981953298,,,2,1789845426,"yep but not only when it's convenient for some people and more if they're normative, lesbians have been single out for decades due to their cloches when they are non normatives while straight women do it to look cool. She's joking, everyone can use whatever they want but just question about it",yep convenient people normative lesbians single decades due cloches non normatives straight women look cool joking everyone can use whatever want question,tiktok_notyouraveragecrow1.jsonl,root.text,DOC_003556,en,21,1,12
TikTok,comment,7687160580414688545,,7687335608431739666,,,2,1789847312,Good one the rest thank you,good one rest thank,tiktok_stepmomincharge5-7.jsonl,root.text,DOC_004234,en,2,9,8
TikTok,comment,7677740875966876950,,7677855827999605511,,,74,1787640133,Even spiritual husband no worry person like this,even spiritual husband worry person like,tiktok_butheisapollo10.jsonl,root.text,DOC_002192,en,5,7,5
TikTok,comment,7482999322599181614,,7483423676597584662,,,1,1742370388,Such a deep abandonment wound she has . I’m very much like her and trying so hard to work on mine but it’s far from easy. I pray she does all the healing and meets the right man ❤️,deep abandonment wound much like trying hard work mine far easy pray healing meets right man,tiktok_temptationfruitisland10.jsonl,root.text,DOC_005487,en,15,7,0
TikTok,comment,7469458353190636805,,7470586392532583210,,,1,1739381468,He had the most Normal reaction a person could’ve had,normal reaction person,tiktok_temptationfruitisland5.jsonl,root.text,DOC_006395,en,3,8,26
YouTube,comment,rYe9wiv2M0I,Not Your Average Crow | Full Series | Short Drama English | Fantasy Romance & Mystery,Ugyd2VE0_NUTL6vK-1t4AaABAg,,@eva3530,4,1791072000,"One of the cutest AI dramas so far! I love the protective family and the very low amount of frustrating moments, unlike most AI dramas that purely rely on ragebait. Thanks for the upload!",one cutest dramas far love protective family low amount frustrating moments unlike dramas purely rely ragebait thanks upload,Not Your Average Crow _ Full Series _ Short Drama English _ Fantasy Romance & Mystery.json,root.comments[10].text,DOC_000332,en,16,6,15
TikTok,comment,7687400012866768161,,7688289841755243280,,,70,1790069500,is it just me all are we chubby people getting outfit inspo,chubby people getting outfit inspo,tiktok_stepmomincharge8-10.jsonl,root.text,DOC_004306,en,5,1,19
TikTok,comment,7674678278162025750,,7674722631158088468,,,1,1786910635,Tomorrow starts from 12am am wake waiting,tomorrow starts 12am wake waiting,tiktok_butheisapollo1.jsonl,root.text,DOC_001209,en,4,1,7
YouTube,comment,rYe9wiv2M0I,Not Your Average Crow | Full Series | Short Drama English | Fantasy Romance & Mystery,UgxRxVP6JoVA73k6ZPB4AaABAg,,@egelrepdos,1,1791115200,Nice one I feel back my childhood alway watching fantacy story,nice one feel back childhood alway watching fantacy story,Not Your Average Crow _ Full Series _ Short Drama English _ Fantasy Romance & Mystery.json,root.comments[23].text,DOC_000354,en,7,2,3
YouTube,comment,UASLAWHqKJA,"**Plus-Size Bride, Stepmom in Charge | Emotional Family Drama | Full Movie 2026**",Ugye4bdXm6OSFEEKjat4AaABAg,,@ChocoMint-p9c,1,1790812800,Finally a good ai movie he believes his child and love his wife and  not blind,finally good movie believes child love wife blind,"__Plus-Size Bride, Stepmom in Charge _ Emotional Family Drama _ Full Movie 2026__.json",root.comments[29].text,DOC_000048,en,7,9,11
TikTok,comment,7482999322599181614,,7506290528612451102,,,0,1747694474,This part was sooo sad.,part sooo sad,tiktok_temptationfruitisland10.jsonl,root.text,DOC_005518,en,2,2,9
TikTok,comment,7482999322599181614,,7486579895294640942,,,2,1743105251,"i literally love taylor. i related to all of her rants & confessionals. every time she expressed herself, i understood & i cried",literally love taylor related rants confessionals every time expressed understood cried,tiktok_temptationfruitisland10.jsonl,root.text,DOC_005588,en,11,4,0
TikTok,comment,7686339862995291422,,7690374677239513887,,,1,1790554910,if ur talking about dressing likemasc tomboys exist,talking dressing likemasc tomboys exist,tiktok_notyouraveragecrow1.jsonl,root.text,DOC_003530,en,5,8,19
TikTok,comment,7674678278162025750,,7674696484206494482,,,139,1786904534,Believe man at your own risk,believe man risk,tiktok_butheisapollo1.jsonl,root.text,DOC_001219,en,3,9,10
TikTok,comment,7677740875966876950,,7677872783850554130,,,1,1787644238,happy birthday mamita,happy birthday mamita,tiktok_butheisapollo10.jsonl,root.text,DOC_002123,tl,3,8,24
TikTok,comment,7482999322599181614,,7525125221834195767,,,10,1752079770,I feel like I’m the only one who hated Tayler,feel like one hated tayler,tiktok_temptationfruitisland10.jsonl,root.text,DOC_005576,en,3,9,1
TikTok,comment,7687159415908125985,,7688634359977493255,,,0,1790149998,The best bride in the world,best bride world,tiktok_stepmomincharge1-4.jsonl,root.text,DOC_003941,en,3,6,0
TikTok,comment,7664259571082464525,,7676058632287994645,,,2,1787221688,swapped to a bagger but is Apollo,swapped bagger apollo,tiktok_butheisapollo2.jsonl,root.text,DOC_003024,en,3,8,-1
TikTok,comment,7687523753533689121,,7687561425263739656,,,4,1789899891,bring me back into this drama please,bring back drama please,tiktok_stepmomincharge21-24.jsonl,root.text,DOC_004172,en,2,7,3
TikTok,comment,7683031765518175521,,7683523727271101185,,,10,1788959783,"Why all this questions Daniel
Just walk out and go
this lady is a devil in a sheep cloth",questions daniel walk lady devil sheep cloth,tiktok_butheisapollo10.jsonl,root.text,DOC_001986,en,7,8,-1
TikTok,comment,7636564649621671188,,7639217679705883410,,,1,1778643980,LORD Protect this young man Cong.Leviste,lord protect young man cong leviste,tiktok_notyouraveragecrow1.jsonl,root.text,DOC_003437,en,6,5,5
YouTube,comment,n9D3b0K9pko,【FULL】Swapped to a Poor Bard? He Is the God Apollo!,Ugx37JQtpEql2IyErjd4AaABAg.AZlBwEc9hm6A_CjGv2ZBup,,@LabayaVelasco,3,1788566400,"To you what si the most
  infortant god or mortal",infortant god mortal,【FULL】Swapped to a Poor Bard_ He Is the God Apollo!.json,root.comments[0].replies[7].text,DOC_000429,en,3,4,5
TikTok,comment,7674678278162025750,,7674779461028053768,,,4,1786923861,Next trust no man,next trust man,tiktok_butheisapollo1.jsonl,root.text,DOC_001292,en,2,7,10
TikTok,comment,7584379129022156045,,7584564256092226315,,,0,1765919096,that one bro who eats anything,one bro eats anything,tiktok_notyouraveragecrow1.jsonl,root.text,DOC_003709,en,3,2,-1
TikTok,comment,7688106667590077699,,7688645380737008405,,,0,1790162118,God reavele the truth7 to the right person,god reavele truth7 right person,tiktok_butheisapollo1.jsonl,root.text,DOC_001650,en,5,7,5
TikTok,comment,7653860933533519135,,7655816201272541973,,,2,1782508638,Watch story of Ming,watch story ming,tiktok_butheisapollo6.jsonl,root.text,DOC_003284,en,2,8,11
TikTok,comment,7676528108995972374,,7676578318800716552,,,31,1787342690,They don’t want to see you better they want you to remain their past,don want see better want remain past,tiktok_butheisapollo11.jsonl,root.text,DOC_002494,en,6,7,21
TikTok,comment,7677740875966876950,,7677979960271618836,,,2,1787669162,Next part it will posted next year trust me,next part posted next year trust,tiktok_butheisapollo8.jsonl,root.text,DOC_003352,en,3,4,8
TikTok,comment,7636564649621671188,,7641182275589833473,,,3,1779101400,May all the protection from Divine forces be with you sir…,may protection divine forces sir,tiktok_notyouraveragecrow1.jsonl,root.text,DOC_003436,en,5,0,5
YouTube,comment,rYe9wiv2M0I,Not Your Average Crow | Full Series | Short Drama English | Fantasy Romance & Mystery,UgwI5UKhuLcA761uN2V4AaABAg,,@sompongsihabouth2409,2,1790899200,So cute little crow😂😂😂,cute little crow,Not Your Average Crow _ Full Series _ Short Drama English _ Fantasy Romance & Mystery.json,root.comments[38].text,DOC_000379,en,3,5,-1
TikTok,comment,7686339862995291422,,7690672096300516110,,,1,1790624155,Straight woman are co-opting our culture,straight woman opting culture,tiktok_notyouraveragecrow1.jsonl,root.text,DOC_003522,en,4,1,12
TikTok,comment,7676528108995972374,,7677952478487102215,,,0,1787662628,Abeg remember to change the hair,abeg remember change hair,tiktok_butheisapollo11.jsonl,root.text,DOC_002603,en,3,6,1
TikTok,comment,7482999322599181614,,7618726578281644813,,,2,1773873027,"Ahh, i didn’t even know they had one around that time. I was so confused why the “newest one”",ahh didn even know one around time confused newest one,tiktok_temptationfruitisland10.jsonl,root.text,DOC_005419,en,8,1,-1
TikTok,comment,7482999322599181614,,7483983951825535775,,,5,1742500831,Just saw a guy on Tyler’s ig post “did you see Taylor? She was pretty controlling” when all she wanted was him to bring to the relationship the same things she brings to the relationship.,saw guy tyler post see taylor pretty controlling wanted bring relationship things brings relationship,tiktok_temptationfruitisland10.jsonl,root.text,DOC_005424,en,14,1,0
TikTok,comment,7482999322599181614,,7488856359421838111,,,0,1743635266,Only those who live truly alone know this feeling.,live truly alone know feeling,tiktok_temptationfruitisland10.jsonl,root.text,DOC_005543,en,5,0,-1
TikTok,comment,7648395730532470037,,7656582275204006673,,,0,1782687094,"Social media too funny, you go just login see person wey e life don spoil pass your own... Your mood go just lighten up",social media funny login see person wey life don spoil pass mood lighten,tiktok_butheisapollo10.jsonl,root.text,DOC_002034,en,12,0,16
TikTok,comment,7672770828097850637,,7673820679808992001,,,26,1786700659,The calmness of the people in the restaurant after watching them being humiliated is just fueling my anger!!!,calmness people restaurant watching humiliated fueling anger,tiktok_butheisapollo2.jsonl,root.text,DOC_002981,en,6,8,-1
TikTok,comment,7482999322599181614,,7483382360442127134,,,1,1742360795,oh my god i wanna give her a hug so badly. how strong she is to be that vulnerable and real on camera given all the circumstances she was in,god wanna give hug badly strong vulnerable real camera given circumstances,tiktok_temptationfruitisland10.jsonl,root.text,DOC_005490,en,11,2,0
TikTok,comment,7686339862995291422,,7687269679412806423,,,33,1789831972,"find me one piece of clothing that is culturally exclusive to lesbian, I'll wait",find one piece clothing culturally exclusive lesbian wait,tiktok_notyouraveragecrow1.jsonl,root.text,DOC_003540,en,7,4,12
TikTok,comment,7653860933533519135,,7659065919792431880,,,0,1783265256,I can’t find it please tag me if you find it,can find please tag find,tiktok_butheisapollo6.jsonl,root.text,DOC_003336,en,3,4,-1
TikTok,comment,7687103842520927496,,7690082867238241042,,,6,1790486961,cause she's just a babbyyy lol,cause babbyyy lol,tiktok_notyouraveragecrow3.jsonl,root.text,DOC_003848,en,3,0,0
TikTok,comment,7678641715607031061,,7678792557278855943,,,1,1787858225,God bless you brother vt,god bless brother,tiktok_butheisapollo10.jsonl,root.text,DOC_002410,en,3,5,5
TikTok,comment,7687523753533689121,,7687758898040521490,,,2,1789945879,waiting until episode 100 hehe,waiting episode hehe,tiktok_stepmomincharge21-24.jsonl,root.text,DOC_004152,en,2,1,7
TikTok,comment,7686339862995291422,,7687968667317912353,,,4,1789994728,apparently not knowing and not being interested in queer history is homophobic now? just proving my point by the way . superiority complex at its finest. ill just call you racist and call it a day.,apparently knowing interested queer history homophobic proving point way superiority complex finest ill call racist call day,tiktok_notyouraveragecrow1.jsonl,root.text,DOC_003549,en,17,4,12
TikTok,comment,7686339862995291422,,7689989667245228830,,,1,1790465274,"""why do people think I'm a lesbian?"" then this be how I dress...im sorrryyy[Crying]",people think lesbian dress sorrryyy crying,tiktok_notyouraveragecrow1.jsonl,root.text,DOC_003524,en,6,8,9
TikTok,comment,7671243298413104414,,7677724028048704286,,,1,1787609488,Cant stop won't stop,cant stop won stop,tiktok_butheisapollo10.jsonl,root.text,DOC_002051,en,4,4,22
YouTube,comment,n9D3b0K9pko,【FULL】Swapped to a Poor Bard? He Is the God Apollo!,Ugw3irKqbJXVveHF9bB4AaABAg,,@NurAirra,0,1790380800,in world's completely have a cruel people in whatever condition position and situation..but in Olympus world... have to also?...what a joke and jerk story... 💩,world completely cruel people whatever condition position situation olympus world also joke jerk story,【FULL】Swapped to a Poor Bard_ He Is the God Apollo!.json,root.comments[505].text,DOC_001005,en,14,1,-1
TikTok,comment,7677740875966876950,,7677959511005676306,,,1,1787664268,Cynthia’s success and happiness,cynthia success happiness,tiktok_butheisapollo10.jsonl,root.text,DOC_002238,en,3,5,-1
TikTok,comment,7671979548803648784,,7673513335753884437,,,0,1786629066,Taray level up may ibang languange na,taray level may ibang languange,tiktok_butheisapollo4.jsonl,root.text,DOC_003186,tl,5,5,2
YouTube,comment,Ne-lmQe1610,Fruit Love Island- Episode 5,UgzX6_V_gXZ8dQ_yQyB4AaABAg,,@Nini_kneib,1,1789948800,Why DID the strawberry girl grab bananas dih when kissing😭,strawberry girl grab bananas dih kissing,combined_series.json,root.comments[5].text,DOC_000242,en,6,6,25
TikTok,comment,7686339862995291422,,7687112260964270864,,,2,1789795307,"No, we actually just passed a law about it and the punishment is life in prison",actually passed law punishment life prison,tiktok_notyouraveragecrow1.jsonl,root.text,DOC_003513,en,6,8,13
YouTube,comment,UASLAWHqKJA,"**Plus-Size Bride, Stepmom in Charge | Emotional Family Drama | Full Movie 2026**",UgxPnrzNqLrLx5PNhMx4AaABAg,,@reynadithachacoso710,39,1789948800,Please upload the remaining episodes. Please.,please upload remaining episodes please,"__Plus-Size Bride, Stepmom in Charge _ Emotional Family Drama _ Full Movie 2026__.json",root.comments[76].text,DOC_000097,en,3,3,7
TikTok,comment,7469458353190636805,,7470198537685812014,,,1496,1739291189,i feel so bad for laughing bc he’s really in pain,feel bad laughing really pain,tiktok_temptationfruitisland5.jsonl,root.text,DOC_006291,en,4,9,1
TikTok,comment,7653860933533519135,,7654985495518331669,,,0,1782315461,I've watched on YouTube.. it's good she didn't spare anyone,watched youtube good didn spare anyone,tiktok_butheisapollo6.jsonl,root.text,DOC_003254,en,4,9,0
YouTube,comment,n9D3b0K9pko,【FULL】Swapped to a Poor Bard? He Is the God Apollo!,Ugxy2WwYBJ2GFvg5e3h4AaABAg,,@Manson099,0,1785888000,Are these gods can fart?,gods can fart,【FULL】Swapped to a Poor Bard_ He Is the God Apollo!.json,root.comments[406].text,DOC_000909,en,2,9,5
TikTok,comment,7671243298413104414,,7678338098363925278,,,6,1787752481,bolin should've passed me the ball,bolin passed ball,tiktok_butheisapollo10.jsonl,root.text,DOC_002081,en,3,3,-1
TikTok,comment,7686339862995291422,,7691075486474126100,,,0,1790718080,Babe we don't wanna be straight anymore[Risa aprobada][Conmovedor],babe don wanna straight anymore risa aprobada conmovedor,tiktok_notyouraveragecrow1.jsonl,root.text,DOC_003591,en,7,0,17
TikTok,comment,7676528108995972374,,7677542672982622983,,,15,1787567212,you guys should bring me back pls,guys bring back pls,tiktok_butheisapollo11.jsonl,root.text,DOC_002538,en,3,7,4
TikTok,comment,7672793087822810382,,7691869772761727752,,,1,1790903005,Everything she knows gets slapped out of her brain,everything knows gets slapped brain,tiktok_butheisapollo10.jsonl,root.text,DOC_001763,en,5,5,0
TikTok,comment,7653860933533519135,,7662286945084015380,,,0,1784015625,keep searching and watch them alot .They will pop up,keep searching watch alot pop,tiktok_butheisapollo6.jsonl,root.text,DOC_003306,en,4,4,14
TikTok,comment,7482999322599181614,,7487116516392305451,,,0,1743230208,Feeling this now. Feeling it always. Don’t think I’ll ever know staying.,feeling feeling always don think ever know staying,tiktok_temptationfruitisland10.jsonl,root.text,DOC_005557,en,7,0,-1
TikTok,comment,7469458353190636805,,7476185465226674999,,,0,1740685095,This is what real heartbreak looks like.. We thank Montoya for showing us to remain single,real heartbreak looks like thank montoya showing remain single,tiktok_temptationfruitisland5.jsonl,root.text,DOC_006441,en,7,9,9
TikTok,comment,7686339862995291422,,7687413538209760033,,,4,1789865512,Straight af but I‘ll not stop Like These outfits Are so wowi,straight stop like outfits wowi,tiktok_notyouraveragecrow1.jsonl,root.text,DOC_003601,en,4,1,19
TikTok,comment,7584379129022156045,,7584877545380905729,,,0,1765991928,I knew they gon do things,knew gon things,tiktok_notyouraveragecrow1.jsonl,root.text,DOC_003665,en,3,3,-1
TikTok,comment,7469458353190636805,,7469598160169993006,,,391,1739151385,Yes  he gotta be plotting because nooo way,yes gotta plotting nooo way,tiktok_temptationfruitisland5.jsonl,root.text,DOC_006270,en,5,6,1
YouTube,comment,UASLAWHqKJA,"**Plus-Size Bride, Stepmom in Charge | Emotional Family Drama | Full Movie 2026**",UgxmBKABCAIPfArp7PV4AaABAg,,@TheMeshal33,1,1790121600,Loooool the disclaimer at the end,loooool disclaimer end,"__Plus-Size Bride, Stepmom in Charge _ Emotional Family Drama _ Full Movie 2026__.json",root.comments[46].text,DOC_000067,en,3,9,-1
TikTok,comment,7687103842520927496,,7689872836940628766,,,14,1790438065,"She’s an abbysal phoenix, they look like crows but they control the dead, light and dark.",abbysal phoenix look like crows control dead light dark,tiktok_notyouraveragecrow3.jsonl,root.text,DOC_003851,en,8,4,-1
YouTube,comment,UASLAWHqKJA,"**Plus-Size Bride, Stepmom in Charge | Emotional Family Drama | Full Movie 2026**",UgygjKBQi3VCoPE_th54AaABAg,,@tianajacobs2368,2,1790121600,Please ohhh post the rest let me turn on notifications so I don’t miss it,please ohhh post rest let turn notifications don miss,"__Plus-Size Bride, Stepmom in Charge _ Emotional Family Drama _ Full Movie 2026__.json",root.comments[58].text,DOC_000079,en,7,7,8
TikTok,comment,7609634525609577741,,7610354869430436628,,,0,1771923840,So did he not just shoot him directly the first time. No harm in shooting him directly again if he wanted to make sure he is dead.,shoot directly first time harm shooting directly wanted make sure dead,tiktok_notyouraveragecrow3.jsonl,root.text,DOC_003904,en,10,1,1
YouTube,comment,n9D3b0K9pko,【FULL】Swapped to a Poor Bard? He Is the God Apollo!,UgzrO746x6BnibRzgr54AaABAg,,@adorable-henna,8,1788566400,What kind of Gods are these. Even ordinary servents can hurt them. A flower can burn their faces. Gods who are hurt by the things they created. How can it work. Strange,kind gods even ordinary servents can hurt flower can burn faces gods hurt things created can work strange,【FULL】Swapped to a Poor Bard_ He Is the God Apollo!.json,root.comments[189].text,DOC_000704,en,15,9,5
TikTok,comment,7676528108995972374,,7676564633901122320,,,0,1787339493,I don’t know ooo hmmm,don know ooo hmmm,tiktok_butheisapollo11.jsonl,root.text,DOC_002476,en,3,6,2
TikTok,comment,7676528108995972374,,7677211141144576776,,,0,1787490025,Standing in your building as how nah,standing building nah,tiktok_butheisapollo11.jsonl,root.text,DOC_002655,en,3,3,-1
TikTok,comment,7674678278162025750,,7675269840282223368,,,0,1787038033,Is true you have to fear men they are betrayers,true fear men betrayers,tiktok_butheisapollo1.jsonl,root.text,DOC_001186,en,4,2,10
TikTok,comment,7653860933533519135,,7667614527550751519,,,1,1785255686,I am so glad you liked and came bk to let me know!! that makes your girl happy,glad liked came let know makes girl happy,tiktok_butheisapollo6.jsonl,root.text,DOC_003299,en,8,6,-1
TikTok,comment,7584379129022156045,,7584555118478820107,,,1,1765916860,the land between the land and the sea,land land sea,tiktok_notyouraveragecrow1.jsonl,root.text,DOC_003642,en,3,3,23
TikTok,comment,7482999322599181614,,7483307372624216837,,,16,1742343308,the way i cried so hard during this scene cause i feeeeeeel that man,way cried hard scene cause feeeeeeel man,tiktok_temptationfruitisland10.jsonl,root.text,DOC_005357,en,7,1,9
TikTok,comment,7674678278162025750,,7674777960318763784,,,11,1786923516,in my next life definitely not this life,next life definitely life,tiktok_butheisapollo1.jsonl,root.text,DOC_001258,en,3,8,-1
TikTok,comment,7677740875966876950,,7677742314215310096,,,72,1787613741,Ethan’s mother is such a darling woman,ethan mother darling woman,tiktok_butheisapollo10.jsonl,root.text,DOC_002209,en,4,9,0
TikTok,comment,7469458353190636805,,7658698757747589902,,,0,1783179803,Na I feel bad for him as well shi fcked up,feel bad well shi fcked,tiktok_temptationfruitisland5.jsonl,root.text,DOC_006322,en,5,8,1
TikTok,comment,7482999322599181614,,7487700739000664863,,,0,1743366210,who’s we?gng I never watched this,gng never watched,tiktok_temptationfruitisland10.jsonl,root.text,DOC_005551,en,2,7,14
TikTok,comment,7686339862995291422,,7687739118521418518,,,5,1789941298,this goes for the girls too! i cant go and hit on a visibly queer dressed woman and she’ll hit me with “im straight”,goes girls cant hit visibly queer dressed woman hit straight,tiktok_notyouraveragecrow1.jsonl,root.text,DOC_003589,en,10,1,12
TikTok,comment,7687279220787121441,,7687317111815144214,,,218,1789843013,che telecamere miracolose hanno a tempetion island?,che telecamere miracolose hanno tempetion island,tiktok_temptationfruitisland1.jsonl,root.text,DOC_004661,en,6,0,-1
TikTok,comment,7687159415908125985,,7689131879002473238,,,3,1790265562,So is he called marco de marco??,called marco marco,tiktok_stepmomincharge1-4.jsonl,root.text,DOC_003968,en,3,6,1
YouTube,comment,HI5hcU9WrQw,Fruit Love Island- Episode 14,Ugzty7EU3jhAmChrjvp4AaABAg.AapNvQGB-XCAaxPxXD8A_V,,@ryannelson1372,2,1789948800,What’d you expect its fruit love island lol,expect fruit love island lol,combined_series.json,root.comments[1].replies[0].text,DOC_000291,en,5,0,25
TikTok,comment,7469458353190636805,,7469628881684251422,,,16,1739158534,If he doesn’t act like this I don’t want him,doesn act like don want,tiktok_temptationfruitisland5.jsonl,root.text,DOC_006352,en,3,7,1
TikTok,comment,7676528108995972374,,7676531558338511636,,,4,1787331806,Story sweet sha,story sweet sha,tiktok_butheisapollo11.jsonl,root.text,DOC_002583,en,3,2,3
TikTok,comment,7671243298413104414,,7691196086065922836,,,0,1790746165,"Una sure say nor be Suka side chick born Bolin and her brother [Tears of joy]
And Bolin took after his father",una sure say suka side chick born bolin brother tears joy bolin took father,tiktok_butheisapollo10.jsonl,root.text,DOC_002086,en,13,3,9
TikTok,comment,7687160580414688545,,7688645090276803349,,,0,1790152853,l love this aura for aura,love aura aura,tiktok_stepmomincharge5-7.jsonl,root.text,DOC_004249,en,3,9,9
TikTok,comment,7671243298413104414,,7677287038584341262,,,14,1787507735,first of all I found this very cute these two twin girls the fact that one of them liked him and claimed him that is beautiful all real men know what I'm talking about this was a very cute situation,first found cute two twin girls fact one liked claimed beautiful real men know talking cute situation,tiktok_butheisapollo10.jsonl,root.text,DOC_002063,en,16,2,26
TikTok,comment,7482999322599181614,,7484821417551971118,,,0,1742695819,"No cause she was saying things out load that I feel all the time and it was so triggering, I literally cried w her",cause saying things load feel time triggering literally cried,tiktok_temptationfruitisland10.jsonl,root.text,DOC_005363,en,9,8,0
TikTok,comment,7687159415908125985,,7690280915838763807,,,0,1790533084,it says it under the page name,says page name,tiktok_stepmomincharge1-4.jsonl,root.text,DOC_003920,en,3,0,8
TikTok,comment,7687159415908125985,,7689212530409702165,,,1,1790284327,"Nah nah, I don’t understand how Adrian asks who she is but later on he admits he chose to marry her .. MANS BE LYING or confused",nah nah don understand adrian asks later admits chose marry mans lying confused,tiktok_stepmomincharge1-4.jsonl,root.text,DOC_003969,en,12,3,17
YouTube,comment,UASLAWHqKJA,"**Plus-Size Bride, Stepmom in Charge | Emotional Family Drama | Full Movie 2026**",UgzwAtffUvFAUqldLIJ4AaABAg,,@nwankweguginika-xx4rv,0,1790035200,"OMG i love this 
Where's the rest please",omg love rest please,"__Plus-Size Bride, Stepmom in Charge _ Emotional Family Drama _ Full Movie 2026__.json",root.comments[52].text,DOC_000073,en,3,6,8
TikTok,comment,7672770828097850637,,7673716722926764831,,,203,1786676440,They sure doing a lot of slaps and kicks in this movie,sure lot slaps kicks movie,tiktok_butheisapollo2.jsonl,root.text,DOC_002974,en,4,7,-1
YouTube,comment,ETMM6bexHJE,Fruit Love Island- Episode 2,UgyxSbNn-YG8cJ7NFEN4AaABAg.AaVx9SoDFZSAaiN-cojsJq,,@averyplayz-y9o,0,1789344000,"It's part of the earth's cycle, as we saw in Pangea the ice caps melt and thaw and melt and thaw over thousands even millions even billions of years. The water that is already being lost is about 1% AI cooling water. And even if all of it was AI we would reach the point of ""no ice on earth and no snow even in the coldest countries"" in hundreds of years. Please stay in school",part earth cycle saw pangea ice caps melt thaw melt thaw thousands even millions even billions years water already lost cooling water even would reach point ice earth snow even coldest countries hundreds years please stay school,combined_series.json,root.comments[9].replies[1].text,DOC_000215,en,35,7,-1
TikTok,comment,7482999322599181614,,7498561861970182943,,,0,1745895002,MARK IS A GIRLS MAN IDC I LOVED HIM THE MOST,mark girls man idc loved,tiktok_temptationfruitisland10.jsonl,root.text,DOC_005526,en,5,1,-1
TikTok,comment,7687103842520927496,,7689622354058363678,,,13,1790379780,Wait why does she look like a crow if she’s a phenox,wait look like crow phenox,tiktok_notyouraveragecrow3.jsonl,root.text,DOC_003847,en,4,0,0
TikTok,comment,7677740875966876950,,7677993819987854087,,,2,1787672249,the story is good but you take decades to make the next..........,story good take decades make next,tiktok_butheisapollo11.jsonl,root.text,DOC_002446,en,4,2,3
TikTok,comment,7686339862995291422,,7686819208403469078,,,4,1789727111,I’m honestly this close to wearing a fake mustache just to be left alone.,honestly close wearing fake mustache left alone,tiktok_notyouraveragecrow1.jsonl,root.text,DOC_003610,en,7,0,19
YouTube,comment,UASLAWHqKJA,"**Plus-Size Bride, Stepmom in Charge | Emotional Family Drama | Full Movie 2026**",UgyvAKnZF-d-QhlMPnR4AaABAg,,@cristianbadua6945,4,1790380800,"43:44 If apologies fixed everything, the prisons would be empty… gurl!!!!! 😂",apologies fixed everything prisons would empty gurl,"__Plus-Size Bride, Stepmom in Charge _ Emotional Family Drama _ Full Movie 2026__.json",root.comments[62].text,DOC_000083,en,7,8,13
TikTok,comment,7687400012866768161,,7687425012613251861,,,31,1789868132,"ohhhh my goshhhhh
I'm in love with this",ohhhh goshhhhh love,tiktok_stepmomincharge8-10.jsonl,root.text,DOC_004284,en,3,9,-1
TikTok,comment,7686339862995291422,,7691063271001309960,,,0,1790715238,That’s because we don’t want them hitting on us..ifykyk,don want hitting ifykyk,tiktok_notyouraveragecrow1.jsonl,root.text,DOC_003602,en,3,7,-1
TikTok,comment,7686339862995291422,,7690566071547790102,,,0,1790599484,Clothes have nothing to do with your sexuality and people should be allowed to dress however they want to.,clothes nothing sexuality people allowed dress however want,tiktok_notyouraveragecrow1.jsonl,root.text,DOC_003510,en,8,7,12
TikTok,comment,7686339862995291422,,7686912592124248865,,,4,1789748829,"And also, when I see a girl looking like a lesbian and there actually straight. That a different kind of pain.",also see girl looking like lesbian actually straight different kind pain,tiktok_notyouraveragecrow1.jsonl,root.text,DOC_003609,en,10,9,12
TikTok,comment,7584379129022156045,,7584515756660114184,,,2,1765907700,Nna hope nothing?,nna hope nothing,tiktok_notyouraveragecrow1.jsonl,root.text,DOC_003635,en,3,1,22
TikTok,comment,7687509802456534305,,7687518550685008660,,,86,1789889915,Omg tyy soo much for posting more of itplease continue with it,omg tyy soo much posting itplease continue,tiktok_stepmomincharge15-20.jsonl,root.text,DOC_004068,en,7,6,-1
TikTok,comment,7687098688291867911,,7688980879511913222,,,3,1790230402,"Why is the crow lowkey serving plot? Cantina app, I’m locked in.",crow lowkey serving plot cantina app locked,tiktok_notyouraveragecrow1.jsonl,root.text,DOC_003397,en,7,6,15
TikTok,comment,7584379129022156045,,7584573180419031828,,,116,1765921464,When his father told him that there's plenty of fish in the sea he took it to heart,father told plenty fish sea took heart,tiktok_notyouraveragecrow1.jsonl,root.text,DOC_003658,en,6,3,23
TikTok,comment,7676528108995972374,,7677837535142216468,,,0,1787635877,They he posted another one my dear come,posted another one dear come,tiktok_butheisapollo11.jsonl,root.text,DOC_002524,en,4,0,-1
TikTok,comment,7677740875966876950,,7678707602913526548,,,0,1787838442,Thank you for nice story next please please,thank nice story next please please,tiktok_butheisapollo10.jsonl,root.text,DOC_002371,en,2,2,3
TikTok,comment,7671243298413104414,,7687122158333903629,,,108,1789797683,she laughed like a seagull it's so damn cute,laughed like seagull damn cute,tiktok_butheisapollo10.jsonl,root.text,DOC_002059,en,4,2,-1
TikTok,comment,7687400012866768161,,7688037420835357460,,,27,1790010715,"Same here,hate it. Why do they always ruin a good story by making the curvier girl lose weight? She was perfectly fine the way she was. I stopped watching as soon as they made her skinny. I just lost interest.",hate always ruin good story making curvier girl lose weight perfectly fine way stopped watching soon made skinny lost interest,tiktok_stepmomincharge8-10.jsonl,root.text,DOC_004313,en,18,7,0
TikTok,comment,7674678278162025750,,7675020480185434896,,,0,1786979968,Please tag us there tomorrow,please tag tomorrow,tiktok_butheisapollo1.jsonl,root.text,DOC_001201,en,2,1,8
TikTok,comment,7636564649621671188,,7647779250540954386,,,0,1780637382,Ilabas mo na boss at least kong mamatay kaman may prensipyo ka naman,ilabas boss least kong mamatay kaman may prensipyo naman,tiktok_notyouraveragecrow1.jsonl,root.text,DOC_003441,tl,8,4,2
TikTok,comment,7687407796731530528,,7688692189711172372,,,0,1790163166,"I finally found it here in tiktok, anyone coming from Facebook",finally found tiktok anyone coming facebook,tiktok_stepmomincharge11-14.jsonl,root.text,DOC_004039,en,4,3,16
YouTube,comment,n9D3b0K9pko,【FULL】Swapped to a Poor Bard? He Is the God Apollo!,UgylPdln-kwF1fDgxyB4AaABAg.A_2CWUke5lLAa9meFhEBXy,,@6090peterparker,0,1788566400,"Don't watch . Make your own movie. .. 
the title 
The silent movie",don watch make movie title silent movie,【FULL】Swapped to a Poor Bard_ He Is the God Apollo!.json,root.comments[7].replies[16].text,DOC_000477,en,2,1,11
TikTok,comment,7671243298413104414,,7677356887100277517,,,103,1787523967,bro I would have folded so fast,bro would folded fast,tiktok_butheisapollo10.jsonl,root.text,DOC_002075,en,4,1,-1
YouTube,comment,UASLAWHqKJA,"**Plus-Size Bride, Stepmom in Charge | Emotional Family Drama | Full Movie 2026**",Ugx1PDGbJ4isa3Gskot4AaABAg,,@missthickness0569,1,1790294400,Yesss! Please upload the rest 🙏🏾 ❤,yesss please upload rest,"__Plus-Size Bride, Stepmom in Charge _ Emotional Family Drama _ Full Movie 2026__.json",root.comments[15].text,DOC_000034,en,3,6,8
YouTube,comment,wlEYNQo-ckI,Fruit Love Island- Episode 1,Ugxm6TZaVzBLy9RaiGR4AaABAg,,@varishacavin628,42,1788566400,this is what the polar bears died for😭🥀✌️,polar bears died,combined_series.json,root.comments[0].text,DOC_000166,en,3,8,13
TikTok,comment,7687523753533689121,,7688094163577651981,,,2,1790023940,I want it all back Elena!! AT THIS POINT GIVE ME UR SOUL BYTCH!!!,want back elena point give soul bytch,tiktok_stepmomincharge21-24.jsonl,root.text,DOC_004205,en,7,1,4
TikTok,comment,7636564649621671188,,7636650208386925333,,,17,1778046205,May God bless and protect you always,may god bless protect always,tiktok_notyouraveragecrow1.jsonl,root.text,DOC_003411,en,5,5,5
TikTok,comment,7687159415908125985,,7687657621087814420,,,7,1789922391,I love her temper [Heartwarming][Heartwarming][Red heart] saw them what you are,love temper heartwarming heartwarming red heart saw,tiktok_stepmomincharge1-4.jsonl,root.text,DOC_003930,en,5,4,0
TikTok,comment,7687160580414688545,,7687337703461487367,,,21,1789847798,"I love the chapel scene so much , ….",love chapel scene much,tiktok_stepmomincharge5-7.jsonl,root.text,DOC_004216,en,4,6,18
TikTok,comment,7671243298413104414,,7687619131315913502,,,0,1789913388,May this love find me,may love find,tiktok_butheisapollo10.jsonl,root.text,DOC_002088,en,3,4,27
TikTok,comment,7653860933533519135,,7654179994847970080,,,1,1782127686,saw it and as always 10/10 .It was amaizing,saw always amaizing,tiktok_butheisapollo6.jsonl,root.text,DOC_003332,en,3,3,18
TikTok,comment,7647046547762367764,,7648732519714472724,,,0,1780859638,"interesting story,,next part please",interesting story next part please,tiktok_butheisapollo1.jsonl,root.text,DOC_001067,en,2,8,3
TikTok,comment,7676528108995972374,,7676545401243173640,,,17,1787335016,I have been waiting for this so fuckin long,waiting fuckin long,tiktok_butheisapollo11.jsonl,root.text,DOC_002549,en,3,1,13
YouTube,comment,ETMM6bexHJE,Fruit Love Island- Episode 2,UgxLItlf07oxvTuAfDV4AaABAg,,@Minjuuuuu__4___lifer___Glitt,7,1788566400,Why did the Cherry become a baby 0:40,cherry become baby,combined_series.json,root.comments[7].text,DOC_000210,en,3,3,25
TikTok,comment,7469458353190636805,,7470214969864471328,,,10,1739294980,Yh cause he doing too much seeing his long term girlfriend getting in clapped deeper 4k id definitely try drown myself lol,cause much seeing long term girlfriend getting clapped deeper definitely try drown lol,tiktok_temptationfruitisland5.jsonl,root.text,DOC_006309,en,13,1,1
YouTube,comment,wlEYNQo-ckI,Fruit Love Island- Episode 1,Ugx2n7CwteVcTTLq9754AaABAg,,@Notdave-m4q,0,1790812800,Eww way worse than I thought bro I feel bad for polar bears,eww way worse thought bro feel bad polar bears,combined_series.json,root.comments[19].text,DOC_000194,en,9,8,13
TikTok,comment,7687523753533689121,,7687555922000003862,,,100,1789898615,Can someone tag me when the next part is uploaded please?,can someone tag next part uploaded please,tiktok_stepmomincharge21-24.jsonl,root.text,DOC_004145,en,3,4,8
YouTube,comment,n9D3b0K9pko,【FULL】Swapped to a Poor Bard? He Is the God Apollo!,Ugzk_L3p9ZmQt0gRE694AaABAg,,@damontgant9031,11,1785888000,I hate AI but this is to good fak 🗿,hate good fak,【FULL】Swapped to a Poor Bard_ He Is the God Apollo!.json,root.comments[221].text,DOC_000741,en,3,5,15
TikTok,comment,7646918295588850964,,7647196953986040596,,,12,1780502066,we were looking for this AAA rolls Royce,looking aaa rolls royce,tiktok_butheisapollo1.jsonl,root.text,DOC_001516,en,4,0,-1
TikTok,comment,7653860933533519135,,7653964018562384660,,,0,1782077390,Thanks to your recommendation and link. I watched the sub version. So good!!!!,thanks recommendation link watched sub version good,tiktok_butheisapollo6.jsonl,root.text,DOC_003335,en,5,4,6
TikTok,comment,7653860933533519135,,7654869945051202312,,,1,1782288312,I do prefer when they don’t have to die as doormats first,prefer don die doormats first,tiktok_butheisapollo6.jsonl,root.text,DOC_003337,en,4,7,-1
YouTube,comment,n9D3b0K9pko,【FULL】Swapped to a Poor Bard? He Is the God Apollo!,Ugy5fMhmpgoA3Ng5FC14AaABAg.A_VhEsAlVkqAa1K7pNAZy8,,@udyjobs,0,1788566400,There is only one God no one is of comparison of him whatever you say if more than one present them this kind of mess could happen,one god one comparison whatever say one present kind mess happen,【FULL】Swapped to a Poor Bard_ He Is the God Apollo!.json,root.comments[217].replies[2].text,DOC_000735,en,8,2,5
YouTube,comment,n9D3b0K9pko,【FULL】Swapped to a Poor Bard? He Is the God Apollo!,Ugx6bmtv0egYp6trwr14AaABAg,,@MaureenMulenga-zu5ty,0,1785888000,The best movie I love 💕,best movie love,【FULL】Swapped to a Poor Bard_ He Is the God Apollo!.json,root.comments[306].text,DOC_000830,en,2,9,11
TikTok,comment,7686339862995291422,,7687969009832592160,,,3,1789994799,also there are not any clothes that are inherently ‘queer’. its not like cultural attire.,also clothes inherently queer like cultural attire,tiktok_notyouraveragecrow1.jsonl,root.text,DOC_003550,en,6,9,12
TikTok,comment,7482999322599181614,,7483331422788649770,,,1,1742348909,"Mark has a hard job, the fact that he can not be basis and still help EVERYONE in their journey and allow them to grow without judgement is amazing",mark hard job fact can basis still help everyone journey allow grow without judgement amazing,tiktok_temptationfruitisland10.jsonl,root.text,DOC_005496,en,14,5,-1
TikTok,comment,7686339862995291422,,7687922176834241312,,,2,1789983923,"omg your comment is exactly like that one video was talking about  wokeness and superiority complex but not willing to ‘educate’ others, aka performative.",omg comment exactly like one video talking wokeness superiority complex willing educate others aka performative,tiktok_notyouraveragecrow1.jsonl,root.text,DOC_003545,en,12,5,15
TikTok,comment,7646918295588850964,,7648384331514020628,,,0,1780778616,there is only one woman in uganda who bought rolls Royce. it was my first time to hear about it,one woman uganda bought rolls royce first time hear,tiktok_butheisapollo1.jsonl,root.text,DOC_001571,en,8,0,-1
TikTok,comment,7676528108995972374,,7679152535979393799,,,1,1787942053,He want Cynthia to suffer,want cynthia suffer,tiktok_butheisapollo11.jsonl,root.text,DOC_002498,en,3,2,-1
TikTok,comment,7676528108995972374,,7676730703622783765,,,6,1787378314,dis guys we mad o dis time around the god's of the Land he swear with with we get him up hmmm very sweet,dis guys mad dis time around god land swear get hmmm sweet,tiktok_butheisapollo11.jsonl,root.text,DOC_002584,en,11,5,5
YouTube,comment,UASLAWHqKJA,"**Plus-Size Bride, Stepmom in Charge | Emotional Family Drama | Full Movie 2026**",UgxnzjvZfrGQATFsewh4AaABAg,,@BEYONCE4life97,104,1790121600,Aw he loved her before she lost weight,loved lost weight,"__Plus-Size Bride, Stepmom in Charge _ Emotional Family Drama _ Full Movie 2026__.json",root.comments[1].text,DOC_000004,en,3,7,0
TikTok,comment,7482999322599181614,,7623878912326009618,,,0,1775072647,"She’s such an incredible woman, ugh this is heartbreaking",incredible woman ugh heartbreaking,tiktok_temptationfruitisland10.jsonl,root.text,DOC_005509,en,4,2,0
TikTok,comment,7677740875966876950,,7677915257826362120,,,6,1787654131,"please I am waiting
this story is really interesting",please waiting story really interesting,tiktok_butheisapollo10.jsonl,root.text,DOC_002228,en,3,8,3
TikTok,comment,7676528108995972374,,7676539550185636629,,,3,1787333661,Pack ur bags and come back please,pack bags come back please,tiktok_butheisapollo11.jsonl,root.text,DOC_002554,en,4,0,4
YouTube,comment,rYe9wiv2M0I,Not Your Average Crow | Full Series | Short Drama English | Fantasy Romance & Mystery,UgzwexpWuKNGacmQKhV4AaABAg,,@LoveAgainstPowerFilms,1,1789948800,Oh no no where's the rest of this amazing story??!,rest amazing story,Not Your Average Crow _ Full Series _ Short Drama English _ Fantasy Romance & Mystery.json,root.comments[52].text,DOC_000400,en,3,8,3
TikTok,comment,7482999322599181614,,7483565817805538103,,,0,1742403481,I couldn’t find it on that episode?!,couldn find episode,tiktok_temptationfruitisland10.jsonl,root.text,DOC_005410,en,2,4,-1
TikTok,comment,7676528108995972374,,7676609133462553352,,,154,1787349865,I don't like Cynthia she is too proud,don like cynthia proud,tiktok_butheisapollo11.jsonl,root.text,DOC_002487,en,2,0,-1
TikTok,comment,7469458353190636805,,7469797036671156999,,,1256,1739197668,the slow mo of him ripping off the shirt is FRYING MEEEEEE,slow ripping shirt frying meeeeee,tiktok_temptationfruitisland5.jsonl,root.text,DOC_006305,en,5,3,-1
TikTok,comment,7469458353190636805,,7470374745796739857,,,5,1739332184,cameraman probably had the best time filming him,cameraman probably best time filming,tiktok_temptationfruitisland5.jsonl,root.text,DOC_006358,en,5,8,6
TikTok,comment,7686339862995291422,,7689634454872245006,,,5,1790382568,Dressing masculine is one of the easiest things to accidentally do its j a regular shirt and baggy pants,dressing masculine one easiest things accidentally regular shirt baggy pants,tiktok_notyouraveragecrow1.jsonl,root.text,DOC_003554,en,9,8,19
TikTok,comment,7636564649621671188,,7636675389586440961,,,8,1778052076,God protect the good men,god protect good men,tiktok_notyouraveragecrow1.jsonl,root.text,DOC_003412,en,4,5,5
TikTok,comment,7677740875966876950,,7680241095432028935,,,0,1788195490,Oya come backkk o,oya come backkk,tiktok_butheisapollo10.jsonl,root.text,DOC_002207,en,3,0,4
TikTok,comment,7683031765518175521,,7683497024910050066,,,7,1788953569,yoo this young lady can help a lion in labor yoo is too much,yoo young lady can help lion labor yoo much,tiktok_butheisapollo10.jsonl,root.text,DOC_001988,en,8,5,-1
TikTok,comment,7677740875966876950,,7677750184268792596,,,102,1787615541,Please don’t take long to post the next part,please don take long post next part,tiktok_butheisapollo10.jsonl,root.text,DOC_002193,en,3,7,8
TikTok,comment,7676528108995972374,,7676627388976939794,,,0,1787354112,make we prepare thunder for that Micheal,make prepare thunder micheal,tiktok_butheisapollo11.jsonl,root.text,DOC_002657,en,3,6,2
TikTok,comment,7686339862995291422,,7687297769111651094,,,13,1789838516,"how does this have anything to do with clothing being exclusive to one specific sexuality or gender? it's not a knowledge issue here you are talking nonsense, clothing is not exclusive to one sexuality",anything clothing exclusive one specific sexuality gender knowledge issue talking nonsense clothing exclusive one sexuality,tiktok_notyouraveragecrow1.jsonl,root.text,DOC_003542,en,13,2,12
TikTok,comment,7674678278162025750,,7674740957079044882,,,209,1786915481,"We cover this story in the hand of God, and deny any delayed post,
amen",cover story hand god deny delayed post amen,tiktok_butheisapollo1.jsonl,root.text,DOC_001230,en,8,7,5
YouTube,comment,n9D3b0K9pko,【FULL】Swapped to a Poor Bard? He Is the God Apollo!,UgwdOpevuSChnFZRKVV4AaABAg,,@gogol7354,1,1788566400,"Useless king of gods...!????






God is only one ALLAH(swt)☝️",useless king gods god one allah swt,【FULL】Swapped to a Poor Bard_ He Is the God Apollo!.json,root.comments[516].text,DOC_001021,en,6,6,5
TikTok,comment,7676528108995972374,,7677712132870095637,,,0,1787606682,Why u never drop the next episode 3 days now,never drop next episode days,tiktok_butheisapollo11.jsonl,root.text,DOC_002609,en,3,7,7
YouTube,comment,wlEYNQo-ckI,Fruit Love Island- Episode 1,Ugy_ZB4qFdr7ZGIr3iV4AaABAg,,@asiimwemedred4492,2,1789344000,"Candy wow, chocolatina is so serious and knows what she wants",candy wow chocolatina serious knows wants,combined_series.json,root.comments[21].text,DOC_000196,en,6,5,0
TikTok,comment,7609634525609577741,,7609666757226234645,,,1,1771763623,title: playing dead,title playing dead,tiktok_notyouraveragecrow3.jsonl,root.text,DOC_003899,en,3,1,11
TikTok,comment,7541660722527210782,,7541810615519478550,,,0,1755964634,I actually started rewatching this funnily enough,actually started rewatching funnily enough,tiktok_notyouraveragecrow1.jsonl,root.text,DOC_003499,en,5,2,14
TikTok,comment,7687523753533689121,,7687738775783752468,,,3,1789941211,"Thankyou for this,but please post the other parts",thankyou please post parts,tiktok_stepmomincharge21-24.jsonl,root.text,DOC_004195,en,3,9,8
TikTok,comment,7683031765518175521,,7683246836489126673,,,7,1788895353,Daniel is boring asking too much questions nxaaaa!!,daniel boring asking much questions nxaaaa,tiktok_butheisapollo10.jsonl,root.text,DOC_001995,en,6,7,-1
TikTok,comment,7469458353190636805,,7470670834060346134,,,0,1739401159,one clip of him screaming in the rain and you have the best videoclip of 2025,one clip screaming rain best videoclip,tiktok_temptationfruitisland5.jsonl,root.text,DOC_006260,en,5,3,6
TikTok,comment,7676528108995972374,,7677522178909061896,,,1,1787562445,Come back ooh,come back ooh,tiktok_butheisapollo11.jsonl,root.text,DOC_002525,en,3,0,4
TikTok,comment,7482999322599181614,,7483460907364811563,,,0,1742379091,Yup!! I’m one who gives and gives and get left alone at the end!,yup one gives gives get left alone end,tiktok_temptationfruitisland10.jsonl,root.text,DOC_005428,en,6,9,21
TikTok,comment,7677183927886302471,,7685726718930076423,,,21,1789472712,similar with the star's secret family...,similar star secret family,tiktok_butheisapollo10.jsonl,root.text,DOC_001806,en,4,7,-1
TikTok,comment,7687159415908125985,,7688002892019712786,,,48,1790002668,Oh finally I can watch without paying,finally can watch without paying,tiktok_stepmomincharge1-4.jsonl,root.text,DOC_003965,en,3,2,14
TikTok,comment,7677740875966876950,,7677752523591451393,,,44,1787616081,Me too my focus was on Asa sacrifice because this delayed,focus asa sacrifice delayed,tiktok_butheisapollo10.jsonl,root.text,DOC_002104,en,4,7,13
TikTok,comment,7646918295588850964,,7647057607723385618,,,36,1780469358,Please bring me back am at work,please bring back work,tiktok_butheisapollo1.jsonl,root.text,DOC_001476,en,3,7,4
TikTok,comment,7469458353190636805,,7469713161810608902,,,11,1739178166,Right!! Rob is like a 10% dramatic person,right rob like dramatic person,tiktok_temptationfruitisland5.jsonl,root.text,DOC_006326,en,4,8,-1
TikTok,comment,7631609869396643103,,7641526448486875926,,,1,1779181561,Poor girl part two please,poor girl part two please,tiktok_butheisapollo15.jsonl,root.text,DOC_002946,en,3,3,17
TikTok,comment,7686339862995291422,,7686850296488411936,,,2,1789734329,Sorry I meant appeal,sorry meant appeal,tiktok_notyouraveragecrow1.jsonl,root.text,DOC_003560,en,3,9,-1
TikTok,comment,7687400012866768161,,7687506048189678352,,,4,1789887002,nice training next part,nice training next part,tiktok_stepmomincharge8-10.jsonl,root.text,DOC_004290,en,2,2,8
TikTok,comment,7676528108995972374,,7679223901558244118,,,0,1787958695,"fuck ai, watch the ones w real actors",fuck watch ones real actors,tiktok_butheisapollo11.jsonl,root.text,DOC_002684,en,4,0,15
YouTube,comment,n9D3b0K9pko,【FULL】Swapped to a Poor Bard? He Is the God Apollo!,UgwHuNhP97Si9FBJ_E94AaABAg,,@Sdhancath,0,1788566400,I like this movie very much ...so super good story .👍👌💝💝💝💝💝💝💝💝,like movie much super good story,【FULL】Swapped to a Poor Bard_ He Is the God Apollo!.json,root.comments[127].text,DOC_000641,en,4,2,11
TikTok,comment,7688106667590077699,,7688278833728832273,,,5,1790067125,next my Eviel step mother,next eviel step mother,tiktok_butheisapollo1.jsonl,root.text,DOC_001712,en,3,9,-1
TikTok,comment,7686339862995291422,,7687370044711551765,,,4,1789855336,I totally agree because I’m confused then enraged when a man hits on me.,totally agree confused enraged man hits,tiktok_notyouraveragecrow1.jsonl,root.text,DOC_003605,en,6,1,1
TikTok,comment,7677740875966876950,,7677912757564048146,,,13,1787653378,Micheal u will not die good  very black wicked man,micheal die good black wicked man,tiktok_butheisapollo10.jsonl,root.text,DOC_002210,en,6,7,-1
YouTube,comment,UASLAWHqKJA,"**Plus-Size Bride, Stepmom in Charge | Emotional Family Drama | Full Movie 2026**",UgwHjbRHHXBE3Rh0MjV4AaABAg,,@sundasafreen4736,4,1790035200,Let me know when new episodes are posted,let know new episodes posted,"__Plus-Size Bride, Stepmom in Charge _ Emotional Family Drama _ Full Movie 2026__.json",root.comments[83].text,DOC_000108,en,5,9,7
TikTok,comment,7677740875966876950,,7677911960252482325,,,163,1787653377,"life is change easy In A,I videos may Allah change our destiny esear in this world",life change easy videos may allah change destiny esear world,tiktok_butheisapollo10.jsonl,root.text,DOC_002180,en,9,6,5
TikTok,comment,7671243298413104414,,7677621216379863838,,,9,1787585540,Well at least she cares for him,well least cares,tiktok_butheisapollo10.jsonl,root.text,DOC_002093,en,3,3,0
TikTok,comment,7671979548803648784,,7673505183239176981,,,0,1786627167,I will watch this after its free. Somebody please inform me once it free. Tq in advance,watch free somebody please inform free advance,tiktok_butheisapollo4.jsonl,root.text,DOC_003187,en,5,5,-1
TikTok,comment,7541660722527210782,,7551089322490577672,,,1,1758125136,Relax Guys He Is A Side Character,relax guys side character,tiktok_notyouraveragecrow1.jsonl,root.text,DOC_003478,en,4,0,1
YouTube,comment,Ne-lmQe1610,Fruit Love Island- Episode 5,Ugz-Gy80nXT5Rzhu9MR4AaABAg,,@chiselchomp4250,3,1789948800,I get that the polar bears are being killed and shi but im at 36 seconds and kiwi is so obviously the best character because he treats mangela well,get polar bears killed shi seconds kiwi obviously best character treats mangela well,combined_series.json,root.comments[1].text,DOC_000238,en,12,8,13
YouTube,comment,UASLAWHqKJA,"**Plus-Size Bride, Stepmom in Charge | Emotional Family Drama | Full Movie 2026**",UgzeXEVxnizdIOF4nzt4AaABAg,,@akanjiemecallister4780,1,1790121600,Is there more? This movie is badass. I love it ❤,movie badass love,"__Plus-Size Bride, Stepmom in Charge _ Emotional Family Drama _ Full Movie 2026__.json",root.comments[49].text,DOC_000070,en,2,9,11
TikTok,comment,7687509802456534305,,7690904854650356498,,,0,1790678485,I came form Instagram  to watch the rest they want me to pay,came form instagram watch rest want pay,tiktok_stepmomincharge15-20.jsonl,root.text,DOC_004076,en,5,6,16
YouTube,comment,n9D3b0K9pko,【FULL】Swapped to a Poor Bard? He Is the God Apollo!,Ugzlqfxu42id1YDqZzF4AaABAg,,@3dwardmurph913,0,1790121600,In the quiet parts can u close caption curious,quiet parts can close caption curious,【FULL】Swapped to a Poor Bard_ He Is the God Apollo!.json,root.comments[238].text,DOC_000764,en,5,6,-1
YouTube,comment,wlEYNQo-ckI,Fruit Love Island- Episode 1,Ugxm6TZaVzBLy9RaiGR4AaABAg.A_p5Pg841D2AamiB5nRRif,,@itsanameisntit,1,1789948800,This is what the human species is going to die for.,human species going die,combined_series.json,root.comments[0].replies[0].text,DOC_000167,en,4,7,13
TikTok,comment,7469458353190636805,,7469930798687929121,,,2,1739228835,I need a man to be this obsessed lol,need man obsessed lol,tiktok_temptationfruitisland5.jsonl,root.text,DOC_006367,en,4,1,-1
TikTok,comment,7646918295588850964,,7647212322118550279,,,4,1780505721,check my page fors for ai movies also,check page fors movies also,tiktok_butheisapollo1.jsonl,root.text,DOC_001491,en,5,4,15
TikTok,comment,7687509802456534305,,7687799907788702465,,,1,1789955422,There is. I’ve watched till the end,watched till end,tiktok_stepmomincharge15-20.jsonl,root.text,DOC_004057,en,2,9,14
YouTube,comment,UASLAWHqKJA,"**Plus-Size Bride, Stepmom in Charge | Emotional Family Drama | Full Movie 2026**",UgzxKJ3_qxNSfpHdAQp4AaABAg.Ab1HXrhp3kCAbLzKkL1sK4,,@GlitzKai,0,1790726400,I was screaming Depaulo Demaro,screaming depaulo demaro,"__Plus-Size Bride, Stepmom in Charge _ Emotional Family Drama _ Full Movie 2026__.json",root.comments[3].replies[4].text,DOC_000011,en,3,0,9
TikTok,comment,7672770828097850637,,7689085342415110913,,,0,1790254700,It's strange that all these witnesses are committing such violence and no one can stop him.,strange witnesses committing violence one can stop,tiktok_butheisapollo2.jsonl,root.text,DOC_002987,en,5,4,1
TikTok,comment,7687103842520927496,,7688981513408971521,,,2,1790230548,"Wait, this is actually the END? I’d continue the chaos on Cantina.",wait actually end continue chaos cantina,tiktok_notyouraveragecrow3.jsonl,root.text,DOC_003841,en,6,0,-1
TikTok,comment,7482999322599181614,,7486339829711323946,,,0,1743049362,"I've spoken these words for words, because it's true everyone leaves.",spoken words words true everyone leaves,tiktok_temptationfruitisland10.jsonl,root.text,DOC_005568,en,6,2,21
YouTube,comment,UASLAWHqKJA,"**Plus-Size Bride, Stepmom in Charge | Emotional Family Drama | Full Movie 2026**",UgzLrQ3NxQ6LYH8QLzN4AaABAg,,@MarianSpicer-q2f9z,3,1790208000,"It said it was full movie, but it finished with a cliff hanger so not complete otherwise good movie",said full movie finished cliff hanger complete otherwise good movie,"__Plus-Size Bride, Stepmom in Charge _ Emotional Family Drama _ Full Movie 2026__.json",root.comments[68].text,DOC_000089,en,7,5,11
YouTube,comment,wlEYNQo-ckI,Fruit Love Island- Episode 1,Ugx7scv18AsG3nbWKDh4AaABAg.Aa8dl1p8_reAaOJbO7lg3-,,@W3NDASPRUNKl,2,1788739200,everyone did dunk on this already. also lesbian space princess genuinely sucks too lol,everyone dunk already also lesbian space princess genuinely sucks lol,combined_series.json,root.comments[6].replies[0].text,DOC_000179,en,10,4,-1
TikTok,comment,7677740875966876950,,7677859592319632146,,,380,1787641002,Micheal is about to lose his job,micheal lose job,tiktok_butheisapollo10.jsonl,root.text,DOC_002155,en,3,7,-1
TikTok,comment,7677183927886302471,,7685279915240162049,,,15,1789368705,"That's What made me laugh so hard........at least it cheers me up from the hospital bed
Here to : Yae Yae Yae
This is what you get from using AI[Big LOL][Tears of joy]",made laugh hard least cheers hospital bed yae yae yae get using big lol tears joy,tiktok_butheisapollo10.jsonl,root.text,DOC_001802,en,13,0,-1
TikTok,comment,7664259571082464525,,7666246470849741576,,,12,1784937127,The same history with anothers like japanese millionaire,history anothers like japanese millionaire,tiktok_butheisapollo2.jsonl,root.text,DOC_003037,en,4,7,-1
TikTok,comment,7653860933533519135,,7654853503814894350,,,0,1782284538,It’s free on pin drums,free pin drums,tiktok_butheisapollo6.jsonl,root.text,DOC_003303,en,3,5,-1
TikTok,comment,7687523753533689121,,7687959205261689621,,,8,1789992504,"You want my power, no I want my own, most people miss this two even as a couple.",want power want people miss two even couple,tiktok_stepmomincharge21-24.jsonl,root.text,DOC_004188,en,8,7,-1
YouTube,comment,UASLAWHqKJA,"**Plus-Size Bride, Stepmom in Charge | Emotional Family Drama | Full Movie 2026**",Ugwy2lpMPF9V0AJc22F4AaABAg,,@Jaaas,14,1790121600,"I swear the logic doesn’t logic but imma just turn off my brain and enjoy

43:15 omfg what is with the stepmother plot 😂",swear logic doesn logic imma turn brain enjoy omfg stepmother plot,"__Plus-Size Bride, Stepmom in Charge _ Emotional Family Drama _ Full Movie 2026__.json",root.comments[24].text,DOC_000043,en,11,7,15
TikTok,comment,7688106667590077699,,7688774987502912262,,,0,1790182513,wicked woman amara be strong tomorrow will be fine,wicked woman amara strong tomorrow fine,tiktok_butheisapollo1.jsonl,root.text,DOC_001721,en,6,9,5
TikTok,comment,7636564649621671188,,7636657086307762952,,,6,1778047802,god will always protect you sir,god always protect sir,tiktok_notyouraveragecrow1.jsonl,root.text,DOC_003420,en,4,5,5
TikTok,comment,7686339862995291422,,7686783675681489696,,,33,1789718827,Why should she change her style to appease men if it makes her uncomfortable?,change style appease men makes uncomfortable,tiktok_notyouraveragecrow1.jsonl,root.text,DOC_003559,en,6,0,0
TikTok,comment,7482999322599181614,,7483697136942170923,,,7,1742434046,Literally he gave therapist vibes!! I need him to stayyyu,literally gave therapist vibes need stayyyu,tiktok_temptationfruitisland10.jsonl,root.text,DOC_005384,en,6,1,1
TikTok,comment,7688106667590077699,,7688497258232840978,,,0,1790117782,"wicked step mother, next episode",wicked step mother next episode,tiktok_butheisapollo1.jsonl,root.text,DOC_001665,en,3,9,7
TikTok,comment,7676528108995972374,,7676594469466227476,,,2,1787346456,Mr ungrateful dog what is your problem,ungrateful dog problem,tiktok_butheisapollo11.jsonl,root.text,DOC_002670,en,3,4,10
TikTok,comment,7687523753533689121,,7688559259161117454,,,5,1790132259,I was confused cause she ain think she needed food with that jacket,confused cause ain think needed food jacket,tiktok_stepmomincharge21-24.jsonl,root.text,DOC_004157,en,7,0,0
TikTok,comment,7686339862995291422,,7690418465911374605,,,0,1790565134,Chat im too insecure to wear anything else,chat insecure wear anything else,tiktok_notyouraveragecrow1.jsonl,root.text,DOC_003535,en,5,0,19
TikTok,comment,7687407796731530528,,7687468074753245970,,,0,1789878159,tag me on the next eps,tag next eps,tiktok_stepmomincharge11-14.jsonl,root.text,DOC_004023,en,2,4,8
TikTok,comment,7677740875966876950,,7677880539399586580,,,1,1787646044,Michael is more wicked than demon,michael wicked demon,tiktok_butheisapollo3.jsonl,root.text,DOC_003160,en,3,9,-1
YouTube,comment,G3YpecW7LBk,Fruit Love Island- Episode 8,UgzWKmh_PR87nPMIqB14AaABAg.AaDx5O4eZNzAaIOGNh-QtQ,,@GabriellaDorazio-g7q,2,1788566400,ink i'm watching tooo much,ink watching tooo much,combined_series.json,root.comments[0].replies[0].text,DOC_000263,en,3,6,14
TikTok,comment,7686339862995291422,,7687951354170868498,,,3,1789990676,"i mean??? even homophobic people know about that term, are you living under a roch",mean even homophobic people know term living roch,tiktok_notyouraveragecrow1.jsonl,root.text,DOC_003548,en,8,7,12
TikTok,comment,7636564649621671188,,7636617673191392018,,,1,1778038623,"be strong cong
Allah bless you",strong cong allah bless,tiktok_notyouraveragecrow1.jsonl,root.text,DOC_003423,en,4,5,5
TikTok,comment,7686817252997434645,,7686962679340303125,,,2,1789760608,kter awe el abona[Tears of joy][Tears of joy],kter awe abona tears joy tears joy,tiktok_butheisapollo6.jsonl,root.text,DOC_003246,en,5,7,9
TikTok,comment,7683031765518175521,,7683227305467986708,,,28,1788890770,this conversation is taking long ...,conversation taking long,tiktok_butheisapollo10.jsonl,root.text,DOC_001890,en,3,7,3
TikTok,comment,7687099158422883602,,7687888774332973844,,,3,1789976114,squishy little thing,squishy little thing,tiktok_notyouraveragecrow1.jsonl,root.text,DOC_003365,en,3,1,2
TikTok,comment,7688106667590077699,,7688552651499520798,,,0,1790130702,all the movies use the name Amara.....next time use another nsme,movies use name amara next time use another nsme,tiktok_butheisapollo1.jsonl,root.text,DOC_001722,en,8,0,-1
TikTok,comment,7686817252997434645,,7686843656632206102,,,1,1789732792,[Tears of joy][Tears of joy][Tears of joy][Tears of joy][Tears of joy] ضيعة رف الحمام [Tears of joy],tears joy tears joy tears joy tears joy tears joy tears joy,tiktok_butheisapollo6.jsonl,root.text,DOC_003250,en,6,6,9
TikTok,comment,7687159415908125985,,7689890155192861461,,,1,1790442087,sorry babe it's real,sorry babe real,tiktok_stepmomincharge1-4.jsonl,root.text,DOC_003913,en,3,9,-1
TikTok,comment,7676528108995972374,,7677519644316123924,,,0,1787561851,Pls continue the story abeg,pls continue story abeg,tiktok_butheisapollo11.jsonl,root.text,DOC_002633,en,2,0,3
YouTube,comment,UASLAWHqKJA,"**Plus-Size Bride, Stepmom in Charge | Emotional Family Drama | Full Movie 2026**",UgytnY9wDtsBtrVI9ox4AaABAg,,@koko-19k-l1u,0,1790467200,Imma loving this video,imma loving video,"__Plus-Size Bride, Stepmom in Charge _ Emotional Family Drama _ Full Movie 2026__.json",root.comments[18].text,DOC_000037,en,2,8,6
YouTube,comment,UASLAWHqKJA,"**Plus-Size Bride, Stepmom in Charge | Emotional Family Drama | Full Movie 2026**",Ugw0_kGV84kPGXiIi-F4AaABAg.Aaz459YWEDUAazMjaE6wt8,,@skittles-w-6459,4,1789948800,"If you find out, please let me know",find please let know,"__Plus-Size Bride, Stepmom in Charge _ Emotional Family Drama _ Full Movie 2026__.json",root.comments[120].replies[0].text,DOC_000146,en,3,3,-1
TikTok,comment,7674678278162025750,,7674795896978834197,,,1,1786927698,Hmmmm very sad and bad,hmmmm sad bad,tiktok_butheisapollo1.jsonl,root.text,DOC_001319,en,3,1,9
YouTube,comment,UASLAWHqKJA,"**Plus-Size Bride, Stepmom in Charge | Emotional Family Drama | Full Movie 2026**",Ugw0_kGV84kPGXiIi-F4AaABAg,,@nitatube1216,4,1789948800,How can we see the rest?,can see rest,"__Plus-Size Bride, Stepmom in Charge _ Emotional Family Drama _ Full Movie 2026__.json",root.comments[120].text,DOC_000145,en,2,1,14
YouTube,comment,n9D3b0K9pko,【FULL】Swapped to a Poor Bard? He Is the God Apollo!,UgwegwHcEspj3wMHCyp4AaABAg,,@armen9080,0,1790899200,"They all are yelling all the time, it is tiring...",yelling time tiring,【FULL】Swapped to a Poor Bard_ He Is the God Apollo!.json,root.comments[378].text,DOC_000884,en,3,1,-1
TikTok,comment,7686339862995291422,,7686484110386332447,,,28,1789649097,"What does it even mean to ""dress like a lesbian""? By what standards do we define this? Dress however you want and however you like",even mean dress like lesbian standards define dress however want however like,tiktok_notyouraveragecrow1.jsonl,root.text,DOC_003582,en,10,7,12
YouTube,comment,rYe9wiv2M0I,Not Your Average Crow | Full Series | Short Drama English | Fantasy Romance & Mystery,UgwNMhB-mdQCU83hosp4AaABAg,,@리하_민,2,1790899200,Respect... you posted the whole video.. thank you ❤❤❤,respect posted whole video thank,Not Your Average Crow _ Full Series _ Short Drama English _ Fantasy Romance & Mystery.json,root.comments[18].text,DOC_000344,en,3,2,6
TikTok,comment,7672770828097850637,,7679097330100077320,,,32,1787929184,why i am still watching this comedy,still watching comedy,tiktok_butheisapollo2.jsonl,root.text,DOC_002980,en,2,2,11
TikTok,comment,7469458353190636805,,7469706577009689350,,,571,1739176648,and here I thought Rob was dramatic,thought rob dramatic,tiktok_temptationfruitisland5.jsonl,root.text,DOC_006324,en,3,8,26
TikTok,comment,7584379129022156045,,7584554539039834936,,,1,1765916724,the war between the land and the sea,war land sea,tiktok_notyouraveragecrow1.jsonl,root.text,DOC_003625,en,3,3,23
TikTok,comment,7671811930364890388,,7673906029738951432,,,0,1786720491,Bring me back when its freee,bring back freee,tiktok_butheisapollo6.jsonl,root.text,DOC_003208,en,3,7,4
YouTube,comment,QKRGwSXiCbU,Fruit Love Island- Episode 9,Ugw2iCAHIorpfi1yhSJ4AaABAg,,@JackieWeber-j2w,2,1788566400,Bro grew extra arms 0:59,bro grew extra arms,combined_series.json,root.comments[0].text,DOC_000274,en,4,3,-1
TikTok,comment,7541660722527210782,,7564120548440785677,,,0,1761159092,He a side character btw,side character btw,tiktok_notyouraveragecrow1.jsonl,root.text,DOC_003479,en,3,0,1
TikTok,comment,7671979548803648784,,7673477518717403922,,,0,1786620730,Tiktok na lng may bayad pa,tiktok lng may bayad,tiktok_butheisapollo4.jsonl,root.text,DOC_003185,tl,3,2,2
TikTok,comment,7689877183908580640,,7690197709689209633,,,0,1790513704,wow che novità,wow che novit,tiktok_temptationfruitisland1.jsonl,root.text,DOC_004515,en,3,5,-1
TikTok,comment,7671243298413104414,,7679525570427257630,,,0,1788028917,its literally just April from PaR,literally april par,tiktok_butheisapollo2.jsonl,root.text,DOC_003109,en,3,5,-1
TikTok,comment,7687407796731530528,,7689657366317925138,,,1,1790387896,I came from Facebook hahahha,came facebook hahahha,tiktok_stepmomincharge11-14.jsonl,root.text,DOC_004007,en,2,6,16
TikTok,comment,7688106667590077699,,7688434231090184967,,,0,1790103105,Amara the Prince will save you from that evil mother,amara prince save evil mother,tiktok_butheisapollo1.jsonl,root.text,DOC_001686,en,5,9,5
TikTok,comment,7647046547762367764,,7649049814122791700,,,0,1780933503,so everything belong to AAA,everything belong aaa,tiktok_butheisapollo1.jsonl,root.text,DOC_001034,en,3,0,-1
TikTok,comment,7671243298413104414,,7687472284920120078,,,40,1789879159,The only reason I watch this series,reason watch series,tiktok_butheisapollo10.jsonl,root.text,DOC_002055,en,2,7,7
TikTok,comment,7680134886883134740,,7687148919798137620,,,0,1789804110,kter aweya[Tears of joy][Tears of joy][Tears of joy],kter aweya tears joy tears joy tears joy,tiktok_butheisapollo6.jsonl,root.text,DOC_003224,en,5,6,9
TikTok,comment,7469458353190636805,,7470687686359515926,,,43,1739405163,Facts  took dramatic effect to a whole new level,facts took dramatic effect whole new level,tiktok_temptationfruitisland5.jsonl,root.text,DOC_006292,en,7,9,-1
TikTok,comment,7677740875966876950,,7679880794068026126,,,0,1788111611,Their faces at the dinner table scared tf out of me,faces dinner table scared,tiktok_butheisapollo10.jsonl,root.text,DOC_002359,en,4,6,-1
TikTok,comment,7678641715607031061,,7679108952810832661,,,1,1787932062,what goes around comes around d lord is good,goes around comes around lord good,tiktok_butheisapollo10.jsonl,root.text,DOC_002398,en,6,5,5
TikTok,comment,7687509802456534305,,7687680891317125906,,,6,1789927701,Same here but try using episode then you are good to go,try using episode good,tiktok_stepmomincharge15-20.jsonl,root.text,DOC_004056,en,3,9,7
TikTok,comment,7631609869396643103,,7633177660034122517,,,0,1777237693,part 2 i would to see,part would see,tiktok_butheisapollo11.jsonl,root.text,DOC_002787,en,2,1,3
TikTok,comment,7687103842520927496,,7687253768639595272,,,2,1789828252,Has anyone told you you are the best???,anyone told best,tiktok_notyouraveragecrow3.jsonl,root.text,DOC_003836,en,3,3,21
YouTube,comment,n9D3b0K9pko,【FULL】Swapped to a Poor Bard? He Is the God Apollo!,UgwLGKHuDTcouowwMgx4AaABAg,,@kyipasbeautyminati4172,0,1790640000,King of gods but can't even protect her😂,king gods can even protect,【FULL】Swapped to a Poor Bard_ He Is the God Apollo!.json,root.comments[231].text,DOC_000757,en,4,6,5
TikTok,comment,7653860933533519135,,7658060226039218946,,,0,1783031119,"OMG, i saw this and it was amazing. She didn't fall in love but saw the greater goal of putting her child on the throne and becoming Doweger Empress and rule the kingdom through her child.",omg saw amazing didn fall love saw greater goal putting child throne becoming doweger empress rule kingdom child,tiktok_butheisapollo6.jsonl,root.text,DOC_003321,en,18,9,0
YouTube,comment,n9D3b0K9pko,【FULL】Swapped to a Poor Bard? He Is the God Apollo!,UgzlI9omD42wP1INz-B4AaABAg,,@kstee430,0,1788739200,I hope I can marry a minster one day too so I don't have to kiss anyone's shandals in the dirt. LOL.  Has the god of light really fallen for a murnal? hahahahahaha.  why rot with a breggar? a piece of rag for the holy muster?  all for a minsler?   the editing is more entertaining than the actual story.,hope can marry minster one day don kiss anyone shandals dirt lol god light really fallen murnal hahahahahaha rot breggar piece rag holy muster minsler editing entertaining actual story,【FULL】Swapped to a Poor Bard_ He Is the God Apollo!.json,root.comments[265].text,DOC_000790,en,25,8,5
YouTube,comment,rYe9wiv2M0I,Not Your Average Crow | Full Series | Short Drama English | Fantasy Romance & Mystery,Ugx0PF-mnu5Nlhqsck14AaABAg.Aaxzlmw8UBhAay7ZawRLJE,,@thereviewspot07,1,1789948800,Glad you like it. Subscribe to my channel for more such interesting videos,glad like subscribe channel interesting videos,Not Your Average Crow _ Full Series _ Short Drama English _ Fantasy Romance & Mystery.json,root.comments[4].replies[0].text,DOC_000318,en,2,8,6
TikTok,comment,7677740875966876950,,7678730051298968340,,,2,1787843675,Who wan bring me back now,wan bring back,tiktok_butheisapollo3.jsonl,root.text,DOC_003145,en,3,7,4
TikTok,comment,7482999322599181614,,7483140059311833899,,,122,1742304348,This scene crushed meeeee WHAT DID I DO,scene crushed meeeee,tiktok_temptationfruitisland10.jsonl,root.text,DOC_005461,en,3,1,9
TikTok,comment,7687098688291867911,,7688248413297951509,,,1,1790060085,thank you let me follow l have been searching,thank let follow searching,tiktok_notyouraveragecrow1.jsonl,root.text,DOC_003405,en,3,8,8
TikTok,comment,7687407796731530528,,7688465341836395295,,,0,1790110368,"First of all, hate that YET AGAIN, they made the thick girl skinny. Secondly, THE FAT MAN CALLING HER FAT?????? And why tf the daddy stand there and let his big ass talk crazy to his son that way?!",first hate yet made thick girl skinny secondly fat man calling fat daddy stand let big ass talk crazy son way,tiktok_stepmomincharge11-14.jsonl,root.text,DOC_004034,en,20,6,-1
TikTok,comment,7469458353190636805,,7469508146861490966,,,2,1739130429,this kind of menn all woman wants and you still cheat OOOOH ✊,kind menn woman wants still cheat ooooh,tiktok_temptationfruitisland5.jsonl,root.text,DOC_006427,en,7,2,-1
TikTok,comment,7646918295588850964,,7649450109490774804,,,2,1781026403,Rolls Royce is not allowed in uganda,rolls royce allowed uganda,tiktok_butheisapollo1.jsonl,root.text,DOC_001496,en,4,6,-1
TikTok,comment,7676528108995972374,,7689071728307831553,,,0,1790251536,It’s not pride. A man disappointed her early in life. She didn’t want to rely on another man.,pride man disappointed early life didn want rely another man,tiktok_butheisapollo11.jsonl,root.text,DOC_002460,en,10,7,0
TikTok,comment,7683963653862755592,,7684231318261121812,,,1,1789124542,Ortu plonga plongo ku,ortu plonga plongo,tiktok_notyouraveragecrow1.jsonl,root.text,DOC_003728,tl,3,4,2
YouTube,comment,UASLAWHqKJA,"**Plus-Size Bride, Stepmom in Charge | Emotional Family Drama | Full Movie 2026**",Ugz2M9SH2WY2xjPEMY14AaABAg,,@catlova99,4,1790035200,I loved Aurora❤❤ Needs the next episode 🙏🙏🙏,loved aurora needs next episode,"__Plus-Size Bride, Stepmom in Charge _ Emotional Family Drama _ Full Movie 2026__.json",root.comments[31].text,DOC_000050,en,3,6,7
TikTok,comment,7678641715607031061,,7678987327616336658,,,5,1787903579,Victor if you accept her you will have me to contend with,victor accept contend,tiktok_butheisapollo10.jsonl,root.text,DOC_002396,en,3,6,0
TikTok,comment,7683031765518175521,,7683165865009546006,,,1,1788876487,Part 2 already posted check next post,part already posted check next post,tiktok_butheisapollo10.jsonl,root.text,DOC_001971,en,4,4,8
TikTok,comment,7469458353190636805,,7475118977582252806,,,0,1740436796,"He will eventually resent her, it's just a matter of time. Men don't forgive cheating",eventually resent matter time men don forgive cheating,tiktok_temptationfruitisland5.jsonl,root.text,DOC_006282,en,7,0,0
TikTok,comment,7688106667590077699,,7688257291015340816,,,7,1790062261,"you maltreat your step daughter but God is good amara one day your will find peace ✌️
next episode pls amen",maltreat step daughter god good amara one day find peace next episode pls amen,tiktok_butheisapollo1.jsonl,root.text,DOC_001710,en,10,9,5
TikTok,comment,7637599786090204424,,7637814248941437716,,,0,1778317475,Waow I go love hoo,waow love hoo,tiktok_butheisapollo1.jsonl,root.text,DOC_001736,en,3,9,-1
TikTok,comment,7671243298413104414,,7684256569593283342,,,12,1789130477,Cake is cake even if it has a candle,cake cake even candle,tiktok_butheisapollo10.jsonl,root.text,DOC_002045,en,4,7,24
TikTok,comment,7584379129022156045,,7584414971547992888,,,1,1765884230,whats tge name of the movie,whats tge name movie,tiktok_notyouraveragecrow1.jsonl,root.text,DOC_003641,en,3,0,11
TikTok,comment,7646918295588850964,,7647614681687589652,,,62,1780599062,Who noticed AI like using the name Vanessa?,noticed like using name vanessa,tiktok_butheisapollo1.jsonl,root.text,DOC_001458,en,4,0,-1
TikTok,comment,7469458353190636805,,7470216960279216928,,,9,1739295436,a good shirt hates to see that man coming,good shirt hates see man coming,tiktok_temptationfruitisland5.jsonl,root.text,DOC_006301,en,6,1,-1
YouTube,comment,UASLAWHqKJA,"**Plus-Size Bride, Stepmom in Charge | Emotional Family Drama | Full Movie 2026**",Ugzo3A4FFzIcRNTXtkp4AaABAg,,@0324chloe,0,1790553600,How many different ways to pronounce Demarco?  LOL,many different ways pronounce demarco lol,"__Plus-Size Bride, Stepmom in Charge _ Emotional Family Drama _ Full Movie 2026__.json",root.comments[129].text,DOC_000156,en,6,4,20
TikTok,comment,7631609869396643103,,7635435203699557141,,,0,1777763323,good movie please I want to see more,good movie please want see,tiktok_butheisapollo15.jsonl,root.text,DOC_002911,en,3,7,11
TikTok,comment,7674678278162025750,,7674686512243786503,,,224,1786902416,Watch for part and I don't see any thing,watch part don see thing,tiktok_butheisapollo1.jsonl,root.text,DOC_001199,en,2,1,14
TikTok,comment,7683031765518175521,,7686644066776777480,,,0,1789686314,"That's what they do now, they stick and decide to search for another gold to dig wen you are drained out",stick decide search another gold dig wen drained,tiktok_butheisapollo10.jsonl,root.text,DOC_002002,en,8,3,-1
YouTube,comment,G3YpecW7LBk,Fruit Love Island- Episode 8,UgzWKmh_PR87nPMIqB14AaABAg.AaDx5O4eZNzAaP2iYqxcus,,@Zoey-v5p,1,1788739200,I am here for the sake of seeing whatever the hell this is.,sake seeing whatever hell,combined_series.json,root.comments[0].replies[2].text,DOC_000265,en,4,1,14
YouTube,comment,UASLAWHqKJA,"**Plus-Size Bride, Stepmom in Charge | Emotional Family Drama | Full Movie 2026**",UgwD5QWDjeDVl268a8t4AaABAg,,@PrincessNnajiNky,0,1790035200,"I love their new mom ,,Grandma and the her daughter is wecked but I like as the wife teach them a lesson",love new mom grandma daughter wecked like wife teach lesson,"__Plus-Size Bride, Stepmom in Charge _ Emotional Family Drama _ Full Movie 2026__.json",root.comments[125].text,DOC_000153,en,9,9,-1
TikTok,comment,7676528108995972374,,7682748168849031943,,,0,1788779302,can  help with my NIN and you are welcome here in imo state,can help nin welcome imo state,tiktok_butheisapollo11.jsonl,root.text,DOC_002676,en,5,2,4
TikTok,comment,7646918295588850964,,7647397095754154773,,,0,1780548410,I look forward to the next clip.,look forward next clip,tiktok_butheisapollo1.jsonl,root.text,DOC_001483,en,3,9,7
TikTok,comment,7677740875966876950,,7677758680742560519,,,10,1787617521,Happy birthday  stranger ❤️❤️,happy birthday stranger,tiktok_butheisapollo10.jsonl,root.text,DOC_002135,en,3,3,24
TikTok,comment,7469458353190636805,,7470001479518208799,,,12,1739245300,yo hes planning something beyond devious im telling u,hes planning something beyond devious telling,tiktok_temptationfruitisland5.jsonl,root.text,DOC_006278,en,6,5,1
TikTok,comment,7636564649621671188,,7636655268634592016,,,1,1778047379,Ang panginoon kakampi mo,ang panginoon kakampi,tiktok_notyouraveragecrow1.jsonl,root.text,DOC_003421,tl,2,7,2
YouTube,comment,ETMM6bexHJE,Fruit Love Island- Episode 2,UgwTo3NRYvgpFaCgnFp4AaABAg,,@GMRcase,5,1789948800,People died in war for this,people died war,combined_series.json,root.comments[0].text,DOC_000205,en,3,8,13
TikTok,comment,7482999322599181614,,7486181226137027370,,,0,1743012447,I never wanted to hug someone through the screen more than her,never wanted hug someone screen,tiktok_temptationfruitisland10.jsonl,root.text,DOC_005569,en,5,2,0
YouTube,comment,UASLAWHqKJA,"**Plus-Size Bride, Stepmom in Charge | Emotional Family Drama | Full Movie 2026**",UgyerEE6-e6dl7_Vfi94AaABAg,,@heraclioerickponce2464,1,1790380800,Why skip through a lot of parts and hold out episodes ? I guess they don’t like shares or likes on this profile thanks for the teaser,skip lot parts hold episodes guess don like shares likes profile thanks teaser,"__Plus-Size Bride, Stepmom in Charge _ Emotional Family Drama _ Full Movie 2026__.json",root.comments[113].text,DOC_000137,en,10,7,7
TikTok,comment,7687160580414688545,,7687799480049845012,,,0,1789955337,THE BEST CHARACTERRRRRR I LOVED HERRRRRR OMG ❤️❤️❤️❤️❤️❤️❤️❤️❤️❤️❤️,best characterrrrrr loved herrrrrr omg,tiktok_stepmomincharge5-7.jsonl,root.text,DOC_004242,en,5,6,-1
TikTok,comment,7684001750184906001,,7687602607955297031,,,1,1789909473,Why you self go follow Adam go place like that,self follow adam place like,tiktok_butheisapollo3.jsonl,root.text,DOC_003139,en,4,5,5
TikTok,comment,7653860933533519135,,7653865881923093266,,,2,1782054527,I love it when they’re quick with the revenge,love quick revenge,tiktok_butheisapollo6.jsonl,root.text,DOC_003340,en,3,6,-1
TikTok,comment,7677740875966876950,,7677908757700035348,,,0,1787652666,Happy birthday princess,happy birthday princess,tiktok_butheisapollo10.jsonl,root.text,DOC_002154,en,3,8,24
YouTube,comment,rYe9wiv2M0I,Not Your Average Crow | Full Series | Short Drama English | Fantasy Romance & Mystery,Ugxz59g3iGS4qgEWcMZ4AaABAg.AawcdixzBeIAayHedNO11c,,@Equestriansyahz,6,1789948800,"​ @thereviewspot07 already subscribed, you're the goat",already subscribed goat,Not Your Average Crow _ Full Series _ Short Drama English _ Fantasy Romance & Mystery.json,root.comments[0].replies[0].replies[0].text,DOC_000312,en,3,0,-1
TikTok,comment,7469458353190636805,,7470063496203076385,,,1,1739259732,its the wet sand slap for me LOOOOL,wet sand slap looool,tiktok_temptationfruitisland5.jsonl,root.text,DOC_006435,en,4,9,23
TikTok,comment,7637599786090204424,,7637638802329273106,,,7,1778276383,How I wish d movie can take more longer so interesting from beginning to 12 I enjoyed it,wish movie can take longer interesting beginning enjoyed,tiktok_butheisapollo1.jsonl,root.text,DOC_001731,en,6,5,11
YouTube,comment,n9D3b0K9pko,【FULL】Swapped to a Poor Bard? He Is the God Apollo!,UgzNEto3MRwJcr6KKgt4AaABAg,,@FAITHLINETRAVELANDCARRENTALS,0,1788566400,You people do things like you don't have a soul,people things like don soul,【FULL】Swapped to a Poor Bard_ He Is the God Apollo!.json,root.comments[447].text,DOC_000948,en,3,8,21
TikTok,comment,7676528108995972374,,7676538524273410823,,,525,1787333419,"I no understand this Ex guy , what exactly is your problem?",understand guy exactly problem,tiktok_butheisapollo11.jsonl,root.text,DOC_002492,en,4,4,1
TikTok,comment,7687523753533689121,,7688050363618034450,,,6,1790013725,at this point they should hire voice actors for these short films it will be better,point hire voice actors short films better,tiktok_stepmomincharge21-24.jsonl,root.text,DOC_004175,en,7,2,-1
TikTok,comment,7671243298413104414,,7677964766451057422,,,0,1787665519,bruh pass the ball,bruh pass ball,tiktok_butheisapollo10.jsonl,root.text,DOC_002098,en,3,3,-1
YouTube,comment,xghm-J6avZU,Fruit Love Island- Episode 17,UgwUA9qxTBKwYm78lI94AaABAg,,@PrincessGarrett,0,1790467200,I really want this right now my dream with all the people well but the strawberry is just big,really want right dream people well strawberry big,combined_series.json,root.comments[3].text,DOC_000303,en,7,7,25
YouTube,comment,rYe9wiv2M0I,Not Your Average Crow | Full Series | Short Drama English | Fantasy Romance & Mystery,UgzwexpWuKNGacmQKhV4AaABAg.AavfiO6RriFAavhqpCIv_9,,@thereviewspot07,0,1789948800,This is complete video. If you wanna watch more such interesting videos than check out our channel and subscribe it ❤,complete video wanna watch interesting videos check channel subscribe,Not Your Average Crow _ Full Series _ Short Drama English _ Fantasy Romance & Mystery.json,root.comments[52].replies[0].text,DOC_000401,en,4,5,6
TikTok,comment,7683031765518175521,,7683166690762326791,,,2,1788876652,Next part plz interesting story,next part plz interesting story,tiktok_butheisapollo10.jsonl,root.text,DOC_001935,en,2,8,3
TikTok,comment,7482999322599181614,,7485176169715450670,,,2,1742778407,The fact that i relate to her like to the whole show to a point that we have the same mindset because of men.,fact relate like whole show point mindset men,tiktok_temptationfruitisland10.jsonl,root.text,DOC_005589,en,7,2,0
TikTok,comment,7469458353190636805,,7471765915681604360,,,3,1739656121,i’ve experienced and left!!! its all about how much you respect yourself and know youre worth,experienced left much respect know youre worth,tiktok_temptationfruitisland5.jsonl,root.text,DOC_006276,en,7,7,21
TikTok,comment,7541660722527210782,,7542089816968872726,,,0,1756029636,"This guy is the friend of the main character  The actual anime is about 2 completely different people. The name of the anime is ""Our dating story: the experienced you and the inexperienced me""",guy friend main character actual anime completely different people name anime dating story experienced inexperienced,tiktok_notyouraveragecrow1.jsonl,root.text,DOC_003502,en,15,6,-1
TikTok,comment,7686339862995291422,,7690565570932884246,,,1,1790599376,Maybe she doesnt wanna dress for men?,maybe doesnt wanna dress men,tiktok_notyouraveragecrow1.jsonl,root.text,DOC_003564,en,5,2,0
TikTok,comment,7631609869396643103,,7633289994543776528,,,0,1777263839,"part 2. thanks ..
interesting storyline",part thanks interesting storyline,tiktok_butheisapollo11.jsonl,root.text,DOC_002820,en,2,8,3
TikTok,comment,7686339862995291422,,7687196474421986066,,,64,1789814929,"no, it has a historical and cultural meaning",historical cultural meaning,tiktok_notyouraveragecrow1.jsonl,root.text,DOC_003538,en,3,3,-1
TikTok,comment,7687159415908125985,,7690820718028309268,,,4,1790658755,Who else if from Facebook after seeing the first episode?,else facebook seeing first episode,tiktok_stepmomincharge1-4.jsonl,root.text,DOC_003916,en,3,0,7
YouTube,comment,UASLAWHqKJA,"**Plus-Size Bride, Stepmom in Charge | Emotional Family Drama | Full Movie 2026**",UgxWMg5EwJpADEshhZ54AaABAg,,@MeowMeow-i5i8l,1,1790294400,"A Independent strong female lead , not the Damsel in Distress Mary Sue 😁",independent strong female lead damsel distress mary sue,"__Plus-Size Bride, Stepmom in Charge _ Emotional Family Drama _ Full Movie 2026__.json",root.comments[100].text,DOC_000122,en,8,4,0
YouTube,comment,rYe9wiv2M0I,Not Your Average Crow | Full Series | Short Drama English | Fantasy Romance & Mystery,UgzYRYOATB_MpUTjwmt4AaABAg,,@liizzset,52,1790553600,Got this story as an Youtube ad. And loved it. So searched for it here on Youtube. And glad I got to see this story.,got story youtube loved searched youtube glad got see story,Not Your Average Crow _ Full Series _ Short Drama English _ Fantasy Romance & Mystery.json,root.comments[3].text,DOC_000316,en,8,1,3
TikTok,comment,7686339862995291422,,7691072611275604768,,,0,1790717418,Men will hit on every girl they see. They don't care if you're gay. They're vile.,men hit every girl see don care gay vile,tiktok_notyouraveragecrow1.jsonl,root.text,DOC_003594,en,8,2,12
TikTok,comment,7674678278162025750,,7674822635507696404,,,0,1786933922,I have trust issues can never be mehow na,trust issues can never mehow,tiktok_butheisapollo1.jsonl,root.text,DOC_001402,en,4,7,10
TikTok,comment,7676528108995972374,,7678865358409745153,,,0,1787875516,"""Standing in your building""
This guy dey gba mentally",standing building guy dey gba mentally,tiktok_butheisapollo11.jsonl,root.text,DOC_002679,en,5,3,1
YouTube,comment,UASLAWHqKJA,"**Plus-Size Bride, Stepmom in Charge | Emotional Family Drama | Full Movie 2026**",Ugzdse_UXdr0PPVPKPB4AaABAg,,@winnessmas,1,1790121600,Im come from tik tok 🎉🎉❤,come tik tok,"__Plus-Size Bride, Stepmom in Charge _ Emotional Family Drama _ Full Movie 2026__.json",root.comments[66].text,DOC_000087,en,3,3,2
TikTok,comment,7678641715607031061,,7679967320152507149,,,0,1788131784,karma has Got him he only card about his feelings she was wrong for leaving him alone for his boss,karma got card feelings wrong leaving alone boss,tiktok_butheisapollo10.jsonl,root.text,DOC_002403,en,8,9,1
TikTok,comment,7482999322599181614,,7483260173900661550,,,130,1742332324,This was the first time I cried over a reality tv show bc one it’s so raw and real. Also I l felt her pain over the screen.,first time cried reality show one raw real also felt pain screen,tiktok_temptationfruitisland10.jsonl,root.text,DOC_005458,en,11,9,0
TikTok,comment,7469458353190636805,,7469797772260541189,,,961,1739197864,"Every clip I have seen of Montoya has been against my will, ANITA free this guy",every clip seen montoya anita free guy,tiktok_temptationfruitisland5.jsonl,root.text,DOC_006303,en,7,9,-1
TikTok,comment,7674678278162025750,,7674805022970151700,,,0,1786930262,wallahi I never an ever trust a man again wallahi,wallahi never ever trust man wallahi,tiktok_butheisapollo1.jsonl,root.text,DOC_001196,en,6,7,10
YouTube,comment,rYe9wiv2M0I,Not Your Average Crow | Full Series | Short Drama English | Fantasy Romance & Mystery,UgyuY8OXt_KVtVNeIJ94AaABAg,,@JBKRZJBKRZ,2,1790121600,Aww thank U for this I really wanna watch this so bad the crow so cute😘,aww thank really wanna watch bad crow cute,Not Your Average Crow _ Full Series _ Short Drama English _ Fantasy Romance & Mystery.json,root.comments[26].text,DOC_000359,en,5,5,-1
TikTok,comment,7687160580414688545,,7687342520435999504,,,46,1789848924,I have loved the new mummy thanks beautiful ❤️,loved new mummy thanks beautiful,tiktok_stepmomincharge5-7.jsonl,root.text,DOC_004215,en,4,9,-1
TikTok,comment,7686339862995291422,,7687055744495895327,,,3,1789782175,a lot of people arnt,lot people arnt,tiktok_notyouraveragecrow1.jsonl,root.text,DOC_003568,en,3,1,-1
TikTok,comment,7469458353190636805,,7475717904210756370,,,0,1740576221,sabay sabay Tau gumamit Ng ganitong emoji,sabay sabay tau gumamit ganitong emoji,tiktok_temptationfruitisland5.jsonl,root.text,DOC_006304,tl,6,7,-1
TikTok,comment,7671243298413104414,,7688777661002466070,,,0,1790183072,also her laugh was like,also laugh like,tiktok_butheisapollo10.jsonl,root.text,DOC_002072,en,2,9,-1
TikTok,comment,7646918295588850964,,7648301974241690384,,,0,1780759456,this is the best Ai have wach nest pla,best wach nest pla,tiktok_butheisapollo1.jsonl,root.text,DOC_001573,en,4,8,15
TikTok,comment,7609634525609577741,,7609758584657937160,,,18,1771784997,Movie Title: Beyond the Reach!,movie title beyond reach,tiktok_notyouraveragecrow3.jsonl,root.text,DOC_003896,en,3,1,11
TikTok,comment,7671243298413104414,,7687921968838591253,,,0,1789983837,why no two for one special,two one special,tiktok_butheisapollo10.jsonl,root.text,DOC_002087,en,2,0,3
YouTube,comment,UASLAWHqKJA,"**Plus-Size Bride, Stepmom in Charge | Emotional Family Drama | Full Movie 2026**",UgyveT5xi_2NYuW32px4AaABAg.Ab1S5prZA5PAb8i1pa4fV7,,@IDANIAmusic,3,1790294400,For real I hate that shit lol,real hate shit lol,"__Plus-Size Bride, Stepmom in Charge _ Emotional Family Drama _ Full Movie 2026__.json",root.comments[0].replies[0].text,DOC_000002,en,4,0,-1
TikTok,comment,7653860933533519135,,7654709314279457552,,,0,1782250943,Sis searched but can't find,sis searched can find,tiktok_butheisapollo6.jsonl,root.text,DOC_003309,en,3,4,-1
TikTok,comment,7469458353190636805,,7470052592891953953,,,1,1739257209,Kills me every time,kills every time,tiktok_temptationfruitisland5.jsonl,root.text,DOC_006365,en,3,5,-1
TikTok,comment,7469458353190636805,,7490599924126876462,,,0,1744041251,BECAUSE I FOUND A SITUATION TO ALL MY. FRIENDS RHAT MATCHED THIS CIEEO I AM SOBBING,found situation friends rhat matched cieeo sobbing,tiktok_temptationfruitisland5.jsonl,root.text,DOC_006380,en,7,9,9
YouTube,comment,n9D3b0K9pko,【FULL】Swapped to a Poor Bard? He Is the God Apollo!,Ugxph2OUU_iKR00lOZp4AaABAg,,@AngieChenloveu,0,1788566400,These are all adapted from Chinese AI vertical dramas.,adapted chinese vertical dramas,【FULL】Swapped to a Poor Bard_ He Is the God Apollo!.json,root.comments[326].text,DOC_000847,en,4,4,15
TikTok,comment,7674678278162025750,,7686953955390259989,,,0,1789758460,uuuuwi my story wat a helll,uuuuwi story wat helll,tiktok_butheisapollo1.jsonl,root.text,DOC_001377,en,4,6,3
TikTok,comment,7636564649621671188,,7647805580266324754,,,1,1780643507,grabe na pananakot ng mga buhaya..,grabe pananakot mga buhaya,tiktok_notyouraveragecrow1.jsonl,root.text,DOC_003414,tl,3,7,2
TikTok,comment,7653860933533519135,,7668992478443668244,,,0,1785576471,cool evry scene,cool evry scene,tiktok_butheisapollo6.jsonl,root.text,DOC_003280,en,3,1,-1
YouTube,comment,n9D3b0K9pko,【FULL】Swapped to a Poor Bard? He Is the God Apollo!,UgykNPp-jF6dcUL_jJR4AaABAg.AZxn0-aEJhDAZze943xlY_,,@tycobrenton4792,10,1785888000,Because these A.I slops cast a geas on us that makes us watch these until the end.,slops cast geas makes watch end,【FULL】Swapped to a Poor Bard_ He Is the God Apollo!.json,root.comments[24].replies[2].text,DOC_000516,en,5,0,-1
TikTok,comment,7687509802456534305,,7689098634318611252,,,0,1790257792,she reminds me of Anniza.. Plus size but sexy PSMen lady .,reminds anniza plus size sexy psmen lady,tiktok_stepmomincharge15-20.jsonl,root.text,DOC_004094,en,7,5,0
TikTok,comment,7687400012866768161,,7687899747778200340,,,543,1789978668,But I like her thick body,like thick body,tiktok_stepmomincharge8-10.jsonl,root.text,DOC_004311,en,2,9,0
TikTok,comment,7686339862995291422,,7686718201820168990,,,4,1789703580,You’re right. My husband already lets me know I look like a hot coastal lesbian every time I wear linen. I think he’s jealous I could probably pull more girls than him but siiiiigh. Yes. I’ll stop.,right husband already lets know look like hot coastal lesbian every time wear linen think jealous probably pull girls siiiiigh yes stop,tiktok_notyouraveragecrow1.jsonl,root.text,DOC_003600,en,21,4,12
TikTok,comment,7687509802456534305,,7688332661878850317,,,2,1790079554,I like how she let them talk and didn’t get in the convo,like let talk didn get convo,tiktok_stepmomincharge15-20.jsonl,root.text,DOC_004092,en,4,1,0
TikTok,comment,7636564649621671188,,7636751050079437585,,,0,1778069686,mabutikang tao idol,mabutikang tao idol,tiktok_notyouraveragecrow1.jsonl,root.text,DOC_003422,tl,3,5,2
TikTok,comment,7674678278162025750,,7675784369206166290,,,22,1787157822,Even if na insult Make una bring me back,even insult make una bring back,tiktok_butheisapollo1.jsonl,root.text,DOC_001224,en,5,7,-1
YouTube,comment,G3YpecW7LBk,Fruit Love Island- Episode 8,UgyGLgm583juokPHaGh4AaABAg.A_q5bFYggp4A_qMmNKmp_v,,@JamesEpikMan,4,1788566400,because AI cant make a show for shit,cant make show shit,combined_series.json,root.comments[2].replies[0].text,DOC_000269,en,3,9,15
TikTok,comment,7541660722527210782,,7542245596897231648,,,0,1756065908,Our dating story: the experienced you and the inexperienced me,dating story experienced inexperienced,tiktok_notyouraveragecrow1.jsonl,root.text,DOC_003454,en,4,6,17
TikTok,comment,7686339862995291422,,7690541649689363231,,,5,1790593849,What that mean?? we just dress comfortable,mean dress comfortable,tiktok_notyouraveragecrow1.jsonl,root.text,DOC_003518,en,3,2,19
TikTok,comment,7469458353190636805,,7469866381506020118,,,1,1739213832,he going international i swrrr,going international swrrr,tiktok_temptationfruitisland5.jsonl,root.text,DOC_006377,en,3,6,1
YouTube,comment,wlEYNQo-ckI,Fruit Love Island- Episode 1,Ugxm6TZaVzBLy9RaiGR4AaABAg.A_p5Pg841D2AbF4V-2Frb9,,@bluepuppystudios3617,0,1790467200,@treattrick8991  nope. the leopard seals will kill the ones that dont die from global warming. and if they dont the orcas will,nope leopard seals kill ones dont die global warming dont orcas,combined_series.json,root.comments[0].replies[1].replies[0].text,DOC_000169,en,11,4,13
TikTok,comment,7469458353190636805,,7469720835336356624,,,41,1739179938,ain't no way bruhh,ain way bruhh,tiktok_temptationfruitisland5.jsonl,root.text,DOC_006273,en,3,8,22
YouTube,comment,n9D3b0K9pko,【FULL】Swapped to a Poor Bard? He Is the God Apollo!,UgwOlE0-ZYOP9TNyfBx4AaABAg,,@marierosetarectecan2261,0,1788566400,Please upload also the season  2 of ELF Prince  my baby daddy... Full episode please 🙏🙏🙏🫰🥰..thank you .. its very nice series season one i fully watch already...,please upload also season elf prince baby daddy full episode please thank nice series season one fully watch already,【FULL】Swapped to a Poor Bard_ He Is the God Apollo!.json,root.comments[205].text,DOC_000720,en,12,4,7
TikTok,comment,7469458353190636805,,7470023361524171551,,,38,1739250392,Every episode is crazy,every episode crazy,tiktok_temptationfruitisland5.jsonl,root.text,DOC_006297,en,2,9,-1
TikTok,comment,7482999322599181614,,7486733292475024158,,,0,1743140989,She really deserved better,really deserved better,tiktok_temptationfruitisland10.jsonl,root.text,DOC_005563,en,2,1,0
TikTok,comment,7646918295588850964,,7649468961218134802,,,0,1781030792,You won't see this in this world only in Ai world,won see world world,tiktok_butheisapollo1.jsonl,root.text,DOC_001567,en,4,1,15
TikTok,comment,7672171160280354061,,7674376171282809631,,,192,1786829966,I notice everyone dumb,notice everyone dumb,tiktok_butheisapollo2.jsonl,root.text,DOC_002997,en,3,2,-1
TikTok,comment,7671243298413104414,,7686192317027730183,,,6,1789581115,"yall forgot how toxic their relationship was?? Like theyre cute and they made up and all, but that shit was NOT healthy.",yall forgot toxic relationship like theyre cute made shit healthy,tiktok_butheisapollo10.jsonl,root.text,DOC_002038,en,8,1,17
YouTube,comment,cqETXe4f0fw,Fruit Love Island- Episode 4,Ugz4VbD_aciI6XODZqt4AaABAg,,@LibbySweeney-l2i,2,1788566400,Do you mean strawberry milk?,mean strawberry milk,combined_series.json,root.comments[3].text,DOC_000226,en,3,8,25
YouTube,comment,n9D3b0K9pko,【FULL】Swapped to a Poor Bard? He Is the God Apollo!,UgwPUqbl7Wh8aBYGmwx4AaABAg.A_E5xdL2oBBAaYZmEm_WCs,,@neueekeieie,0,1789344000,And give his hidden id away.,give hidden away,【FULL】Swapped to a Poor Bard_ He Is the God Apollo!.json,root.comments[43].replies[0].text,DOC_000551,en,3,3,1
TikTok,comment,7677740875966876950,,7677854806854632213,,,2,1787640132,happy birthday dear,happy birthday dear,tiktok_butheisapollo10.jsonl,root.text,DOC_002116,en,3,8,24
TikTok,comment,7482999322599181614,,7488148225484981038,,,0,1743470386,That line broke my heart,line broke heart,tiktok_temptationfruitisland10.jsonl,root.text,DOC_005394,en,2,6,9
YouTube,comment,G3YpecW7LBk,Fruit Love Island- Episode 8,UgzqUZ58I0vRnI_5Z1J4AaABAg,,@AnnazCh3rriez,1,1788739200,0:23 where is Mangella's other pant leg,mangella pant leg,combined_series.json,root.comments[1].text,DOC_000267,en,3,5,2
YouTube,comment,UASLAWHqKJA,"**Plus-Size Bride, Stepmom in Charge | Emotional Family Drama | Full Movie 2026**",UgxmBpdjHpVImb5GQpx4AaABAg,,@ekpeteapadhinilekaraeli8271,24,1789948800,No unnecessary suspense... Just interesting,unnecessary suspense interesting,"__Plus-Size Bride, Stepmom in Charge _ Emotional Family Drama _ Full Movie 2026__.json",root.comments[14].text,DOC_000033,en,3,8,3
YouTube,comment,n9D3b0K9pko,【FULL】Swapped to a Poor Bard? He Is the God Apollo!,UgxAjwflTVGo4WbXKhp4AaABAg,,@rayallan3650,0,1788566400,better then the odessy LOL,better odessy lol,【FULL】Swapped to a Poor Bard_ He Is the God Apollo!.json,root.comments[271].text,DOC_000796,en,3,1,2
TikTok,comment,7674678278162025750,,7674717279575409426,,,2318,1786909379,Never trust a man ✌️,never trust man,tiktok_butheisapollo1.jsonl,root.text,DOC_001168,en,3,7,10
YouTube,comment,n9D3b0K9pko,【FULL】Swapped to a Poor Bard? He Is the God Apollo!,UgzQcKhVzY8Jem75_tF4AaABAg,,@judevector,11,1788566400,"This is actually nice, can't believe i sat down and watched this",actually nice can believe sat watched,【FULL】Swapped to a Poor Bard_ He Is the God Apollo!.json,root.comments[14].text,DOC_000499,en,4,4,18
YouTube,comment,n9D3b0K9pko,【FULL】Swapped to a Poor Bard? He Is the God Apollo!,UgwmmZbLyZgov47itgl4AaABAg,,@jeffrojas6062,1,1789344000,Don't watch this movie wasted time,don watch movie wasted time,【FULL】Swapped to a Poor Bard_ He Is the God Apollo!.json,root.comments[469].text,DOC_000970,en,2,1,11
TikTok,comment,7482999322599181614,,7494546201166349102,,,0,1744960118,I definitely cried  lol,definitely cried lol,tiktok_temptationfruitisland10.jsonl,root.text,DOC_005532,en,3,1,9
YouTube,comment,rYe9wiv2M0I,Not Your Average Crow | Full Series | Short Drama English | Fantasy Romance & Mystery,UgwrphtTj5IvSk8Oy2l4AaABAg,,@DefoNotLuna,2,1789948800,thank you so much for uploading the whole part. you deserve a follow,thank much uploading whole part deserve follow,Not Your Average Crow _ Full Series _ Short Drama English _ Fantasy Romance & Mystery.json,root.comments[28].text,DOC_000362,en,5,6,8
TikTok,comment,7686339862995291422,,7687690043674231582,,,4,1789929842,eaxtly so what does gay look like? and what does dressing like a lesbian mean?????? And what does that have to do with someone you’re attracted with???,eaxtly gay look like dressing like lesbian mean someone attracted,tiktok_notyouraveragecrow1.jsonl,root.text,DOC_003578,en,8,8,12
TikTok,comment,7584379129022156045,,7584554620409824021,,,1,1765916761,Thanks but that’s not the real name of,thanks real name,tiktok_notyouraveragecrow1.jsonl,root.text,DOC_003624,en,2,0,20
TikTok,comment,7683963653862755592,,7684227186635653896,,,41,1789123578,sehidup seplonga plongo,sehidup seplonga plongo,tiktok_notyouraveragecrow1.jsonl,root.text,DOC_003738,tl,3,4,2
TikTok,comment,7674678278162025750,,7675922931704890130,,,0,1787190098,Pls ma what app did you use for this video,pls app use video,tiktok_butheisapollo1.jsonl,root.text,DOC_001206,en,2,8,6
YouTube,comment,ETMM6bexHJE,Fruit Love Island- Episode 2,UgyxSbNn-YG8cJ7NFEN4AaABAg.AaVx9SoDFZSAaeqWqPGDvZ,,@southy98,0,1789344000,Weren’t we supposed to be underwater by now?,weren supposed underwater,combined_series.json,root.comments[9].replies[0].text,DOC_000214,en,3,2,-1
TikTok,comment,7677740875966876950,,7680616039164838676,,,0,1788282977,pls ma'am you kept long to post,pls kept long post,tiktok_butheisapollo10.jsonl,root.text,DOC_002352,tl,3,7,3
YouTube,comment,n9D3b0K9pko,【FULL】Swapped to a Poor Bard? He Is the God Apollo!,UgwFltNefba9aCz34lp4AaABAg,,@JayTindugan-g7t9l,0,1790812800,Their big mouth made me sick can’t finish to watch is not a good lesson,big mouth made sick can finish watch good lesson,【FULL】Swapped to a Poor Bard_ He Is the God Apollo!.json,root.comments[402].text,DOC_000906,en,6,9,18
YouTube,comment,HI5hcU9WrQw,Fruit Love Island- Episode 14,Ugzty7EU3jhAmChrjvp4AaABAg,,@Buyallplushieoffical,2,1789948800,TFYM 'ITS BAD CUZ NO TOUNGE',tfym bad cuz tounge,combined_series.json,root.comments[1].text,DOC_000290,en,4,1,22
TikTok,comment,7653860933533519135,,7675163396787356436,,,0,1787013596,"yes she wss reborn
there's more on tix tox",yes wss reborn tix tox,tiktok_butheisapollo6.jsonl,root.text,DOC_003302,en,5,2,0
TikTok,comment,7676528108995972374,,7679130204388279043,,,0,1787936847,"and vice versa, men and women are equal in a whole",vice versa men women equal whole,tiktok_butheisapollo11.jsonl,root.text,DOC_002517,en,6,2,-1
TikTok,comment,7653860933533519135,,7654223234585592594,,,17,1782137734,just finished watching it here on tik tok Saturday. it's,finished watching tik tok saturday,tiktok_butheisapollo6.jsonl,root.text,DOC_003257,en,4,2,14
YouTube,comment,n9D3b0K9pko,【FULL】Swapped to a Poor Bard? He Is the God Apollo!,UgxCHfBS5oxZ5oMJtnJ4AaABAg,,@lucianaveronese,0,1790553600,"The charactera are always the same appearance... the bad girl ia always blond with blue eyes, their families always hate the girls...",charactera always appearance bad girl always blond blue eyes families always hate girls,【FULL】Swapped to a Poor Bard_ He Is the God Apollo!.json,root.comments[502].text,DOC_001002,en,13,3,-1
TikTok,comment,7469458353190636805,,7469907531399217962,,,127,1739223418,the running on the beach got me,running beach got,tiktok_temptationfruitisland5.jsonl,root.text,DOC_006256,en,3,3,-1
TikTok,comment,7469458353190636805,,7470120629342929682,,,60,1739273008,I wish I was lying… at one point his full lenght jeans became swimmer shorts,wish lying one point full lenght jeans became swimmer shorts,tiktok_temptationfruitisland5.jsonl,root.text,DOC_006298,en,8,6,-1
TikTok,comment,7686339862995291422,,7688185827550249746,,,3,1790045277,"you’re literally so dense it’s hilarious, you are homophobic for that one comment, making fun of the term “queer history”, don’t act stupid",literally dense hilarious homophobic one comment making fun term queer history don act stupid,tiktok_notyouraveragecrow1.jsonl,root.text,DOC_003551,en,12,5,12
TikTok,comment,7687407796731530528,,7687435619622683409,,,66,1789870604,this is good.someone tag me once the next episode uploaded,good someone tag next episode uploaded,tiktok_stepmomincharge11-14.jsonl,root.text,DOC_003992,en,4,4,7
TikTok,comment,7469458353190636805,,7470230015096046358,,,1,1739298491,ICH SCHREIE HAHAHAHAHAHA,ich schreie hahahahahaha,tiktok_temptationfruitisland5.jsonl,root.text,DOC_006402,en,3,8,2
TikTok,comment,7482999322599181614,,7483515312102146846,,,1,1742391739,here come the tears again. I felt this deep in my soul and wanted to hug her,come tears felt deep soul wanted hug,tiktok_temptationfruitisland10.jsonl,root.text,DOC_005481,en,7,9,0
TikTok,comment,7671243298413104414,,7687640107796906783,,,1,1789918223,I don’t think either of the cares to be honest,don think either cares honest,tiktok_butheisapollo10.jsonl,root.text,DOC_002047,en,4,2,10
YouTube,comment,n9D3b0K9pko,【FULL】Swapped to a Poor Bard? He Is the God Apollo!,UgxKr07xDtpAW0Ii-1V4AaABAg,,@mdshamim30423,0,1788566400,"It's a very beautiful movie
​""I am watching from Bangladesh.",beautiful movie watching bangladesh,【FULL】Swapped to a Poor Bard_ He Is the God Apollo!.json,root.comments[123].text,DOC_000637,en,2,2,11
TikTok,comment,7646918295588850964,,7656582586340836097,,,0,1782687127,"This one wey you don almost finish ur 20s, 20s no be your prime again... abi you postpone am go ur 30s",one wey don almost finish 20s 20s prime abi postpone 30s,tiktok_butheisapollo1.jsonl,root.text,DOC_001575,en,6,3,27
TikTok,comment,7674678278162025750,,7674764025942672135,,,12,1786920265,Pls someone should bring me back,pls someone bring back,tiktok_butheisapollo1.jsonl,root.text,DOC_001267,en,3,1,4
YouTube,comment,UASLAWHqKJA,"**Plus-Size Bride, Stepmom in Charge | Emotional Family Drama | Full Movie 2026**",Ugx7_uv2X_nl32O6Lht4AaABAg.Ab2EgeHZULSAbAagr5Yzlr,,@FK-cd4bt,1,1790380800,A kids usually takes their father’s name. His sister wouldn’t have been pregnant by a DeMarco. He might have a different last name.,kids usually takes father name sister wouldn pregnant demarco might different last name,"__Plus-Size Bride, Stepmom in Charge _ Emotional Family Drama _ Full Movie 2026__.json",root.comments[102].replies[0].text,DOC_000125,en,13,4,20
YouTube,comment,wlEYNQo-ckI,Fruit Love Island- Episode 1,Ugx0MRjXi4LcivprMdx4AaABAg,,@I_like_bread_ALOT,2,1789948800,A pilot bear died for this scene 0:56,pilot bear died scene,combined_series.json,root.comments[5].text,DOC_000177,en,4,1,13
TikTok,comment,7676528108995972374,,7677758108740338453,,,1,1787617399,She look like oma the pregnant virgin,look like oma pregnant virgin,tiktok_butheisapollo11.jsonl,root.text,DOC_002671,en,4,4,0
TikTok,comment,7541660722527210782,,7541833474983117589,,,0,1755969948,Our dating story but there side characters,dating story side characters,tiktok_notyouraveragecrow1.jsonl,root.text,DOC_003473,en,4,0,17
TikTok,comment,7584379129022156045,,7584637782715433740,,,441,1765936112,My bruv is in love with a tuna,bruv love tuna,tiktok_notyouraveragecrow1.jsonl,root.text,DOC_003615,en,3,9,23
YouTube,comment,wlEYNQo-ckI,Fruit Love Island- Episode 1,UgycaKwDDo2ZcU3NBk54AaABAg,,@NATSUKI_4EVAAA,1,1789344000,Ok imma watch this and see how many brain cells I lose,imma watch see many brain cells lose,combined_series.json,root.comments[9].text,DOC_000183,en,6,8,13
YouTube,comment,UASLAWHqKJA,"**Plus-Size Bride, Stepmom in Charge | Emotional Family Drama | Full Movie 2026**",Ugwk0g0OopmRWoee4F94AaABAg.Ab3utpqWkE_AbB97i3VPJA,,@KearaJones-n2z,2,1790380800,Nope had chatpgt find the full version for free 😂,nope chatpgt find full version free,"__Plus-Size Bride, Stepmom in Charge _ Emotional Family Drama _ Full Movie 2026__.json",root.comments[4].replies[6].text,DOC_000018,en,5,4,-1
TikTok,comment,7653860933533519135,,7654506421183120149,,,0,1782203674,please watch the dukes devious daughter. I love it so much,please watch dukes devious daughter love much,tiktok_butheisapollo6.jsonl,root.text,DOC_003342,en,5,9,18
TikTok,comment,7687523753533689121,,7687884692407173895,,,0,1789975162,the next part uploaded sis,next part uploaded sis,tiktok_stepmomincharge21-24.jsonl,root.text,DOC_004144,en,2,4,8
TikTok,comment,7687103842520927496,,7687499630419067668,,,0,1789885729,wow... great I want more please,wow great want please,tiktok_notyouraveragecrow3.jsonl,root.text,DOC_003827,en,3,5,-1
TikTok,comment,7674678278162025750,,7674687991579640578,,,200,1786902567,"I just posted this my love, will post episode 2 tomorrow",posted love post episode tomorrow,tiktok_butheisapollo1.jsonl,root.text,DOC_001200,en,4,9,27
TikTok,comment,7687509802456534305,,7689604796022768415,,,0,1790375682,I searched far and wide for the rest of this. Pune drama saved the day,searched far wide rest pune drama saved day,tiktok_stepmomincharge15-20.jsonl,root.text,DOC_004083,en,7,1,3
TikTok,comment,7469458353190636805,,7469956415442699054,,,16,1739234791,Montoya is really not gwenchana,montoya really gwenchana,tiktok_temptationfruitisland5.jsonl,root.text,DOC_006341,en,2,8,-1
YouTube,comment,rYe9wiv2M0I,Not Your Average Crow | Full Series | Short Drama English | Fantasy Romance & Mystery,Ugxz59g3iGS4qgEWcMZ4AaABAg,,@Quackyplus,254,1789948800,Respect for dropping the full series without any other random ads or something,respect dropping full series without random ads something,Not Your Average Crow _ Full Series _ Short Drama English _ Fantasy Romance & Mystery.json,root.comments[0].text,DOC_000310,en,7,2,6
TikTok,comment,7469458353190636805,,7469557720108057352,,,2756,1739142013,Popped a shirt open and had buttons flying literally every episode.. I know his shirt collection keeps decreasing as we speak,popped shirt open buttons flying literally every episode know shirt collection keeps decreasing speak,tiktok_temptationfruitisland5.jsonl,root.text,DOC_006296,en,13,4,-1
TikTok,comment,7584379129022156045,,7584556294558122808,,,1,1765917137,Vegetarians hate to see him coming,vegetarians hate see coming,tiktok_notyouraveragecrow1.jsonl,root.text,DOC_003629,en,4,1,1
TikTok,comment,7482999322599181614,,7500506235620328223,,,0,1746347742,Women are true empaths,women true empaths,tiktok_temptationfruitisland10.jsonl,root.text,DOC_005523,en,3,2,0
TikTok,comment,7469458353190636805,,7469890876999910199,,,16,1739219519,Tom from The Boondocks got competition,tom boondocks got competition,tiktok_temptationfruitisland5.jsonl,root.text,DOC_006317,en,4,1,-1
TikTok,comment,7482999322599181614,,7483320648296579871,,,175,1742346391,That is good man savanna,good man savanna,tiktok_temptationfruitisland10.jsonl,root.text,DOC_005344,en,3,7,2
YouTube,comment,UASLAWHqKJA,"**Plus-Size Bride, Stepmom in Charge | Emotional Family Drama | Full Movie 2026**",Ugxhktw3JFW1U5t7s114AaABAg,,@juanitapapuni1413,0,1790553600,"thanks for recording this. 
such a hassle on the Apps and too many ads.
this is a good watch. Justice is served.",thanks recording hassle apps many ads good watch justice served,"__Plus-Size Bride, Stepmom in Charge _ Emotional Family Drama _ Full Movie 2026__.json",root.comments[12].text,DOC_000031,en,8,2,6
YouTube,comment,rYe9wiv2M0I,Not Your Average Crow | Full Series | Short Drama English | Fantasy Romance & Mystery,UgwUsAbrUcGOQfklCsh4AaABAg.AawLQZaTNsMAawQMibLOWt,,@thereviewspot07,0,1789948800,If you wanna watch more such interesting videos as well then subscribe to our YouTube channel 😍,wanna watch interesting videos well subscribe youtube channel,Not Your Average Crow _ Full Series _ Short Drama English _ Fantasy Romance & Mystery.json,root.comments[37].replies[0].text,DOC_000378,en,3,5,6
TikTok,comment,7676528108995972374,,7676541783418241799,,,1,1787334177,oya come back,oya come back,tiktok_butheisapollo11.jsonl,root.text,DOC_002571,en,3,0,4
TikTok,comment,7671243298413104414,,7687800288426017554,,,0,1789955503,hes so lucky but unlucky at the same time hahahah,hes lucky unlucky time hahahah,tiktok_butheisapollo7.jsonl,root.text,DOC_003343,en,5,1,1
TikTok,comment,7686339862995291422,,7687806609477976846,,,1,1789956990,unfortunately its comfier and i choose comfort.,unfortunately comfier choose comfort,tiktok_notyouraveragecrow1.jsonl,root.text,DOC_003533,en,4,9,-1
YouTube,comment,n9D3b0K9pko,【FULL】Swapped to a Poor Bard? He Is the God Apollo!,UgxsjkRi_GFYesS1BrZ4AaABAg,,@ded_aditya,0,1790899200,"he is god but we have to see hour of him acting weak in front of mortals and whole melodrama, everyone have to complete their dialogues.",god see hour acting weak front mortals whole melodrama everyone complete dialogues,【FULL】Swapped to a Poor Bard_ He Is the God Apollo!.json,root.comments[277].text,DOC_000802,en,12,5,5
TikTok,comment,7671243298413104414,,7677941128835089182,,,6,1787660034,one of the twins is a boy. it's a brother and sister.,one twins boy brother sister,tiktok_butheisapollo10.jsonl,root.text,DOC_002064,en,4,5,-1
TikTok,comment,7687523753533689121,,7687924300838142727,,,0,1789984374,i didn't hear impossible,didn hear impossible,tiktok_stepmomincharge21-24.jsonl,root.text,DOC_004198,en,3,1,22
TikTok,comment,7687103842520927496,,7687256710026691349,,,43,1789828954,Yeah wonder how that tree leg would be visualized in their human form haha,yeah wonder tree leg would visualized human form haha,tiktok_notyouraveragecrow3.jsonl,root.text,DOC_003838,en,9,5,14
TikTok,comment,7671243298413104414,,7681833965134021406,,,0,1788566392,"""My Darling Eska"" is going to be my new sleep paralysis demon",darling eska going new sleep paralysis demon,tiktok_butheisapollo10.jsonl,root.text,DOC_002096,en,7,9,13
TikTok,comment,7676528108995972374,,7677526450980176660,,,0,1787563453,You see how business flows well when you have supportive partner?,see business flows well supportive partner,tiktok_butheisapollo11.jsonl,root.text,DOC_002632,en,6,3,10
TikTok,comment,7674678278162025750,,7674739875615572743,,,1033,1786914649,trust men on your own risk,trust men risk,tiktok_butheisapollo1.jsonl,root.text,DOC_001187,en,3,2,10
TikTok,comment,7686339862995291422,,7686594711293281038,,,493,1789674825,No my lesbian look is my best look,lesbian look best look,tiktok_notyouraveragecrow1.jsonl,root.text,DOC_003571,en,4,4,12
YouTube,comment,UASLAWHqKJA,"**Plus-Size Bride, Stepmom in Charge | Emotional Family Drama | Full Movie 2026**",UgxPnrzNqLrLx5PNhMx4AaABAg.Aayz1LcXpe0AbLRfXlV0_C,,@SoniaRivera-j1i9i,0,1790726400,I dont know if this men is real but he is fineeeeeee,dont know men real fineeeeeee,"__Plus-Size Bride, Stepmom in Charge _ Emotional Family Drama _ Full Movie 2026__.json",root.comments[76].replies[2].text,DOC_000101,en,5,3,1
TikTok,comment,7469458353190636805,,7480013970146771730,,,1,1741576490,It’s crazyyyyy! The only thing is Spanish ppl from Spain love using slang  had to google a few words here and there.. but the buttons flying off Montoya’s shirts very much gave international✨,crazyyyyy thing spanish ppl spain love using slang google words buttons flying montoya shirts much gave international,tiktok_temptationfruitisland5.jsonl,root.text,DOC_006300,en,17,7,2
TikTok,comment,7686339862995291422,,7687082566335644424,,,24,1789788391,someone got their feelings hurt,someone got feelings hurt,tiktok_notyouraveragecrow1.jsonl,root.text,DOC_003566,en,4,8,9
TikTok,comment,7676528108995972374,,7678764777821635345,,,20,1787851758,Ethan keeps on changing faces,ethan keeps changing faces,tiktok_butheisapollo11.jsonl,root.text,DOC_002532,en,4,3,-1
TikTok,comment,7676528108995972374,,7678616390341378823,,,2,1787817207,Paa oo…Stubborn proud proud,paa stubborn proud proud,tiktok_butheisapollo11.jsonl,root.text,DOC_002542,en,4,0,2
YouTube,comment,UASLAWHqKJA,"**Plus-Size Bride, Stepmom in Charge | Emotional Family Drama | Full Movie 2026**",UgyERXfShpjnFEQe5xx4AaABAg,,@jaekelly3281,33,1790121600,"Loved this story. Loved Aurora - strong, affirmative, zero bs tolerated. Wish she was plump throughout and just change figure at the end. I think it would've given a bigger social impact. She looked great either way, tho. Loved the character. I also like the fact that the ML wasn't easily swayed by the family like the other dramas. Saving this one to watch it again later. 😁🫶",loved story loved aurora strong affirmative zero tolerated wish plump throughout change figure end think would given bigger social impact looked great either way tho loved character also like fact wasn easily swayed family like dramas saving one watch later,"__Plus-Size Bride, Stepmom in Charge _ Emotional Family Drama _ Full Movie 2026__.json",root.comments[20].text,DOC_000039,en,36,6,-1
TikTok,comment,7678641715607031061,,7679038678782624529,,,1,1787915789,Nothing is hidden under the sun,nothing hidden sun,tiktok_butheisapollo10.jsonl,root.text,DOC_002404,en,3,9,-1
TikTok,comment,7469458353190636805,,7469924448990626592,,,2,1739227343,Guys he ran for miles,guys ran miles,tiktok_temptationfruitisland5.jsonl,root.text,DOC_006368,en,3,2,-1
TikTok,comment,7584379129022156045,,7584644297032499989,,,0,1765937630,is this Dr who? idk if its just ai being ai but one of the other kids called her Kate and that it was unit,idk one kids called kate unit,tiktok_notyouraveragecrow1.jsonl,root.text,DOC_003649,en,5,7,0
YouTube,comment,xghm-J6avZU,Fruit Love Island- Episode 17,Ugz8Wrh--2vVw_C-Kjp4AaABAg,,@Naylacat123,0,1790208000,"Kiwilo kinda like the host's , brother",kiwilo kinda like host brother,combined_series.json,root.comments[4].text,DOC_000304,en,4,6,2
TikTok,comment,7584379129022156045,,7584592960457999111,,,1699,1765925683,"in ten months, Aquaman is born",ten months aquaman born,tiktok_notyouraveragecrow1.jsonl,root.text,DOC_003613,en,4,9,-1
TikTok,comment,7646918295588850964,,7647100811759747861,,,18,1780479722,thanks so much vanesa,thanks much vanesa,tiktok_butheisapollo1.jsonl,root.text,DOC_001475,en,2,6,8
YouTube,comment,UASLAWHqKJA,"**Plus-Size Bride, Stepmom in Charge | Emotional Family Drama | Full Movie 2026**",UgxadZs3WEzCFTgjgHF4AaABAg,,@SanDesh-k1r,1,1789948800,Thank you for this drama. Please post the rest,thank drama please post rest,"__Plus-Size Bride, Stepmom in Charge _ Emotional Family Drama _ Full Movie 2026__.json",root.comments[78].text,DOC_000103,en,2,9,3
TikTok,comment,7482999322599181614,,7483436375453041431,,,13,1742373334,Of which country is this temptation island and which season?,country temptation island season,tiktok_temptationfruitisland10.jsonl,root.text,DOC_005408,en,4,3,25
TikTok,comment,7482999322599181614,,7643549785518146317,,,2,1779652644,The fact I pushed him to the end and he still stayed. It wasn’t until I realized no matter how poorly I treated him he was going to stay was I able to let myself really love him. This past year in therapy I realized it was my way of protecting myself because everyone else has left me eventually,fact pushed end still stayed wasn realized matter poorly treated going stay able let really love past year therapy realized way protecting everyone else left eventually,tiktok_temptationfruitisland10.jsonl,root.text,DOC_005467,en,25,9,1
TikTok,comment,7482999322599181614,,7487125306343277358,,,0,1743232307,I wanted to give her a big hug…I felt everything that she said,wanted give big hug felt everything said,tiktok_temptationfruitisland10.jsonl,root.text,DOC_005556,en,7,1,0
TikTok,comment,7646918295588850964,,7647109636295262984,,,3,1780481475,Please bring me back here,please bring back,tiktok_butheisapollo1.jsonl,root.text,DOC_001558,en,2,7,4
YouTube,comment,UASLAWHqKJA,"**Plus-Size Bride, Stepmom in Charge | Emotional Family Drama | Full Movie 2026**",UgwbiB6C7XllLQkc3d54AaABAg,,@controversialopinionsonly,1,1790380800,Whoever posted this I love you my g 😭😭💀 I needed to watch this lol,whoever posted love needed watch lol,"__Plus-Size Bride, Stepmom in Charge _ Emotional Family Drama _ Full Movie 2026__.json",root.comments[19].text,DOC_000038,en,5,0,16
TikTok,comment,7482999322599181614,,7483605783705781034,,,8,1742412799,Yes it was…I loved that moment,yes loved moment,tiktok_temptationfruitisland10.jsonl,root.text,DOC_005331,en,3,6,18
TikTok,comment,7677740875966876950,,7678477003780178708,,,0,1787784774,She really take this swore am oath together with sand serious ohh,really take swore oath together sand serious ohh,tiktok_butheisapollo10.jsonl,root.text,DOC_002394,en,7,7,0
TikTok,comment,7687523753533689121,,7688438135419880205,,,0,1790104039,Literally! I would've scrolled off of it but this one is gooooooddd,literally would scrolled one gooooooddd,tiktok_stepmomincharge21-24.jsonl,root.text,DOC_004112,en,4,8,14
TikTok,comment,7469458353190636805,,7470652144021242670,,,1,1739396782,Always ripping that damn shirt,always ripping damn shirt,tiktok_temptationfruitisland5.jsonl,root.text,DOC_006394,en,4,3,-1
TikTok,comment,7469458353190636805,,7469512386565669634,,,0,1739131415,Crashout king I love him,crashout king love,tiktok_temptationfruitisland5.jsonl,root.text,DOC_006415,en,3,4,1
TikTok,comment,7677740875966876950,,7677931876631790356,,,4,1787657837,Please bring me back for the last episode,please bring back last episode,tiktok_butheisapollo8.jsonl,root.text,DOC_003350,en,3,7,7
TikTok,comment,7653860933533519135,,7654635734637298448,,,0,1782233827,I've tried to look for it but I haven't found it yet. It's on this channel called DramaFeverHour,tried look haven found yet channel called dramafeverhour,tiktok_butheisapollo6.jsonl,root.text,DOC_003288,en,7,4,-1
TikTok,comment,7672793087822810382,,7691923751805879070,,,0,1790915606,LMAO he knows he wants to know the ending,lmao knows wants know ending,tiktok_butheisapollo10.jsonl,root.text,DOC_001757,en,5,2,-1
TikTok,comment,7482999322599181614,,7483405052792455982,,,1,1742366089,My bf and I were crying during this scene Tyler’s actions don’t define her worth :(,crying scene tyler actions don define worth,tiktok_temptationfruitisland10.jsonl,root.text,DOC_005398,en,6,1,0
TikTok,comment,7671243298413104414,,7674430452443398943,,,153,1786842616,"Should've went for the other twin, was way nicer to him and actually saved him almost just as much",went twin way nicer actually saved almost much,tiktok_butheisapollo10.jsonl,root.text,DOC_002043,en,8,6,26
TikTok,comment,7683031765518175521,,7686368576101794580,,,1,1789622335,Daniel is the Michael of Billionare you dont nkow,daniel michael billionare dont nkow,tiktok_butheisapollo10.jsonl,root.text,DOC_001903,en,5,1,-1
TikTok,comment,7687509802456534305,,7687929791454462737,,,0,1789985654,U fail as a father sha,fail father sha,tiktok_stepmomincharge15-20.jsonl,root.text,DOC_004100,en,3,2,1
TikTok,comment,7686339862995291422,,7691072224392856328,,,0,1790717330,Now girls blame us too? i hate being alive,girls blame hate alive,tiktok_notyouraveragecrow1.jsonl,root.text,DOC_003596,en,4,5,17
YouTube,comment,wlEYNQo-ckI,Fruit Love Island- Episode 1,Ugy7JJy1lIn-jNVzQfl4AaABAg.AaVx8FSOhtuAaullxRylxq,,@treattrick8991,0,1789948800,"@FUR1NAA44 (noone copy this) look we will still have water, antartica will still be here and ai moderation is key. I use janitor and even i think your joking as you tend to forget that there are plans to make ai safer (the future will tell)",noone copy look still water antartica still moderation key use janitor even think joking tend forget plans make safer future tell,combined_series.json,root.comments[26].replies[0].text,DOC_000204,en,20,5,13
TikTok,comment,7541660722527210782,,7541699549347332895,,,0,1755938880,It’s like the inexperienced me and the experienced you but these arnt the main characters just side characters,like inexperienced experienced arnt main characters side characters,tiktok_notyouraveragecrow1.jsonl,root.text,DOC_003469,en,7,0,-1
TikTok,comment,7584379129022156045,,7584706523601339158,,,0,1765952142,same universe and yeah some of the members of UNIT from the other shows appear,universe yeah members unit shows appear,tiktok_notyouraveragecrow1.jsonl,root.text,DOC_003650,en,6,9,7
TikTok,comment,7683031765518175521,,7683947404362302216,,,4,1789058434,she's dangerous karma is coming to her,dangerous karma coming,tiktok_butheisapollo10.jsonl,root.text,DOC_001993,en,3,9,0
TikTok,comment,7584379129022156045,,7584497642530620168,,,168,1765903477,I don watch this film finish for TikTok,don watch film finish tiktok,tiktok_notyouraveragecrow1.jsonl,root.text,DOC_003633,en,2,9,11
TikTok,comment,7687159415908125985,,7688034265674466056,,,0,1790009977,Yoh we are staying right here,yoh staying right,tiktok_stepmomincharge1-4.jsonl,root.text,DOC_003943,en,3,7,-1
TikTok,comment,7469458353190636805,,7469832447884313350,,,13,1739205930,Heart ain't a organ to play with,heart ain organ play,tiktok_temptationfruitisland5.jsonl,root.text,DOC_006354,en,3,8,-1
TikTok,comment,7482999322599181614,,7627424297724019486,,,0,1775898204,awe we all can relate.... sometimes its nit your time yet even if you are ready in that moment sometimes things happens for a reason,awe can relate sometimes nit time yet even ready moment sometimes things happens reason,tiktok_temptationfruitisland10.jsonl,root.text,DOC_005508,en,13,7,18
YouTube,comment,QKRGwSXiCbU,Fruit Love Island- Episode 9,UgwFSDs4qtsDcklQ6d54AaABAg,,@keviaxoxo,1,1788566400,coconick should be witth watermalina,coconick witth watermalina,combined_series.json,root.comments[2].text,DOC_000276,en,3,7,25
TikTok,comment,7646918295588850964,,7647533408746816276,,,28,1780580371,"don't trust this plz , relationship is very painfully",don trust plz relationship painfully,tiktok_butheisapollo1.jsonl,root.text,DOC_001472,en,3,4,10
TikTok,comment,7687523753533689121,,7687814161750278933,,,1,1789958747,"comeback, it's ald done",comeback ald done,tiktok_stepmomincharge21-24.jsonl,root.text,DOC_004165,en,3,1,4
YouTube,comment,xghm-J6avZU,Fruit Love Island- Episode 17,Ugxk0MUh9wGQX7b_QXJ4AaABAg.A__8sVNJ63HAaHRIqk_Hzt,,@MadilynnPerry-c7e,0,1788566400,Can i join the council,can join council,combined_series.json,root.comments[5].replies[0].text,DOC_000306,en,2,7,4
TikTok,comment,7482999322599181614,,7483330273577911045,,,13,1742348637,"I don’t know if you need to hear this today but you are worth it, big hugs",don know need hear today worth big hugs,tiktok_temptationfruitisland10.jsonl,root.text,DOC_005376,en,7,3,-1
TikTok,comment,7469458353190636805,,7469491167411995398,,,116,1739126455,This should be the new music video,new music video,tiktok_temptationfruitisland5.jsonl,root.text,DOC_006351,en,2,7,6
TikTok,comment,7584379129022156045,,7584598539059168012,,,0,1765926976,bro has reached apex,bro reached apex,tiktok_notyouraveragecrow1.jsonl,root.text,DOC_003685,en,3,0,-1
TikTok,comment,7677740875966876950,,7677876036477977352,,,9,1787644829,who laugh last laugh the best,laugh last laugh best,tiktok_butheisapollo10.jsonl,root.text,DOC_002211,en,4,8,-1
TikTok,comment,7676528108995972374,,7676809803759469332,,,2,1787396772,Which one is my building as if he's the CEO,one building ceo,tiktok_butheisapollo11.jsonl,root.text,DOC_002575,en,2,3,-1
TikTok,comment,7482999322599181614,,7487531192444617502,,,0,1743326827,I cried so bad and now I’m crying again,cried bad crying,tiktok_temptationfruitisland10.jsonl,root.text,DOC_005552,en,3,1,9
TikTok,comment,7677740875966876950,,7677902414741308178,,,1,1787651127,"beautiful story line.....
I am an editor too.... just dm",beautiful story line editor,tiktok_butheisapollo10.jsonl,root.text,DOC_002258,en,4,2,3
TikTok,comment,7469458353190636805,,7471920854788522760,,,0,1739692154,I agree somewhat. It’s harder when you love that person and don’t have much experience with the bs,agree somewhat harder love person don much experience,tiktok_temptationfruitisland5.jsonl,root.text,DOC_006277,en,7,6,10
TikTok,comment,7687509802456534305,,7688307179229348616,,,21,1790073524,and Mr. Demono. everything except the actual name. lol.,demono everything except actual name lol,tiktok_stepmomincharge15-20.jsonl,root.text,DOC_004051,en,6,0,20
TikTok,comment,7469458353190636805,,7469509704058946359,,,355,1739130775,man was acting like a 2000s music vid,man acting like 2000s music vid,tiktok_temptationfruitisland5.jsonl,root.text,DOC_006344,en,4,7,1
TikTok,comment,7469458353190636805,,7469841569759003438,,,11,1739208075,bro is gonna be on the news omg,bro gonna news omg,tiktok_temptationfruitisland5.jsonl,root.text,DOC_006279,en,4,9,-1
TikTok,comment,7676528108995972374,,7676855766477357842,,,0,1787407277,The thing dey vex me ehn,thing dey vex ehn,tiktok_butheisapollo11.jsonl,root.text,DOC_002466,en,3,1,2
YouTube,comment,UASLAWHqKJA,"**Plus-Size Bride, Stepmom in Charge | Emotional Family Drama | Full Movie 2026**",UgwuWSiy4FsfolKOw9d4AaABAg,,@ExcitedCells-sy4gm,1,1790208000,WHAT HAPPENED NEXT OR IT ENDED LIKE THIS,happened next ended like,"__Plus-Size Bride, Stepmom in Charge _ Emotional Family Drama _ Full Movie 2026__.json",root.comments[114].text,DOC_000139,en,2,0,-1
YouTube,comment,n9D3b0K9pko,【FULL】Swapped to a Poor Bard? He Is the God Apollo!,UgxsfaT2s_Xs10o8qfl4AaABAg,,@Mchistellino,0,1785888000,This movie is sweeter than a woman,movie sweeter woman,【FULL】Swapped to a Poor Bard_ He Is the God Apollo!.json,root.comments[497].text,DOC_000999,en,2,2,11
TikTok,comment,7672770828097850637,,7673773600961430292,,,557,1786689672,The series is worse than Indian dram,series worse indian dram,tiktok_butheisapollo2.jsonl,root.text,DOC_002970,en,4,7,-1
TikTok,comment,7668909026901560589,,7682518694685377287,,,1,1788725933,people power never falls down ##%,people power never falls,tiktok_butheisapollo2.jsonl,root.text,DOC_003023,en,4,7,10
TikTok,comment,7687523753533689121,,7687932643501458196,,,1,1789986453,he must goo his cruel to he nieces,must goo cruel nieces,tiktok_stepmomincharge21-24.jsonl,root.text,DOC_004210,en,4,7,-1
TikTok,comment,7631609869396643103,,7642059459767157535,,,1,1779305690,Poor little girl may God bless her,poor little girl may god bless,tiktok_butheisapollo15.jsonl,root.text,DOC_002945,en,6,5,-1
YouTube,comment,rhAuYZzpfg8,Fruit Love Island- Episode 10,UgzKKPchd_KFI2x5NiJ4AaABAg,,@thedogma-h9t,0,1788566400,"Tomorrow, at exactly 5. I will say hi on every last video of this stay tuned.By the way , why the drink flying 2:35",tomorrow exactly say every last video stay tuned way drink flying,combined_series.json,root.comments[0].text,DOC_000280,en,10,8,-1
TikTok,comment,7672770828097850637,,7674302198431630111,,,34,1786812742,How come he just realized that’s mother. Even it was his mother in-law that shouldn’t have happened,come realized mother even mother law shouldn happened,tiktok_butheisapollo2.jsonl,root.text,DOC_002982,en,8,5,1
YouTube,comment,n9D3b0K9pko,【FULL】Swapped to a Poor Bard? He Is the God Apollo!,UgwPUqbl7Wh8aBYGmwx4AaABAg,,@Ginger_On_The_House,18,1788566400,"Apollo is the god of light, prophecy, music, poetry and healing. How come he didn't heal her?",apollo god light prophecy music poetry healing come didn heal,【FULL】Swapped to a Poor Bard_ He Is the God Apollo!.json,root.comments[43].text,DOC_000550,en,10,7,5
TikTok,comment,7677740875966876950,,7677885982423712530,,,1,1787647152,let me wait for next episode next year,let wait next episode next year,tiktok_butheisapollo10.jsonl,root.text,DOC_002284,en,3,3,7
TikTok,comment,7683031765518175521,,7683306124243288840,,,4,1788909126,brotherhood obtain sense oo and be smart in life,brotherhood obtain sense smart life,tiktok_butheisapollo10.jsonl,root.text,DOC_001994,en,5,8,5
TikTok,comment,7482999322599181614,,7489507080794473259,,,0,1743786788,I didn’t leave… she pushed me away… even after that I’m still here trying. Idk how much selfrespect I can lose for her but it aint gnna last. Once I leave fr not on me. God Knows so thank you Lord,didn leave pushed away even still trying idk much selfrespect can lose aint gnna last leave god knows thank lord,tiktok_temptationfruitisland10.jsonl,root.text,DOC_005542,en,18,8,0
TikTok,comment,7678641715607031061,,7679003744516702984,,,8,1787907573,don't take her back victor,don take back victor,tiktok_butheisapollo10.jsonl,root.text,DOC_002399,en,3,2,0
TikTok,comment,7684001750184906001,,7689932279766598407,,,0,1790451897,me though my.mama I for fit follow her to anywhere o,though mama fit follow anywhere,tiktok_butheisapollo3.jsonl,root.text,DOC_003118,en,5,5,-1
YouTube,comment,wlEYNQo-ckI,Fruit Love Island- Episode 1,UgycaKwDDo2ZcU3NBk54AaABAg.Aafyuxy_3q3AagQxRMK9y9,,@NATSUKI_4EVAAA,0,1789344000,@PvtSpaghetty    GOD I WATCHED THE 1ST 17 EPISODES AND MY BRAIN IS DYING,god watched 1st episodes brain dying,combined_series.json,root.comments[9].replies[0].replies[0].text,DOC_000185,en,4,3,13
TikTok,comment,7584379129022156045,,7584625501731750712,,,1,1765933263,Na so dem Dey make unreasonable movie,dem dey make unreasonable movie,tiktok_notyouraveragecrow1.jsonl,root.text,DOC_003681,en,2,0,20
TikTok,comment,7674678278162025750,,7674888910850687765,,,1,1786949352,Bring me back for part two pls,bring back part two pls,tiktok_butheisapollo1.jsonl,root.text,DOC_001218,en,3,7,4
TikTok,comment,7584379129022156045,,7584574038878569236,,,0,1765921273,bro betrayed humanity for some fishy puh,bro betrayed humanity fishy puh,tiktok_notyouraveragecrow1.jsonl,root.text,DOC_003704,en,5,2,-1
YouTube,comment,rYe9wiv2M0I,Not Your Average Crow | Full Series | Short Drama English | Fantasy Romance & Mystery,Ugy7k-NZo4SXmkL47md4AaABAg,,@Ariadne1026,136,1789948800,The mother is motheringggggg. Her AI design is so pretty,mother motheringggggg design pretty,Not Your Average Crow _ Full Series _ Short Drama English _ Fantasy Romance & Mystery.json,root.comments[1].text,DOC_000313,en,4,9,0
TikTok,comment,7686339862995291422,,7686530243310355231,,,1462,1789659861,let people dress however they feel comfortable,let people dress however feel comfortable,tiktok_notyouraveragecrow1.jsonl,root.text,DOC_003506,en,6,8,19
YouTube,comment,n9D3b0K9pko,【FULL】Swapped to a Poor Bard? He Is the God Apollo!,UgzpX843OU_hMMYMVwN4AaABAg,,@pjj295,0,1790467200,I really enjoyed watching this! ❤True love triumphs ❤,really enjoyed watching true love triumphs,【FULL】Swapped to a Poor Bard_ He Is the God Apollo!.json,root.comments[51].text,DOC_000562,en,4,2,18
TikTok,comment,7469458353190636805,,7475391637864088375,,,3,1740500277,if betrayal was forgiven jesus was gonna forgive satan but sadly it's not negotiable I feel your pain montoya,betrayal forgiven jesus gonna forgive satan sadly negotiable feel pain montoya,tiktok_temptationfruitisland5.jsonl,root.text,DOC_006361,en,11,3,5
TikTok,comment,7669771043778727200,,7675392256304382736,,,0,1787066545,SORAYA I KA QR TEK TEMPTATION ISLAND,soraya tek temptation island,tiktok_temptationfruitisland4.jsonl,root.text,DOC_005949,en,4,6,2
TikTok,comment,7687159415908125985,,7690111607162585877,,,2,1790493651,and she was so beautiful as a teddy bear,beautiful teddy bear,tiktok_stepmomincharge1-4.jsonl,root.text,DOC_003963,en,3,1,0
TikTok,comment,7671243298413104414,,7677632082592318221,,,650,1787588063,He seems like he wants to be there,seems like wants,tiktok_butheisapollo10.jsonl,root.text,DOC_002054,en,2,0,1
YouTube,comment,wlEYNQo-ckI,Fruit Love Island- Episode 1,Ugx7scv18AsG3nbWKDh4AaABAg.Aa8dl1p8_reAaP1D3vhd3W,,@Fangameeditz2011,1,1788739200,"​ @W3NDASPRUNKl yeah, But that wasn't even counting all fandoms",yeah wasn even counting fandoms,combined_series.json,root.comments[6].replies[0].replies[0].text,DOC_000180,en,5,5,-1
TikTok,comment,7686339862995291422,,7688823020207964958,,,1,1790193660,And that’s conforming to the norm and sterotypes,conforming norm sterotypes,tiktok_notyouraveragecrow1.jsonl,root.text,DOC_003580,en,3,7,-1
TikTok,comment,7677183927886302471,,7690883044882121492,,,0,1790673262,Tag me please hun,tag please hun,tiktok_butheisapollo10.jsonl,root.text,DOC_001795,en,2,4,8
TikTok,comment,7687523753533689121,,7688014510438908703,,,348,1790005406,The lead woman isn’t weak. The lead man isn’t stupid. It’s great.,lead woman isn weak lead man isn stupid great,tiktok_stepmomincharge21-24.jsonl,root.text,DOC_004105,en,9,3,0
TikTok,comment,7672793087822810382,,7691836652679709454,,,1,1790895326,My husband is so annoyed with me right now,husband annoyed right,tiktok_butheisapollo10.jsonl,root.text,DOC_001756,en,3,7,1
TikTok,comment,7584379129022156045,,7584943523008316181,,,25,1766007709,yeah this movie was definitely someone's fetish,yeah movie definitely someone fetish,tiktok_notyouraveragecrow1.jsonl,root.text,DOC_003646,en,4,8,-1
TikTok,comment,7687523753533689121,,7687749322675405588,,,0,1789943660,I can’t see it sir,can see sir,tiktok_stepmomincharge21-24.jsonl,root.text,DOC_004154,en,2,0,14
TikTok,comment,7609634525609577741,,7609978573101662983,,,2,1771836430,michael douglas the GOAT,michael douglas goat,tiktok_notyouraveragecrow3.jsonl,root.text,DOC_003866,en,3,0,-1
TikTok,comment,7686339862995291422,,7686648621655245598,,,2,1789687365,We’re all at least a little bit gay~ lesbihonest,least little bit gay lesbihonest,tiktok_notyouraveragecrow1.jsonl,root.text,DOC_003526,en,5,8,12
TikTok,comment,7674678278162025750,,7674795970558870293,,,0,1786927707,Wrong advice Trust Me,wrong advice trust,tiktok_butheisapollo1.jsonl,root.text,DOC_001266,en,3,8,10
YouTube,comment,n9D3b0K9pko,【FULL】Swapped to a Poor Bard? He Is the God Apollo!,Ugx7lybAuvHuQ-K0sFN4AaABAg,,@AyeshaAkther-v5k,0,1788566400,Why mom and dad of AI drama not less than any born enemy 🤐,mom dad drama less born enemy,【FULL】Swapped to a Poor Bard_ He Is the God Apollo!.json,root.comments[268].text,DOC_000793,en,5,0,-1
TikTok,comment,7686339862995291422,,7687155129608586015,,,1,1789805437,It’s so comfy tho  does my long almond nails balance it out? and my pink lipstick?,comfy tho long almond nails balance pink lipstick,tiktok_notyouraveragecrow1.jsonl,root.text,DOC_003536,en,8,8,19
TikTok,comment,7674678278162025750,,7674764083908330261,,,9,1786920292,Pls bring me back,pls bring back,tiktok_butheisapollo1.jsonl,root.text,DOC_001273,en,2,7,4
TikTok,comment,7686339862995291422,,7687269785403147030,,,4,1789832001,"I am completely relax, my statement couldn't have been more calm actually",completely relax statement couldn calm actually,tiktok_notyouraveragecrow1.jsonl,root.text,DOC_003555,en,6,7,9
TikTok,comment,7647046547762367764,,7647075797753234193,,,1,1780487154,just need the title plz,need title plz,tiktok_butheisapollo1.jsonl,root.text,DOC_001036,en,2,1,11
TikTok,comment,7677183927886302471,,7686536593083450119,,,0,1789661270,Bro what the hell is yae yae yae yae,bro hell yae yae yae yae,tiktok_butheisapollo10.jsonl,root.text,DOC_001829,en,6,4,22
YouTube,comment,n9D3b0K9pko,【FULL】Swapped to a Poor Bard? He Is the God Apollo!,Ugw8o-XU68QdB_gK0UJ4AaABAg,,@Adriti-s9m,0,1788566400,"Oh my god ai really done a great jobb , I dont know why I was always thought that ai videos are cringe but right now I feel I got really make curious 😅",god really done great jobb dont know always thought videos cringe right feel got really make curious,【FULL】Swapped to a Poor Bard_ He Is the God Apollo!.json,root.comments[176].text,DOC_000690,en,13,5,6
YouTube,comment,rYe9wiv2M0I,Not Your Average Crow | Full Series | Short Drama English | Fantasy Romance & Mystery,Ugw2NIDFrwbfVET962d4AaABAg,,@MayaMae-h3x,0,1789948800,"thank you for the whole movie,you earn a new subscriber",thank whole movie earn new subscriber,Not Your Average Crow _ Full Series _ Short Drama English _ Fantasy Romance & Mystery.json,root.comments[29].text,DOC_000364,en,4,5,11
TikTok,comment,7676528108995972374,,7677565680183100181,,,0,1787572573,Bring me back abeg,bring back abeg,tiktok_butheisapollo11.jsonl,root.text,DOC_002624,en,2,7,4
YouTube,comment,n9D3b0K9pko,【FULL】Swapped to a Poor Bard? He Is the God Apollo!,UgwPOgGqaVsV6oONdFd4AaABAg,,@laura79613,208,1788566400,Can't believe AI is this good now,can believe good,【FULL】Swapped to a Poor Bard_ He Is the God Apollo!.json,root.comments[1].text,DOC_000432,en,2,5,15
YouTube,comment,n9D3b0K9pko,【FULL】Swapped to a Poor Bard? He Is the God Apollo!,UgykNPp-jF6dcUL_jJR4AaABAg.AZxn0-aEJhDAZzkyK_jsNC,,@_J_H,50,1785888000,"When I finished it I said to myself “did I just watch a Greek mythology soap opera made by AI? But most importantly, where do I find the sequel?”",finished said watch greek mythology soap opera made importantly find sequel,【FULL】Swapped to a Poor Bard_ He Is the God Apollo!.json,root.comments[24].replies[0].text,DOC_000511,en,9,4,-1
TikTok,comment,7541660722527210782,,7560150512902800149,,,3,1760234721,bro if the boy reject her after the transform this anime would be 100times better,bro boy reject transform anime would 100times better,tiktok_notyouraveragecrow1.jsonl,root.text,DOC_003476,en,8,1,-1
YouTube,comment,n9D3b0K9pko,【FULL】Swapped to a Poor Bard? He Is the God Apollo!,Ugx6SBPIMEjZrVyIsrR4AaABAg,,@johnyanthan8537,0,1789948800,A happy ending should have all family members united.,happy ending family members united,【FULL】Swapped to a Poor Bard_ He Is the God Apollo!.json,root.comments[143].text,DOC_000657,en,5,7,21
TikTok,comment,7687407796731530528,,7688574328661082901,,,0,1790135727,his dad is so useless omg,dad useless omg,tiktok_stepmomincharge11-14.jsonl,root.text,DOC_004037,en,3,6,1
TikTok,comment,7482999322599181614,,7483564245855781675,,,37,1742403108,"i agree, but self love will never be a replacement for loving others. those two are very different. your comment is still right, though! ✨",agree self love never replacement loving others two different comment still right though,tiktok_temptationfruitisland10.jsonl,root.text,DOC_005449,en,13,6,10
TikTok,comment,7677740875966876950,,7677902119857636103,,,1,1787650911,please try and post quick,please try post quick,tiktok_butheisapollo3.jsonl,root.text,DOC_003151,en,3,7,8
TikTok,comment,7482999322599181614,,7486693917107438382,,,34,1743131780,No same omg I was just thinking that he’s sooo much better than Vanessa and nick,omg thinking sooo much better vanessa nick,tiktok_temptationfruitisland10.jsonl,root.text,DOC_005325,en,7,6,26
YouTube,comment,n9D3b0K9pko,【FULL】Swapped to a Poor Bard? He Is the God Apollo!,UgykNPp-jF6dcUL_jJR4AaABAg.AZxn0-aEJhDA_FhyyYf9Ox,,@cosby2803,4,1788566400,Curiosity kills the cat 😂😂,curiosity kills cat,【FULL】Swapped to a Poor Bard_ He Is the God Apollo!.json,root.comments[24].replies[4].text,DOC_000518,en,3,5,13
TikTok,comment,7676528108995972374,,7676537694739530513,,,42,1787333224,bring me back plz,bring back plz,tiktok_butheisapollo11.jsonl,root.text,DOC_002553,en,2,7,4
YouTube,comment,UASLAWHqKJA,"**Plus-Size Bride, Stepmom in Charge | Emotional Family Drama | Full Movie 2026**",UgxXRiIMhGaYEUChdnN4AaABAg,,@melindastroup683,5,1790121600,Want to see the ending cut it off to soon.,want see ending cut soon,"__Plus-Size Bride, Stepmom in Charge _ Emotional Family Drama _ Full Movie 2026__.json",root.comments[50].text,DOC_000071,en,5,7,-1
TikTok,comment,7482999322599181614,,7490725213018751749,,,0,1744070400,"Hello  gorgeous please can I get a follow from you and send me a direct message.,,,,, i will love us to be good friends thanks",hello gorgeous please can get follow send direct message love good friends thanks,tiktok_temptationfruitisland10.jsonl,root.text,DOC_005411,en,9,9,-1
TikTok,comment,7686339862995291422,,7691017262137361183,,,0,1790704570,didn't know lesbians had their own clothing line,didn know lesbians clothing line,tiktok_notyouraveragecrow1.jsonl,root.text,DOC_003607,en,5,1,12
TikTok,comment,7686339862995291422,,7686761640902181663,,,12,1789713787,But I hate fitted clothing. It’s so uncomfortable,hate fitted clothing uncomfortable,tiktok_notyouraveragecrow1.jsonl,root.text,DOC_003562,en,4,4,19
YouTube,comment,UASLAWHqKJA,"**Plus-Size Bride, Stepmom in Charge | Emotional Family Drama | Full Movie 2026**",UgxHhX4T4TXLDLuU45B4AaABAg,,@anniekrause9834,1,1790121600,Straight to the point like a scalpel on skin. 😊,straight point like scalpel skin,"__Plus-Size Bride, Stepmom in Charge _ Emotional Family Drama _ Full Movie 2026__.json",root.comments[59].text,DOC_000080,en,4,1,19
YouTube,comment,n9D3b0K9pko,【FULL】Swapped to a Poor Bard? He Is the God Apollo!,UgzN6ijRhOEp2IjYCzF4AaABAg,,@projectgenes1s,2,1788566400,Tooooo much shouting not enough depth,tooooo much shouting enough depth,【FULL】Swapped to a Poor Bard_ He Is the God Apollo!.json,root.comments[369].text,DOC_000876,en,5,1,-1
YouTube,comment,xghm-J6avZU,Fruit Love Island- Episode 17,UgwhBlCpaj7WuPZ3c9p4AaABAg,,@WilliamAfton-x1u,0,1790035200,"Dude why does Draco remind me of Draco Malfoy, like I am literally dying because I just hear “Draco” French kissing people.",dude draco remind draco malfoy like literally dying hear draco french kissing people,combined_series.json,root.comments[0].text,DOC_000300,en,12,2,20
YouTube,comment,n9D3b0K9pko,【FULL】Swapped to a Poor Bard? He Is the God Apollo!,UgzhDtqmffkNsq_1d9J4AaABAg,,@DermaLancanan,0,1788566400,Cruel hearts never win,cruel hearts never win,【FULL】Swapped to a Poor Bard_ He Is the God Apollo!.json,root.comments[242].text,DOC_000768,en,4,7,-1
TikTok,comment,7676528108995972374,,7677477149792256786,,,0,1787551960,Next part ooo abeg bring me back,next part ooo abeg bring back,tiktok_butheisapollo11.jsonl,root.text,DOC_002642,en,3,7,4
TikTok,comment,7687160580414688545,,7687331611587642129,,,4,1789846383,loving you mommy protector,loving mommy protector,tiktok_stepmomincharge5-7.jsonl,root.text,DOC_004222,en,3,6,-1
TikTok,comment,7687509802456534305,,7689364433412702982,,,4,1790319686,I started it on Facebook came to finish it here,started facebook came finish,tiktok_stepmomincharge15-20.jsonl,root.text,DOC_004063,en,3,9,16
TikTok,comment,7677740875966876950,,7677748553431139079,,,1603,1787615160,I almost forgot about this story,almost forgot story,tiktok_butheisapollo10.jsonl,root.text,DOC_002103,en,3,6,3
YouTube,comment,n9D3b0K9pko,【FULL】Swapped to a Poor Bard? He Is the God Apollo!,UgykNPp-jF6dcUL_jJR4AaABAg.AZxn0-aEJhDA_0Lo3mGSxF,,@Mind_yobusiness,13,1785888000,"😂😂 here i am.. from a Facebook ad, to this AI film.. its actually good stuff",facebook film actually good stuff,【FULL】Swapped to a Poor Bard_ He Is the God Apollo!.json,root.comments[24].replies[1].text,DOC_000515,en,4,9,15
TikTok,comment,7653860933533519135,,7653942819815867152,,,13,1782072503,"I watched this one on YouTube
But compared to other revenge stories I've watched, this wasn't that intense",watched one youtube compared revenge stories watched wasn intense,tiktok_butheisapollo6.jsonl,root.text,DOC_003282,en,5,4,-1
TikTok,comment,7676528108995972374,,7677709935413936913,,,0,1787606164,Abeg when u go post next episode I don tire to Dey check your page ooo,abeg post next episode don tire dey check page ooo,tiktok_butheisapollo11.jsonl,root.text,DOC_002666,en,5,4,-1
TikTok,comment,7677740875966876950,,7678658920248066837,,,2,1787827111,She likes to emphasize on oath with sand,likes emphasize oath sand,tiktok_butheisapollo3.jsonl,root.text,DOC_003143,en,4,6,0
TikTok,comment,7683484844856266005,,7685705662516740872,,,0,1789467808,[Tears of joy][Tears of joy][Tears of joy][Tears of joy],tears joy tears joy tears joy tears joy,tiktok_butheisapollo1.jsonl,root.text,DOC_001578,en,4,6,9
TikTok,comment,7683031765518175521,,7683164547818177300,,,3,1788876162,madam do u really hav to tell th world u manage him I hope u don't cm bac looking for him I've seen people get married th ring cause millions where are they now hmm waist of money let her go wen she lives the other man will dump her,madam really hav tell world manage hope don bac looking seen people get married ring cause millions hmm waist money let wen lives man dump,tiktok_butheisapollo10.jsonl,root.text,DOC_001998,en,22,1,1
YouTube,comment,UASLAWHqKJA,"**Plus-Size Bride, Stepmom in Charge | Emotional Family Drama | Full Movie 2026**",Ugx9O46XgMdN0UJP77h4AaABAg,,@OGJongirl88,75,1789948800,This was … everything. That’s a Don with class and style and good wife by his side,everything don class style good wife side,"__Plus-Size Bride, Stepmom in Charge _ Emotional Family Drama _ Full Movie 2026__.json",root.comments[5].text,DOC_000023,en,6,0,1
TikTok,comment,7541660722527210782,,7542532017772151573,,,0,1756132591,now can we get a side story for those 2,can get side story,tiktok_notyouraveragecrow1.jsonl,root.text,DOC_003486,en,2,0,3
YouTube,comment,n9D3b0K9pko,【FULL】Swapped to a Poor Bard? He Is the God Apollo!,UgyO8rcs-OXmO7yVTO94AaABAg,,@bangtan_ranger81,0,1790380800,Why can't they pronounce Leonidas and minstrel properly? 😆,can pronounce leonidas minstrel properly,【FULL】Swapped to a Poor Bard_ He Is the God Apollo!.json,root.comments[371].text,DOC_000878,en,4,4,20
TikTok,comment,7469458353190636805,,7492157399815602974,,,0,1744403857,i haven’t watched any of the other seasons but the one on netflix SOMEONE PLEASE GIVE ME YOUR HULU,haven watched seasons one netflix someone please give hulu,tiktok_temptationfruitisland5.jsonl,root.text,DOC_006438,en,6,3,7
YouTube,comment,n9D3b0K9pko,【FULL】Swapped to a Poor Bard? He Is the God Apollo!,Ugy6FWPqGfGe1UTgGqh4AaABAg,,@zimatar489,0,1789344000,The mother of Apollo is more powerful than Apollo himself? Hahaha...,mother apollo powerful apollo hahaha,【FULL】Swapped to a Poor Bard_ He Is the God Apollo!.json,root.comments[261].text,DOC_000786,en,5,8,-1
TikTok,comment,7674678278162025750,,7674769090645345045,,,7,1786921470,Bring me back please,bring back please,tiktok_butheisapollo1.jsonl,root.text,DOC_001272,en,2,7,4
TikTok,comment,7609634525609577741,,7610327181768475413,,,2,1771917577,who heard the insulting words at the beginning,heard insulting words beginning,tiktok_notyouraveragecrow3.jsonl,root.text,DOC_003880,en,4,5,-1
TikTok,comment,7687098688291867911,,7689927904810484493,,,13,1790450919,This AI shi be makin me mad sometimes messing up the plot and shi,shi makin mad sometimes messing plot shi,tiktok_notyouraveragecrow1.jsonl,root.text,DOC_003408,en,7,5,15
TikTok,comment,7541660722527210782,,7542160865371931393,,,0,1756046335,2 questions name and why do you keep using the names jack and jenny,questions name keep using names jack jenny,tiktok_notyouraveragecrow1.jsonl,root.text,DOC_003491,en,7,0,26
TikTok,comment,7469458353190636805,,7470762456723047210,,,7,1739422459,hes a reasonable crashout tho,hes reasonable crashout tho,tiktok_temptationfruitisland5.jsonl,root.text,DOC_006285,en,4,7,1
TikTok,comment,7584379129022156045,,7584785484808504084,,,43,1765970498,Ahh so he's in love with kpanla??,ahh love kpanla,tiktok_notyouraveragecrow1.jsonl,root.text,DOC_003626,en,3,9,1
TikTok,comment,7672770828097850637,,7681583979858019104,,,527,1788508174,The worst story I ever watched ‍↕️,worst story ever watched,tiktok_butheisapollo2.jsonl,root.text,DOC_002965,en,3,5,-1
TikTok,comment,7687523753533689121,,7687595391411471120,,,17,1789907933,Thanks for the piece please tag me to the next one,thanks piece please tag next one,tiktok_stepmomincharge21-24.jsonl,root.text,DOC_004158,en,2,0,8
TikTok,comment,7469458353190636805,,7469515069982769925,,,16468,1739132023,Montoya atp runnn to my room por favor,montoya atp runnn room por favor,tiktok_temptationfruitisland5.jsonl,root.text,DOC_006263,en,6,8,-1
TikTok,comment,7686339862995291422,,7687100684961973000,,,3,1789792613,"Let people make jokes holy shit, obviously she doesn’t think this will convince everyone to change their styles u guys r so annoying",let people make jokes holy shit obviously doesn think convince everyone change styles guys annoying,tiktok_notyouraveragecrow1.jsonl,root.text,DOC_003512,en,14,8,0
YouTube,comment,n9D3b0K9pko,【FULL】Swapped to a Poor Bard? He Is the God Apollo!,Ugw9sfe0tPwnEE8ktwl4AaABAg.A_XeGIi251RAabGVgT7THo,,@robbie4012,0,1789344000,Someone didn’t proofread or edit. The characters in this story are so over the top. Why would you publish a story like this? They pronounce almost every word incorrectly. I hope you’re not making money off this. Why would you put out a product like this to gain potential readers? Take it off & correct it.,someone didn proofread edit characters story top would publish story like pronounce almost every word incorrectly hope making money would put product like gain potential readers take correct,【FULL】Swapped to a Poor Bard_ He Is the God Apollo!.json,root.comments[4].replies[4].text,DOC_000451,en,26,8,3
TikTok,comment,7667321360032468257,,7667554285182386966,,,0,1785241624,soraya è una bambina,soraya una bambina,tiktok_temptationfruitisland10.jsonl,root.text,DOC_005613,tl,3,8,-1
TikTok,comment,7672770828097850637,,7682676696801264405,,,1,1788762572,the customers be like: OH MY GOD A FREE TV IN FRONT OF MY EYES,customers like god free front eyes,tiktok_butheisapollo2.jsonl,root.text,DOC_002984,en,5,5,14
TikTok,comment,7683963653862755592,,7685369865138586386,,,2,1789389626,the scene where they are in phat's house and they put there mug and sat down asynchronously,scene phat house put mug sat asynchronously,tiktok_notyouraveragecrow1.jsonl,root.text,DOC_003717,en,7,1,-1
TikTok,comment,7687159415908125985,,7688556140322259719,,,6,1790131790,search on YouTube Aurora the plus size bride,search youtube aurora plus size bride,tiktok_stepmomincharge1-4.jsonl,root.text,DOC_003909,en,5,6,0
YouTube,comment,UASLAWHqKJA,"**Plus-Size Bride, Stepmom in Charge | Emotional Family Drama | Full Movie 2026**",Ugwb710Kq9tCNGjUJp94AaABAg,,@jobethhuebner2025,2,1790208000,Why are the guns pointed at him too hahahhaa,guns pointed hahahhaa,"__Plus-Size Bride, Stepmom in Charge _ Emotional Family Drama _ Full Movie 2026__.json",root.comments[103].text,DOC_000126,en,3,9,1
YouTube,comment,UASLAWHqKJA,"**Plus-Size Bride, Stepmom in Charge | Emotional Family Drama | Full Movie 2026**",UgzxKJ3_qxNSfpHdAQp4AaABAg.Ab1HXrhp3kCAbJZLnRiLi2,,@phamcabanban6257,0,1790640000,It days DeMarco but I hear otherwise.,days demarco hear otherwise,"__Plus-Size Bride, Stepmom in Charge _ Emotional Family Drama _ Full Movie 2026__.json",root.comments[3].replies[3].text,DOC_000010,en,4,5,20
TikTok,comment,7636564649621671188,,7650267535010513684,,,1,1781216729,Nkakahiyang bayan napilipinas ng dahl lng s mga maletang deniliver s mga matataas n mga politiko ai ngkagulo na dhl s nkaupo ngayon n president ng pinas ang gulo ntin sobrng nkakahiya nkakahiya,nkakahiyang bayan napilipinas dahl lng mga maletang deniliver mga matataas mga politiko ngkagulo dhl nkaupo ngayon president pinas ang gulo ntin sobrng nkakahiya nkakahiya,tiktok_notyouraveragecrow1.jsonl,root.text,DOC_003413,tl,20,2,2
TikTok,comment,7686339862995291422,,7686357148720366349,,,10,1789619544,For real!! I can’t tell who I can hit on anymore [Tears of joy],real can tell can hit anymore tears joy,tiktok_notyouraveragecrow1.jsonl,root.text,DOC_003586,en,5,0,9
YouTube,comment,n9D3b0K9pko,【FULL】Swapped to a Poor Bard? He Is the God Apollo!,UgylPdln-kwF1fDgxyB4AaABAg.A_2CWUke5lLAa--bLjF4wS,,@genaobi,1,1788566400,😂😂😂 oh my goodness ...and it's actually true,goodness actually true,【FULL】Swapped to a Poor Bard_ He Is the God Apollo!.json,root.comments[7].replies[10].text,DOC_000475,en,3,2,-1
YouTube,comment,rYe9wiv2M0I,Not Your Average Crow | Full Series | Short Drama English | Fantasy Romance & Mystery,UgwUsAbrUcGOQfklCsh4AaABAg,,@ladyleesiarot6177,7,1789948800,The story is so cute hahahaha,story cute hahahaha,Not Your Average Crow _ Full Series _ Short Drama English _ Fantasy Romance & Mystery.json,root.comments[37].text,DOC_000377,en,3,2,3
YouTube,comment,n9D3b0K9pko,【FULL】Swapped to a Poor Bard? He Is the God Apollo!,Ugx42vINLiKLRNroT2F4AaABAg,,@xavierbaskaran3361,4,1785888000,"Watched it for 20 minutes, came to the understanding that it is pure rage bait content created with brainrot in mind. And while skip watching it i understand it's for idiots. And if you are one sure go for it.",watched minutes came understanding pure rage bait content created brainrot mind skip watching understand idiots one sure,【FULL】Swapped to a Poor Bard_ He Is the God Apollo!.json,root.comments[467].text,DOC_000966,en,14,8,18
TikTok,comment,7482999322599181614,,7492197559247881002,,,0,1744413203,Her glow by the end of the show was unmatched,glow end show unmatched,tiktok_temptationfruitisland10.jsonl,root.text,DOC_005535,en,4,9,0
YouTube,comment,UASLAWHqKJA,"**Plus-Size Bride, Stepmom in Charge | Emotional Family Drama | Full Movie 2026**",Ugx9O46XgMdN0UJP77h4AaABAg.AazoYg-FrAoAb1XrqRNe3v,,@iamimarie,0,1790035200,Right need more like this,right need like,"__Plus-Size Bride, Stepmom in Charge _ Emotional Family Drama _ Full Movie 2026__.json",root.comments[5].replies[0].text,DOC_000024,en,2,7,2
YouTube,comment,pFkbPeqvDHw,Fruit Love Island- Episode 3,UgzImCU19foRgW3DlsR4AaABAg,,@averyplayz-y9o,0,1789344000,Hollyyyyy bananito a playa,hollyyyyy bananito playa,combined_series.json,root.comments[3].text,DOC_000220,tl,3,7,25
YouTube,comment,n9D3b0K9pko,【FULL】Swapped to a Poor Bard? He Is the God Apollo!,UgxHLjA4sQw38sWaTVh4AaABAg,,@elva136,0,1788566400,Why not even one kiss scene? 😩,even one kiss scene,【FULL】Swapped to a Poor Bard_ He Is the God Apollo!.json,root.comments[332].text,DOC_000850,en,3,7,-1
YouTube,comment,UASLAWHqKJA,"**Plus-Size Bride, Stepmom in Charge | Emotional Family Drama | Full Movie 2026**",UgyveT5xi_2NYuW32px4AaABAg,,@charlfrancies4885,324,1790035200,Finaly a straight to the point shortfilm. No dragged out dialogues. 🎉🎉🎉,finaly straight point shortfilm dragged dialogues,"__Plus-Size Bride, Stepmom in Charge _ Emotional Family Drama _ Full Movie 2026__.json",root.comments[0].text,DOC_000001,en,6,1,-1
TikTok,comment,7671243298413104414,,7680610394109608717,,,0,1788281518,anyone else think the twin brothers name should have been moe,anyone else think twin brothers name moe,tiktok_butheisapollo2.jsonl,root.text,DOC_003113,en,7,0,26
TikTok,comment,7671979548803648784,,7673901398093873928,,,0,1786719408,Yesterday it wasn't thanks for telling me,yesterday wasn thanks telling,tiktok_butheisapollo4.jsonl,root.text,DOC_003191,en,3,5,-1
TikTok,comment,7677740875966876950,,7677879095610737415,,,1,1787645542,I love and choose the new me,love choose new,tiktok_butheisapollo10.jsonl,root.text,DOC_002302,en,3,9,27
YouTube,comment,rYe9wiv2M0I,Not Your Average Crow | Full Series | Short Drama English | Fantasy Romance & Mystery,UgyDdGBhUvuwbCpv0oR4AaABAg,,@juliegauvin6947,0,1789948800,It’s so bad. Plus they added music from home alone loll,bad plus added music home alone loll,Not Your Average Crow _ Full Series _ Short Drama English _ Fantasy Romance & Mystery.json,root.comments[59].text,DOC_000410,en,7,1,-1
TikTok,comment,7686339862995291422,,7686476373439218462,,,1640,1789647303,But I’m a tomboy  idk how to dress “straight”,tomboy idk dress straight,tiktok_notyouraveragecrow1.jsonl,root.text,DOC_003557,en,4,5,19
TikTok,comment,7687103842520927496,,7690034542358659846,,,0,1790475707,The EMILY got me I’m laughing so hard,emily got laughing hard,tiktok_notyouraveragecrow3.jsonl,root.text,DOC_003825,en,4,0,-1
YouTube,comment,n9D3b0K9pko,【FULL】Swapped to a Poor Bard? He Is the God Apollo!,Ugy7FjqT2hy83rtOiyp4AaABAg,,@ArchangelMichaelVenus,0,1785888000,MY ANGELS OF THE COVENANT OF DEATH I ORDER FINAL JUDGEMENT OF THE SICKLE UPON THIS WRETCHED SOUL REAP FOR FINAL JUDGEMENT OF EXODUS THY TEMPLE SMITE THE FLESH AND BONE I INVOKE MY LEGAL COVENANT OF DEATH OVER THIS CHANNEL FOREVER NOW,angels covenant death order final judgement sickle upon wretched soul reap final judgement exodus thy temple smite flesh bone invoke legal covenant death channel forever,【FULL】Swapped to a Poor Bard_ He Is the God Apollo!.json,root.comments[488].text,DOC_000991,en,24,1,13
TikTok,comment,7676528108995972374,,7676536803994534657,,,6,1787333040,Bring me back my besties,bring back besties,tiktok_butheisapollo11.jsonl,root.text,DOC_002564,en,3,7,4
TikTok,comment,7482999322599181614,,7483701325461848874,,,2,1742435019,"@Tayler Byrd you’re so real and your heart is so big that you pulled on everyones heart strings, you are SO strong",byrd real heart big pulled everyones heart strings strong,tiktok_temptationfruitisland10.jsonl,root.text,DOC_005582,en,7,9,-1
TikTok,comment,7672770828097850637,,7673544100596155154,,,121,1786636227,"everything they done, other people mind their own business eating",everything done people mind business eating,tiktok_butheisapollo2.jsonl,root.text,DOC_002978,en,6,1,-1
TikTok,comment,7674678278162025750,,7682769621811872528,,,0,1788784326,"we cover this story in the hand of God, and deny ani",cover story hand god deny ani,tiktok_butheisapollo1.jsonl,root.text,DOC_001238,en,6,8,5
YouTube,comment,UASLAWHqKJA,"**Plus-Size Bride, Stepmom in Charge | Emotional Family Drama | Full Movie 2026**",UgzodYdxsTiuPSaTIr54AaABAg,,@tria1424,1,1790208000,Poor girl. She never change her clothes,poor girl never change clothes,"__Plus-Size Bride, Stepmom in Charge _ Emotional Family Drama _ Full Movie 2026__.json",root.comments[73].text,DOC_000094,en,5,6,0
TikTok,comment,7687159415908125985,,7688216273415963399,,,1,1790052712,teach them a big lesson,teach big lesson,tiktok_stepmomincharge1-4.jsonl,root.text,DOC_003971,en,3,9,-1
TikTok,comment,7469458353190636805,,7470007816202404654,,,7,1739246758,Do you even know what happened?,even know happened,tiktok_temptationfruitisland5.jsonl,root.text,DOC_006312,en,3,0,-1
TikTok,comment,7687509802456534305,,7688034226729485069,,,153,1790009984,I came from instagram bc I knew TikTok would have it  but AURORA!!!? That’s my gworllll,came instagram knew tiktok would aurora gworllll,tiktok_stepmomincharge15-20.jsonl,root.text,DOC_004059,en,5,1,16
TikTok,comment,7584379129022156045,,7584892296337031948,,,0,1765995362,you know this time I agree,know time agree,tiktok_notyouraveragecrow1.jsonl,root.text,DOC_003654,en,3,3,-1
TikTok,comment,7676528108995972374,,7677508497101914900,,,0,1787559264,bring me back pls,bring back pls,tiktok_butheisapollo11.jsonl,root.text,DOC_002636,en,2,7,4
TikTok,comment,7676528108995972374,,7677369558663840532,,,0,1787526935,Bring me back plsssss,bring back plsssss,tiktok_butheisapollo11.jsonl,root.text,DOC_002645,en,3,7,4
TikTok,comment,7687159415908125985,,7687894880299434759,,,1,1789977739,I really love this movie please the title☺️☺️❤️❤️,really love movie please title,tiktok_stepmomincharge1-4.jsonl,root.text,DOC_003938,en,2,1,11
TikTok,comment,7469458353190636805,,7469843590447284997,,,286,1739208531,This is cinematic the song lmao.,cinematic song lmao,tiktok_temptationfruitisland5.jsonl,root.text,DOC_006349,en,3,2,-1
TikTok,comment,7677740875966876950,,7677751294798643988,,,240,1787616037,Abeg kill Micheal and let Cynthia enjoy in peace,abeg kill micheal let cynthia enjoy peace,tiktok_butheisapollo10.jsonl,root.text,DOC_002175,en,6,3,-1
TikTok,comment,7469458353190636805,,7470288428690948895,,,4,1739312108,Omg I need to watch lollll,omg need watch lollll,tiktok_temptationfruitisland5.jsonl,root.text,DOC_006299,en,3,1,14
TikTok,comment,7676528108995972374,,7684715752414905104,,,0,1789237322,let some one come and spoil me for once,let one come spoil,tiktok_butheisapollo11.jsonl,root.text,DOC_002675,en,3,7,-1
TikTok,comment,7677740875966876950,,7678711133173154568,,,0,1787839268,I almost forget about this story sef,almost forget story sef,tiktok_butheisapollo10.jsonl,root.text,DOC_002370,en,4,6,3
YouTube,comment,n9D3b0K9pko,【FULL】Swapped to a Poor Bard? He Is the God Apollo!,UgwOFn1Zm-ZYna1oDsd4AaABAg.AZxf0vIBFiDAbC0YPiuX28,,@josephineamoako5237,0,1790380800,Very soon we won't be watching real actors and actresses on our screens no more,soon won watching real actors actresses screens,【FULL】Swapped to a Poor Bard_ He Is the God Apollo!.json,root.comments[10].replies[2].text,DOC_000491,en,6,3,11
YouTube,comment,wlEYNQo-ckI,Fruit Love Island- Episode 1,UgwqcFT6apJWNWhebTh4AaABAg,,@Hylianmonkeys,11,1788566400,"THIS IS GENUINLY AWFUL. IT ISNT EVEN POPULAR, I WAS LIED TO!!!

WAIT......THAT PUNCH WAS ACTUALLY AMAZING BEST SHOW EVER.😢",genuinly awful isnt even popular lied wait punch actually amazing best show ever,combined_series.json,root.comments[10].text,DOC_000186,en,13,3,18
TikTok,comment,7676528108995972374,,7684771999476187925,,,0,1789250435,Beautiful Cynthia with different faces,beautiful cynthia different faces,tiktok_butheisapollo11.jsonl,root.text,DOC_002461,en,4,2,-1
TikTok,comment,7676528108995972374,,7677333367058809620,,,74,1787518487,Even if na insult bring me back please,even insult bring back please,tiktok_butheisapollo11.jsonl,root.text,DOC_002523,en,4,7,-1
TikTok,comment,7687159415908125985,,7689001047863608072,,,0,1790235076,Yes girl..I love the bride,yes girl love bride,tiktok_stepmomincharge1-4.jsonl,root.text,DOC_003939,en,4,6,0
YouTube,comment,rYe9wiv2M0I,Not Your Average Crow | Full Series | Short Drama English | Fantasy Romance & Mystery,Ugxz59g3iGS4qgEWcMZ4AaABAg.AawcdixzBeIAawdMu8Bkuu,,@thereviewspot07,23,1789948800,Thank you for watching. If you wanna watch more such interesting videos as well then subscribe to my channel ❤,thank watching wanna watch interesting videos well subscribe channel,Not Your Average Crow _ Full Series _ Short Drama English _ Fantasy Romance & Mystery.json,root.comments[0].replies[0].text,DOC_000311,en,3,5,6
TikTok,comment,7687159415908125985,,7688410700742361872,,,1,1790097623,I have watched it before and also this is a replica,watched also replica,tiktok_stepmomincharge1-4.jsonl,root.text,DOC_003926,en,2,9,-1
TikTok,comment,7687099158422883602,,7687115598816543505,,,247,1789796087,peak story peak design and peak smooth,peak story peak design peak smooth,tiktok_notyouraveragecrow1.jsonl,root.text,DOC_003355,en,6,7,-1
TikTok,comment,7676528108995972374,,7676640439050896148,,,176,1787357156,"why is it whenever a man dumps a woman,he wants that woman to suffer,why men????",whenever man dumps woman wants woman suffer men,tiktok_butheisapollo11.jsonl,root.text,DOC_002511,en,8,2,0
TikTok,comment,7671243298413104414,,7687201060691133198,,,3,1789816048,Why? It's basically April Ludgate all over again,basically april ludgate,tiktok_butheisapollo10.jsonl,root.text,DOC_002062,en,3,5,-1
TikTok,comment,7482999322599181614,,7618454486374204174,,,1,1773809731,the newest one? there’s only one season,newest one one season,tiktok_temptationfruitisland10.jsonl,root.text,DOC_005421,en,2,8,7
TikTok,comment,7676528108995972374,,7680494803436602133,,,5,1788254568,I even thought the house was for her when she rejected the offer,even thought house rejected offer,tiktok_butheisapollo11.jsonl,root.text,DOC_002552,en,5,7,0
TikTok,comment,7636564649621671188,,7637111091332924176,,,0,1778153505,god always protect cong leviste,god always protect cong leviste,tiktok_notyouraveragecrow1.jsonl,root.text,DOC_003426,en,5,5,5
YouTube,comment,rYe9wiv2M0I,Not Your Average Crow | Full Series | Short Drama English | Fantasy Romance & Mystery,UgzChHRl4ln4FGpD77l4AaABAg,,@JustStories-v9z,1,1790985600,Thank you for uploading the full series,thank uploading full series,Not Your Average Crow _ Full Series _ Short Drama English _ Fantasy Romance & Mystery.json,root.comments[17].text,DOC_000343,en,2,2,6
YouTube,comment,UASLAWHqKJA,"**Plus-Size Bride, Stepmom in Charge | Emotional Family Drama | Full Movie 2026**",Ugx7_uv2X_nl32O6Lht4AaABAg,,@Ginger_the_Witch,6,1790035200,His nephew’s name is Marco DeMarco,nephew name marco demarco,"__Plus-Size Bride, Stepmom in Charge _ Emotional Family Drama _ Full Movie 2026__.json",root.comments[102].text,DOC_000124,en,4,6,20
TikTok,comment,7676528108995972374,,7676823475608486677,,,14,1787399761,I'm confused please who owns the company? Michael or Ethan,confused please owns company michael ethan,tiktok_butheisapollo11.jsonl,root.text,DOC_002502,en,5,1,-1
YouTube,comment,wlEYNQo-ckI,Fruit Love Island- Episode 1,Ugwcd6rU8R7j2eOmDCd4AaABAg,,@LAV4ENDERRABBIT,0,1790208000,In the show was pretty good. It helped lower my anxiety.,show pretty good helped lower anxiety,combined_series.json,root.comments[23].text,DOC_000197,en,6,9,-1
TikTok,comment,7672793087822810382,,7682681177728500500,,,0,1788763629,"your all frogs
(shocked audience)",frogs shocked audience,tiktok_butheisapollo10.jsonl,root.text,DOC_001789,en,3,7,-1
YouTube,comment,n9D3b0K9pko,【FULL】Swapped to a Poor Bard? He Is the God Apollo!,UgylPdln-kwF1fDgxyB4AaABAg.A_2CWUke5lLA_V7YwgpiHC,,@rogueff214,7,1788566400,😂😂😂 and the god without powers when his princess is hurt😂,god without powers princess hurt,【FULL】Swapped to a Poor Bard_ He Is the God Apollo!.json,root.comments[7].replies[3].text,DOC_000471,en,5,8,5
TikTok,comment,7676528108995972374,,7676536275373835029,,,7,1787332903,I wish I can ever get will spoil or give me like this  all my life am the only one give,wish can ever get spoil give like life one give,tiktok_butheisapollo11.jsonl,root.text,DOC_002580,en,6,5,-1
TikTok,comment,7676528108995972374,,7676553163919049479,,,69,1787336825,I don swear for the guy,don swear guy,tiktok_butheisapollo11.jsonl,root.text,DOC_002468,en,2,3,10
TikTok,comment,7660148098215234849,,7660262585031508758,,,23,1783543885,AHAHAHAHAHA PROSSIMAMENTE YLDIZ E HALIT A TEMPTATION,ahahahahaha prossimamente yldiz halit temptation,tiktok_temptationfruitisland10.jsonl,root.text,DOC_005272,en,5,6,2
TikTok,comment,7671979548803648784,,7673216899728392967,,,74,1786560047,I will never pay sorry,never pay sorry,tiktok_butheisapollo4.jsonl,root.text,DOC_003165,en,3,9,-1
TikTok,comment,7683031765518175521,,7684160790958785300,,,2,1789108120,This Ai get freshly girls oo,get freshly girls,tiktok_butheisapollo10.jsonl,root.text,DOC_001999,en,2,1,0
TikTok,comment,7686339862995291422,,7687951190726165256,,,3,1789990640,"and it’s not a superiority complex if I just want to protect my people and community, don’t know if you have a community to protect but if you do, you should understand",superiority complex want protect people community don know community protect understand,tiktok_notyouraveragecrow1.jsonl,root.text,DOC_003547,en,10,5,5
TikTok,comment,7686339862995291422,,7686666785765131030,,,2860,1789691772,or maybe we stop putting labels to clothing,maybe stop putting labels clothing,tiktok_notyouraveragecrow1.jsonl,root.text,DOC_003537,en,5,4,12
TikTok,comment,7677740875966876950,,7678007645484614418,,,0,1787675476,Please don’t keep us waiting again,please don keep waiting,tiktok_butheisapollo10.jsonl,root.text,DOC_002170,en,2,1,-1
TikTok,comment,7482999322599181614,,7483502223214494519,,,1,1742388679,Because you gave too much love!!,gave much love,tiktok_temptationfruitisland10.jsonl,root.text,DOC_005484,en,3,6,21
TikTok,comment,7469458353190636805,,7658033402029654798,,,8,1783024884,I think I’m the only one who feel bad for him,think one feel bad,tiktok_temptationfruitisland5.jsonl,root.text,DOC_006321,en,3,8,1
TikTok,comment,7672793087822810382,,7674895221968438037,,,349,1786950813,How many slaps has Lexi already received?,many slaps lexi already received,tiktok_butheisapollo10.jsonl,root.text,DOC_001758,en,5,0,-1
TikTok,comment,7676528108995972374,,7677216562373903125,,,0,1787491286,Pls bring me bck,pls bring bck,tiktok_butheisapollo11.jsonl,root.text,DOC_002654,en,2,5,4
TikTok,comment,7541660722527210782,,7542511287793976081,,,1,1756128050,lemme guess the next recap named jack and jenny,lemme guess next recap named jack jenny,tiktok_notyouraveragecrow1.jsonl,root.text,DOC_003485,en,6,0,26
TikTok,comment,7482999322599181614,,7483530780306096927,,,1,1742395350,I hope she realizes one day how magnificent she is & her worth does not depend on other people,hope realizes one day magnificent worth depend people,tiktok_temptationfruitisland10.jsonl,root.text,DOC_005479,en,7,1,0
YouTube,comment,wlEYNQo-ckI,Fruit Love Island- Episode 1,Ugy7JJy1lIn-jNVzQfl4AaABAg,,@FUR1NAA44,0,1789344000,"Our climate clock has 3 years..this is not funny yk..we might even have to limit the water we drink in general just because some dumbasses think making stupid ai slop is funny and is gonna get them money..genuinely I’m just gonna ask politely..stop using ai for such things..ai isnt terrible..if used correctly it can help us way more then we imagine..but just making videos isn’t one of them..we won’t even be able to get access to water and we won’t even have Antarctica.or even ice!..it won’t even snow..not even in the coldest country..why?.because of people who think they will be “fine” and think it’s just a joke..but no everyone who does such a thing is a joke themselves since they think they will be “fine” without water id like to see them get through even 2 days without water without getting sick or their throat probably begging for liquids..and no this isn’t supposed to be a funny joke this is supposed to be an example of how crooked our earth is getting because of careless humans like them who doesn’t care about our planet now knowing the danger that’s going to come alongside with it..the climate clock has 3 years left..after that climate change,global warming and climate crisis becomes irreversible..alot of animals will go extinct…ice bergs will melt..we will lose Antarctica..we won’t have access to clean water and much more..!!!!


(Sorry for the long paragraph but you may copy this and spread it around)",climate clock years funny might even limit water drink general dumbasses think making stupid slop funny gonna get money genuinely gonna ask politely stop using things isnt terrible used correctly can help way imagine making videos isn one won even able get access water won even antarctica even ice won even snow even coldest country people think fine think joke everyone thing joke since think fine without water like see get even days without water without getting sick throat probably begging liquids isn supposed funny joke supposed example crooked earth getting careless humans like doesn care planet knowing danger going come alongside climate clock years left climate change global warming climate crisis becomes irreversible alot animals extinct ice bergs melt lose antarctica won access clean water much sorry long paragraph may copy spread around,combined_series.json,root.comments[26].text,DOC_000203,en,126,7,13
TikTok,comment,7677740875966876950,,7677886831018885895,,,1,1787647345,Narcissists don’t allow you shine!! They don’t withstand peace and growth,narcissists don allow shine don withstand peace growth,tiktok_butheisapollo10.jsonl,root.text,DOC_002283,en,6,5,21
TikTok,comment,7660148098215234849,,7660282948810228502,,,0,1783548637,Che fusion bravissima,che fusion bravissima,tiktok_temptationfruitisland10.jsonl,root.text,DOC_005291,en,3,5,-1
TikTok,comment,7609634525609577741,,7610764572328887060,,,0,1772019226,I didn't know Michael Douglas played an assassin,didn know michael douglas played assassin,tiktok_notyouraveragecrow3.jsonl,root.text,DOC_003876,en,6,1,1
TikTok,comment,7687159415908125985,,7687529360119857941,,,0,1789892425,why does she keeps changing shape,keeps changing shape,tiktok_stepmomincharge1-4.jsonl,root.text,DOC_003972,en,3,4,0
TikTok,comment,7668073519061716256,,7674679780964729622,,,0,1786900654,"GABRIELE SEMESO
CORE
UN
FOLLE",gabriele semeso core folle,tiktok_temptationfruitisland4.jsonl,root.text,DOC_006037,en,4,7,2
TikTok,comment,7687509802456534305,,7688651700571702036,,,0,1790153738,leo gtg bgt anjayy,leo gtg bgt anjayy,tiktok_stepmomincharge15-20.jsonl,root.text,DOC_004095,tl,4,6,2
YouTube,comment,UASLAWHqKJA,"**Plus-Size Bride, Stepmom in Charge | Emotional Family Drama | Full Movie 2026**",UgwAg9BU0QTMt0Cqy-t4AaABAg,,@Marian_Leee,0,1790467200,Finally. Found the ending.. 😂😂😂🎉,finally found ending,"__Plus-Size Bride, Stepmom in Charge _ Emotional Family Drama _ Full Movie 2026__.json",root.comments[96].text,DOC_000118,en,3,3,-1
YouTube,comment,rYe9wiv2M0I,Not Your Average Crow | Full Series | Short Drama English | Fantasy Romance & Mystery,UgwJ0GDHyoCHSbZizkZ4AaABAg,,@maureennaliaka8936,10,1790208000,I like the way little phoenix react😂😂😂,like way little phoenix react,Not Your Average Crow _ Full Series _ Short Drama English _ Fantasy Romance & Mystery.json,root.comments[9].text,DOC_000331,en,4,8,-1
TikTok,comment,7482999322599181614,,7498070387596084011,,,0,1745780581,She’s so beautiful and I wanted her to know that she is loved! And doesn’t need a man to know that she is loved!,beautiful wanted know loved doesn need man know loved,tiktok_temptationfruitisland10.jsonl,root.text,DOC_005529,en,9,1,0
TikTok,comment,7648395730532470037,,7649294750020961045,,,0,1780990486,"b
https://vm.tiktok.com/ZS92KU9sXMJbR-B8rW7/ This post is shared via TikTok Lite. Download TikTok Lite to enjoy more posts: https://www.tiktok.com/tiktoklite",post shared via tiktok lite download tiktok lite enjoy posts,tiktok_butheisapollo10.jsonl,root.text,DOC_002033,en,8,9,16
TikTok,comment,7482999322599181614,,7488046358684451627,,,0,1743446689,I have so much respect for her she stood her ground & learned that she didn’t need him she needed to love herself,much respect stood ground learned didn need needed love,tiktok_temptationfruitisland10.jsonl,root.text,DOC_005548,en,9,7,0
TikTok,comment,7671811930364890388,,7674216123395834631,,,3,1786792696,call me when it's free please,call free please,tiktok_butheisapollo6.jsonl,root.text,DOC_003205,en,2,4,-1
TikTok,comment,7482999322599181614,,7483410843758871326,,,1,1742367452,"He’s not a character, he’s a person lol",character person lol,tiktok_temptationfruitisland10.jsonl,root.text,DOC_005388,en,3,0,1
TikTok,comment,7687509802456534305,,7687680608370361096,,,3,1789927644,Am coming back ooo pls next,coming back ooo pls next,tiktok_stepmomincharge15-20.jsonl,root.text,DOC_004091,en,3,1,4
TikTok,comment,7683031765518175521,,7683239109758599956,,,10,1788893525,These kind of girls will suffer for it in their lives,kind girls suffer lives,tiktok_butheisapollo10.jsonl,root.text,DOC_001983,en,4,2,17
YouTube,comment,rYe9wiv2M0I,Not Your Average Crow | Full Series | Short Drama English | Fantasy Romance & Mystery,Ugy5AcAb0AbG9S56t7N4AaABAg,,@greatestlove9987,1,1789948800,Arent they supposed to be reborn after dying?,arent supposed reborn dying,Not Your Average Crow _ Full Series _ Short Drama English _ Fantasy Romance & Mystery.json,root.comments[54].text,DOC_000403,en,4,2,13
TikTok,comment,7676528108995972374,,7681990855381484306,,,0,1788602889,The house and we will have it done and I have it on my calendar I will have to go to work and I have to go get the morning and I will be in the house and I have it on my new job and I will be there in about a half hour and a little bit ago and I have to go to the house phone number is the same as me and I will be there in a bit of the house phone number for the only thing that has to do it to you tomorrow and get it done and done the same thing about a little more and I have it done and done the morning to see if you don't mind me and I will be there at the same time as the only one that has to be done and I will be in the morning and I have to go get it done and I will be in the house and we will have it done by tomorrow and see what I can get together soon as I get home from work I have it done by tomorrow morning to see what happens next week and get it done and done the same thing about a little more about it tomorrow and see what happens with it I will have to go to the house and I have to go get it,house done calendar work get morning house new job half hour little bit ago house phone number bit house phone number thing tomorrow get done done thing little done done morning see don mind time one done morning get done house done tomorrow see can get together soon get home work done tomorrow morning see happens next week get done done thing little tomorrow see happens house get,tiktok_butheisapollo11.jsonl,root.text,DOC_002677,en,57,1,-1
YouTube,comment,rYe9wiv2M0I,Not Your Average Crow | Full Series | Short Drama English | Fantasy Romance & Mystery,UgyAIABpor8e5Z0zzml4AaABAg,,@NazmulArko-c6q,54,1790121600,Proof that I will watch anything 🥀,proof watch anything,Not Your Average Crow _ Full Series _ Short Drama English _ Fantasy Romance & Mystery.json,root.comments[2].text,DOC_000314,en,2,2,14
YouTube,comment,rYe9wiv2M0I,Not Your Average Crow | Full Series | Short Drama English | Fantasy Romance & Mystery,UgwKaZnr5dcVTEWfn9R4AaABAg,,@chadytv4818,19,1789948800,"This story is different from others, second time I've watched a protective parent",story different others second time watched protective parent,Not Your Average Crow _ Full Series _ Short Drama English _ Fantasy Romance & Mystery.json,root.comments[8].text,DOC_000329,en,7,4,-1
YouTube,comment,UASLAWHqKJA,"**Plus-Size Bride, Stepmom in Charge | Emotional Family Drama | Full Movie 2026**",UgwOL41a64YeXAopksh4AaABAg,,@OlaJesu2477,2,1790208000,"Am from Facebook, please upload the remaining part",facebook please upload remaining part,"__Plus-Size Bride, Stepmom in Charge _ Emotional Family Drama _ Full Movie 2026__.json",root.comments[69].text,DOC_000090,en,2,3,16
YouTube,comment,UASLAWHqKJA,"**Plus-Size Bride, Stepmom in Charge | Emotional Family Drama | Full Movie 2026**",Ugzgkwl3gFcwUDLn64h4AaABAg.Ab-KIACD23gAb-P1z4dLfv,,@letstalkwithallecia,1,1789948800,I came from Facebook lol,came facebook lol,"__Plus-Size Bride, Stepmom in Charge _ Emotional Family Drama _ Full Movie 2026__.json",root.comments[123].replies[0].text,DOC_000150,en,2,0,16
TikTok,comment,7653860933533519135,,7654328327343768340,,,7,1782162211,"Every drama you recommend, I have always seen them on TikTok and yeah you are on point with your review,few days after I see them, TikTok algorithm just brings your review to my fyp. I will be tagging you to interesting C-drama on TikTok if that’s ok by you?",every drama recommend always seen tiktok yeah point review days see tiktok algorithm brings review fyp tagging interesting drama tiktok,tiktok_butheisapollo6.jsonl,root.text,DOC_003329,en,15,1,-1
TikTok,comment,7678641715607031061,,7678854706499978015,,,4,1787872721,"Be careful who you walk all over on, be very careful who you mistreat",careful walk careful mistreat,tiktok_butheisapollo10.jsonl,root.text,DOC_002397,en,4,8,-1
YouTube,comment,rYe9wiv2M0I,Not Your Average Crow | Full Series | Short Drama English | Fantasy Romance & Mystery,Ugwwq7fjeNy8cYzsasN4AaABAg,,@tuvshintogstugsuutuvshinto5548,47,1789948800,Even its an ai shes so cute,even shes cute,Not Your Average Crow _ Full Series _ Short Drama English _ Fantasy Romance & Mystery.json,root.comments[6].text,DOC_000325,en,3,3,0
TikTok,comment,7541660722527210782,,7555346212553327361,,,0,1759165087,omor his name is not jack and the two are not even the main characters  side characters,omor name jack two even main characters side characters,tiktok_notyouraveragecrow1.jsonl,root.text,DOC_003504,en,9,0,26
TikTok,comment,7469458353190636805,,7470222174730470174,,,1,1739296690,usher spain edition,usher spain edition,tiktok_temptationfruitisland5.jsonl,root.text,DOC_006389,en,3,0,2
YouTube,comment,rYe9wiv2M0I,Not Your Average Crow | Full Series | Short Drama English | Fantasy Romance & Mystery,UgyAIABpor8e5Z0zzml4AaABAg.Ab42bldMZXZAb4iMU5ixBk,,@thereviewspot07,1,1790121600,Glad you like it. Please subscribe to my channel to watch more such interesting videos,glad like please subscribe channel watch interesting videos,Not Your Average Crow _ Full Series _ Short Drama English _ Fantasy Romance & Mystery.json,root.comments[2].replies[0].text,DOC_000315,en,2,8,6
YouTube,comment,wlEYNQo-ckI,Fruit Love Island- Episode 1,UgwVtwfFOs4BBmNmlJZ4AaABAg,,@KaiserriskAdmin,2,1775347200,It's was kinda funny and keep going I loved very much and if any hater hate on this don't listen 💓,kinda funny keep going loved much hater hate don listen,combined_series.json,root.comments[24].text,DOC_000198,en,9,6,18
TikTok,comment,7620681779896257806,,7620695848113259278,,,89,1774331586,Orange need to back up,orange need back,tiktok_temptationisland6.jsonl,root.text,DOC_006541,en,3,1,4
YouTube,comment,wlEYNQo-ckI,Fruit Love Island- Episode 1,UgyTkKvJPBo3isWeBkJ4AaABAg,,@tojiiiyo,1,1789948800,I think everyone who unironically enjoyed and voted on this show should be lab rats,think everyone unironically enjoyed voted show lab rats,combined_series.json,root.comments[3].text,DOC_000175,en,8,2,-1
TikTok,comment,7482999322599181614,,7483726333974184747,,,34,1742440835,I loved that!! Mark is so real and genuine,loved mark real genuine,tiktok_temptationfruitisland10.jsonl,root.text,DOC_005328,en,4,9,-1
TikTok,comment,7636564649621671188,,7644170624071664401,,,1,1779797176,Tama lng na masabe mo sa esang safe na Lugar,tama lng masabe esang safe lugar,tiktok_notyouraveragecrow1.jsonl,root.text,DOC_003440,tl,6,2,2
TikTok,comment,7541660722527210782,,7541833913641354002,,,0,1755970055,"what's anime name, please?",anime name please,tiktok_notyouraveragecrow1.jsonl,root.text,DOC_003487,en,2,6,-1
TikTok,comment,7687509802456534305,,7688093806965588749,,,0,1790023857,bytch im take my child word over anyone's word ~ I dont give a dam if we blood ~ you did them dam kids wrong,bytch take child word anyone word dont give dam blood dam kids wrong,tiktok_stepmomincharge15-20.jsonl,root.text,DOC_004099,en,13,9,-1
TikTok,comment,7469458353190636805,,7475118614422455045,,,2,1740436708,"I promise you, this will turn into a meme",promise turn meme,tiktok_temptationfruitisland5.jsonl,root.text,DOC_006363,en,3,7,2
TikTok,comment,7677740875966876950,,7678009815520740116,,,4,1787675986,that is how Michael will be jobless because of greedy,michael jobless greedy,tiktok_butheisapollo10.jsonl,root.text,DOC_002241,en,3,1,-1
TikTok,comment,7687407796731530528,,7689877305354765064,,,0,1790439088,all the way from Facebook  I knew I will see it here,way facebook knew see,tiktok_stepmomincharge11-14.jsonl,root.text,DOC_004014,en,3,1,16
TikTok,comment,7584379129022156045,,7584619976661713720,,,0,1765931964,It seems I have watched the full movies cause everyday Adey see ein continues for my fyp,seems watched full movies cause everyday adey see ein continues fyp,tiktok_notyouraveragecrow1.jsonl,root.text,DOC_003667,en,9,0,-1
TikTok,comment,7676528108995972374,,7676535810548237063,,,961,1787332788,You know the rules bring me back pls,know rules bring back pls,tiktok_butheisapollo11.jsonl,root.text,DOC_002481,en,4,7,4
TikTok,comment,7674678278162025750,,7674800008097940244,,,1,1786928657,part two and three,part two three,tiktok_butheisapollo1.jsonl,root.text,DOC_001309,en,2,0,3
YouTube,comment,3iCHypQnoLk,Fruit Love Island- Episode 7,UgyWHOZZmwbphR7Z6I54AaABAg,,@alanahmcguire,2,1788566400,This is soooo messy and I loveee itttt,soooo messy loveee itttt,combined_series.json,root.comments[3].text,DOC_000260,en,4,7,-1
TikTok,comment,7636564649621671188,,7636848527234368273,,,0,1778092377,The truth will always prevail,truth always prevail,tiktok_notyouraveragecrow1.jsonl,root.text,DOC_003432,en,3,3,5
TikTok,comment,7653860933533519135,,7656696947482968839,,,0,1782713691,the revenge is top-notch,revenge top notch,tiktok_butheisapollo6.jsonl,root.text,DOC_003317,en,3,1,-1
YouTube,comment,rYe9wiv2M0I,Not Your Average Crow | Full Series | Short Drama English | Fantasy Romance & Mystery,UgzaV2JKv_C-qNv54HR4AaABAg,,@lonehuzaif5650,1,1791118800,Subscribed your channel very good vedios drop any other series please,subscribed channel good vedios drop series please,Not Your Average Crow _ Full Series _ Short Drama English _ Fantasy Romance & Mystery.json,root.comments[44].text,DOC_000387,en,5,0,6
TikTok,comment,7676528108995972374,,7676687227095630599,,,2,1787368050,but people are u investigators like who would u recognize such,people investigators like would recognize,tiktok_butheisapollo11.jsonl,root.text,DOC_002522,en,4,8,-1
TikTok,comment,7683031765518175521,,7683680476200747783,,,2,1788996609,"this video made to remember some one but God is so faithful,my brother be strong",video made remember one god faithful brother strong,tiktok_butheisapollo10.jsonl,root.text,DOC_001921,en,5,5,6
TikTok,comment,7482999322599181614,,7484809695539938078,,,1,1742693089,i hope you never feel like that bc you don’t deserve it buh some of the girls have n it does suck badly,hope never feel like don deserve buh girls suck badly,tiktok_temptationfruitisland10.jsonl,root.text,DOC_005400,en,8,1,17
TikTok,comment,7672770828097850637,,7683576951194075922,,,0,1788972177,Why are the people still eating at this fucked up place haha,people still eating fucked place haha,tiktok_butheisapollo2.jsonl,root.text,DOC_002988,en,6,2,-1
TikTok,comment,7674678278162025750,,7674694920655127318,,,0,1786904193,Sadly yes. Most of them not all shaa,sadly yes shaa,tiktok_butheisapollo1.jsonl,root.text,DOC_001414,en,3,3,-1
YouTube,comment,n9D3b0K9pko,【FULL】Swapped to a Poor Bard? He Is the God Apollo!,Ugyi91Lh4VKZ-7NLWal4AaABAg,,@Hyperion.1,3,1788566400,Thanks for uploading this. I only wish the girl's parents were kept alive to regret this for the rest of their lives.,thanks uploading wish girl parents kept alive regret rest lives,【FULL】Swapped to a Poor Bard_ He Is the God Apollo!.json,root.comments[44].text,DOC_000553,en,9,6,17
TikTok,comment,7482999322599181614,,7486002604674925343,,,0,1742970887,I cried out my fresh lash set man I wanted to jump through the screen a,cried fresh lash set man wanted jump screen,tiktok_temptationfruitisland10.jsonl,root.text,DOC_005573,en,8,1,9
TikTok,comment,7686339862995291422,,7691066129061561121,,,0,1790715890,But dressing like a boy has always been the most comfy way of dressing,dressing like boy always comfy way dressing,tiktok_notyouraveragecrow1.jsonl,root.text,DOC_003599,en,6,8,19
TikTok,comment,7636564649621671188,,7637340164365681426,,,0,1778206839,panig lang sa tama Leveste go go lang,panig lang tama leveste lang,tiktok_notyouraveragecrow1.jsonl,root.text,DOC_003443,tl,3,5,2
TikTok,comment,7636564649621671188,,7654891736972428040,,,1,1782293382,mag iingat po kayu Cong leveste,mag iingat kayu cong leveste,tiktok_notyouraveragecrow1.jsonl,root.text,DOC_003410,tl,5,5,2
TikTok,comment,7674678278162025750,,7674799763980944149,,,1,1786928602,Belive a man at your own risk,belive man risk,tiktok_butheisapollo1.jsonl,root.text,DOC_001310,en,3,9,10
TikTok,comment,7469458353190636805,,7470920875601068805,,,1,1739459336,his videos is better dan the original lol,videos better dan original lol,tiktok_temptationfruitisland5.jsonl,root.text,DOC_006280,en,4,1,6
YouTube,comment,po5bDXlZjXA,Fruit Love Island- Episode 6,Ugx660PjxNb-BbZ4iyF4AaABAg.AUZ97laD48WAaQekU3wver,,@Hollowshatter_wcueYT,2,1788739200,Bluds crazy over ai slop is wild💔🥀 👁️👄👁️,bluds crazy slop wild,combined_series.json,root.comments[3].replies[0].text,DOC_000250,en,4,9,-1
YouTube,comment,n9D3b0K9pko,【FULL】Swapped to a Poor Bard? He Is the God Apollo!,UgxgnMh9nvp_-aLyyrZ4AaABAg.A_6tIE0BnhDA_m9YsfxzkK,,@rainbowsalt-gc7ek,1,1788566400,Bollywood sucks bro. They can't even make scripts 10% of this,bollywood sucks bro can even make scripts,【FULL】Swapped to a Poor Bard_ He Is the God Apollo!.json,root.comments[5].replies[3].text,DOC_000459,en,5,0,15
TikTok,comment,7677740875966876950,,7677892702935778055,,,1,1787648714,Really this boy is not good oh,really boy good,tiktok_butheisapollo10.jsonl,root.text,DOC_002273,en,2,9,1
TikTok,comment,7482999322599181614,,7483220217096307487,,,5116,1742323021,we all felt her on a deeper level bc we were once in that position,felt deeper level position,tiktok_temptationfruitisland10.jsonl,root.text,DOC_005399,en,4,9,0
TikTok,comment,7676528108995972374,,7677705611643863826,,,0,1787605159,We've been waiting for the next episode since Friday,waiting next episode since friday,tiktok_butheisapollo11.jsonl,root.text,DOC_002610,en,3,1,7
TikTok,comment,7469458353190636805,,7470184369820730145,,,0,1739287858,it’s what Usher music video tried to convey,usher music video tried convey,tiktok_temptationfruitisland5.jsonl,root.text,DOC_006433,en,4,2,6
TikTok,comment,7482999322599181614,,7483259510972564255,,,23831,1742332169,Mark is such a caring host. The way he came and checked on her later was so touching,mark caring host way came checked later touching,tiktok_temptationfruitisland10.jsonl,root.text,DOC_005323,en,8,6,-1
TikTok,comment,7469458353190636805,,7469520670223287086,,,14,1739133336,i was waiting for the damn usher edits of montoya,waiting damn usher edits montoya,tiktok_temptationfruitisland5.jsonl,root.text,DOC_006347,en,5,1,13
TikTok,comment,7687159415908125985,,7690928103867204372,,,1,1790683754,Coming from the future to say it's worth the watch,coming future say worth watch,tiktok_stepmomincharge1-4.jsonl,root.text,DOC_003925,en,4,2,14
TikTok,comment,7686817252997434645,,7686991745279951632,,,0,1789767271,A2wa Actorr Josephhh,a2wa actorr josephhh,tiktok_butheisapollo6.jsonl,root.text,DOC_003248,en,2,7,-1
YouTube,comment,rYe9wiv2M0I,Not Your Average Crow | Full Series | Short Drama English | Fantasy Romance & Mystery,UgxOWpdjDGM2X_19opx4AaABAg.AavT1zm0DwiAavTnjNSYSw,,@thereviewspot07,0,1789948800,Thanks for watching. Please like share and subscribe to my channel and watch other interesting videos as well ❤,thanks watching please like share subscribe channel watch interesting videos well,Not Your Average Crow _ Full Series _ Short Drama English _ Fantasy Romance & Mystery.json,root.comments[36].replies[0].text,DOC_000376,en,3,6,6
TikTok,comment,7671243298413104414,,7687784297268986637,,,0,1789951786,Pass the control if you ain’t gone play the game,pass control ain gone play game,tiktok_butheisapollo10.jsonl,root.text,DOC_002094,en,6,6,-1
YouTube,comment,n9D3b0K9pko,【FULL】Swapped to a Poor Bard? He Is the God Apollo!,Ugx4NkS5zpxqpwtnGdp4AaABAg,,@ollieman3343,0,1788566400,"True love awaits in next life , Covid 19 fucked up world  2026  Zombies everwere on drugs , in Ireland been Raped by Forniers  True Story",true love awaits next life covid fucked world zombies everwere drugs ireland raped forniers true story,【FULL】Swapped to a Poor Bard_ He Is the God Apollo!.json,root.comments[419].text,DOC_000922,en,15,2,-1
YouTube,comment,rYe9wiv2M0I,Not Your Average Crow | Full Series | Short Drama English | Fantasy Romance & Mystery,UgzytVvz90wdZKUZ1uF4AaABAg.AbDv4uGWBJBAbDwOk2rI-y,,@thereviewspot07,0,1790467200,That's complete video dear 😊,complete video dear,Not Your Average Crow _ Full Series _ Short Drama English _ Fantasy Romance & Mystery.json,root.comments[46].replies[0].text,DOC_000392,en,2,5,6
TikTok,comment,7686339862995291422,,7691017090696692483,,,0,1790704492,I had no idea you could «dress as a lesbian»,idea dress lesbian,tiktok_notyouraveragecrow1.jsonl,root.text,DOC_003608,en,3,5,12
YouTube,comment,UASLAWHqKJA,"**Plus-Size Bride, Stepmom in Charge | Emotional Family Drama | Full Movie 2026**",UgxosYjXa4ZMBGa8J1t4AaABAg,,@just_by986,0,1790380800,Whoever made this one! Wow! My absolutely favourite story!,whoever made one wow absolutely favourite story,"__Plus-Size Bride, Stepmom in Charge _ Emotional Family Drama _ Full Movie 2026__.json",root.comments[38].text,DOC_000057,en,5,5,3
TikTok,comment,7671243298413104414,,7677617431174988575,,,5,1787584647,Kora is the worst part of tlok..,kora worst part tlok,tiktok_butheisapollo10.jsonl,root.text,DOC_002079,en,3,5,-1
TikTok,comment,7672770828097850637,,7680618999441900306,,,1,1788283477,Karma is such a bitch yunno,karma bitch yunno,tiktok_butheisapollo2.jsonl,root.text,DOC_002992,en,3,9,-1
TikTok,comment,7620681779896257806,,7621081071308391186,,,2,1774421223,It's either the next episode is taking too long or I happen to be early?,either next episode taking long happen early,tiktok_temptationisland6.jsonl,root.text,DOC_006547,en,5,7,7
TikTok,comment,7609634525609577741,,7610468167407846162,,,0,1771950210,Lol u can drive the truck,lol can drive truck,tiktok_notyouraveragecrow3.jsonl,root.text,DOC_003883,en,3,0,22
TikTok,comment,7584379129022156045,,7585149419390075704,,,1,1766055234,"wait something fishy is going on ,",wait something fishy going,tiktok_notyouraveragecrow1.jsonl,root.text,DOC_003662,en,4,2,23
TikTok,comment,7653860933533519135,,7664752654106510101,,,0,1784589312,I also noticed and I am so disappointed cos I lost a drama i was watching before the update happened. the demoted wife,also noticed disappointed cos lost drama watching update happened demoted wife,tiktok_butheisapollo6.jsonl,root.text,DOC_003291,en,9,6,0
TikTok,comment,7686339862995291422,,7690526601872769810,,,5,1790590274,I was dressing like lesbian ever since I was 12. It was called tomboy style not lesbian style,dressing like lesbian ever since called tomboy style lesbian style,tiktok_notyouraveragecrow1.jsonl,root.text,DOC_003574,en,9,1,12
YouTube,comment,rYe9wiv2M0I,Not Your Average Crow | Full Series | Short Drama English | Fantasy Romance & Mystery,UgyMn9qmb1V8J0OMZOR4AaABAg,,@yasinwaheed,1,1790812800,Wow nice lovely story,wow nice lovely story,Not Your Average Crow _ Full Series _ Short Drama English _ Fantasy Romance & Mystery.json,root.comments[32].text,DOC_000368,en,4,2,3
TikTok,comment,7687103842520927496,,7687273287583433480,,,38,1789832795,you seriously didn't notice you had an extra leg?!,seriously didn notice extra leg,tiktok_notyouraveragecrow3.jsonl,root.text,DOC_003845,en,5,1,-1
TikTok,comment,7677740875966876950,,7678642149281415957,,,0,1787823205,I I really need to watch the end,really need watch end,tiktok_butheisapollo10.jsonl,root.text,DOC_002381,en,2,9,14
TikTok,comment,7688106667590077699,,7688492350876435220,,,0,1790116873,you are being mistreated one day everything will be fine next episode please,mistreated one day everything fine next episode please,tiktok_butheisapollo1.jsonl,root.text,DOC_001666,en,4,0,7
TikTok,comment,7672793087822810382,,7677635279520744223,,,73,1787588833,WHY IS LEXI STILL TALKINGGGGUHHHHH,lexi still talkingggguhhhhh,tiktok_butheisapollo10.jsonl,root.text,DOC_001762,en,3,0,17
TikTok,comment,7637599786090204424,,7637844022845522695,,,15,1778324151,Omoh this Ai movie too sweet abeg next pls,omoh movie sweet abeg next pls,tiktok_butheisapollo1.jsonl,root.text,DOC_001729,en,2,5,15
TikTok,comment,7686339862995291422,,7686342629685248782,,,62,1789616147,"Ok but to be fair I’ve been dressing a lot of different ways since middle school and people still think I’m gay  (I’m not, I’ve tried)",fair dressing lot different ways since middle school people still think gay tried,tiktok_notyouraveragecrow1.jsonl,root.text,DOC_003583,en,13,8,12
TikTok,comment,7631609869396643103,,7633390368477971218,,,0,1777287203,"Josephine
poor girl part two",josephine poor girl part two,tiktok_butheisapollo11.jsonl,root.text,DOC_002753,en,4,3,17
TikTok,comment,7676528108995972374,,7676804409544262418,,,3,1787395324,How many are posting this story,many posting story,tiktok_butheisapollo11.jsonl,root.text,DOC_002661,en,3,8,3
TikTok,comment,7687407796731530528,,7687474850373763857,,,12,1789879733,someone bring me back when it's complete,someone bring back complete,tiktok_stepmomincharge11-14.jsonl,root.text,DOC_003999,en,4,1,4
TikTok,comment,7637599786090204424,,7639052328540308232,,,0,1778605479,I wish I could learn to create masterpieces like this too,wish learn create masterpieces like,tiktok_butheisapollo1.jsonl,root.text,DOC_001726,en,4,6,-1
TikTok,comment,7671243298413104414,,7678338627550184223,,,2,1787752570,dawg pass the fucking balllll,dawg pass fucking balllll,tiktok_butheisapollo10.jsonl,root.text,DOC_002092,en,4,3,-1
TikTok,comment,7609634525609577741,,7610096709495210773,,,1,1771863862,he fired several times but did mot shot him even when he was close,fired several times mot shot even close,tiktok_notyouraveragecrow3.jsonl,root.text,DOC_003875,en,7,0,1
TikTok,comment,7687160580414688545,,7688713513095037704,,,0,1790168132,there are plenty things I dare to do,plenty things dare,tiktok_stepmomincharge5-7.jsonl,root.text,DOC_004220,en,3,3,-1
TikTok,comment,7469458353190636805,,7490573206200451886,,,1,1744035030,@breanne us because we gotta get new huzz,gotta get new huzz,tiktok_temptationfruitisland5.jsonl,root.text,DOC_006385,en,3,5,-1
YouTube,comment,UASLAWHqKJA,"**Plus-Size Bride, Stepmom in Charge | Emotional Family Drama | Full Movie 2026**",UgxFdaMqi-sJmnzQTmV4AaABAg,,@BB-dk3fd,12,1790035200,It’s like his family forgot that he is a don. Before they realised it they all had the guns to their heads. 😂,like family forgot don realised guns heads,"__Plus-Size Bride, Stepmom in Charge _ Emotional Family Drama _ Full Movie 2026__.json",root.comments[23].text,DOC_000042,en,5,9,1
TikTok,comment,7677740875966876950,,7678676918757835536,,,0,1787831302,Was going since I don Dey enter this page drop another one na,going since don dey enter page drop another one,tiktok_butheisapollo10.jsonl,root.text,DOC_002375,en,6,0,-1
TikTok,comment,7687407796731530528,,7688056183761175310,,,3,1790015125,Yohoho com back,yohoho com back,tiktok_stepmomincharge11-14.jsonl,root.text,DOC_003981,en,3,1,4
TikTok,comment,7469458353190636805,,7469863543907713798,,,1,1739213156,The open shirt has me SCREAMING,open shirt screaming,tiktok_temptationfruitisland5.jsonl,root.text,DOC_006411,en,3,0,9
YouTube,comment,rYe9wiv2M0I,Not Your Average Crow | Full Series | Short Drama English | Fantasy Romance & Mystery,UgyEsCxi7JeOaFL0HIt4AaABAg,,@dingvr1085,1,1790640000,Thank you. It's complete. Love channels like you. Much recommended.,thank complete love channels like much recommended,Not Your Average Crow _ Full Series _ Short Drama English _ Fantasy Romance & Mystery.json,root.comments[14].text,DOC_000337,en,5,6,6
TikTok,comment,7482999322599181614,,7618552199866139408,,,0,1773832422,It was on when I was little! I used to sneak watch it back in like 2000 or something because my mum would call it trash television,little used sneak watch back like something mum would call trash television,tiktok_temptationfruitisland10.jsonl,root.text,DOC_005420,en,10,1,-1
TikTok,comment,7677740875966876950,,7678093497655690004,,,0,1787695471,Bring the next part fast plz,bring next part fast plz,tiktok_butheisapollo10.jsonl,root.text,DOC_002168,en,2,1,8
TikTok,comment,7677740875966876950,,7677928345451201288,,,4,1787657008,For me Ann’s world  is the best she post faster than anything,ann world best post faster anything,tiktok_butheisapollo10.jsonl,root.text,DOC_002108,en,6,2,0
YouTube,comment,UASLAWHqKJA,"**Plus-Size Bride, Stepmom in Charge | Emotional Family Drama | Full Movie 2026**",UgyuYf8E5VRi7DuAOkl4AaABAg,,@ruthbomer5810,1,1790380800,"Why did she had to lose weight she was beautiful before, and he like her before....not the full movie either...",lose weight beautiful like full movie either,"__Plus-Size Bride, Stepmom in Charge _ Emotional Family Drama _ Full Movie 2026__.json",root.comments[106].text,DOC_000130,en,4,2,0
YouTube,comment,n9D3b0K9pko,【FULL】Swapped to a Poor Bard? He Is the God Apollo!,Ugydpduqfkr1GsqyrNV4AaABAg,,@stefingerOG,0,1789948800,"The constant screaming and laughing in some scenes gets pretty exhausting, too. The same situations keep repeating and are handled exactly the same way every time—with more screaming and laughing.Give it more realistic feeling.",constant screaming laughing scenes gets pretty exhausting situations keep repeating handled exactly way every time screaming laughing give realistic feeling,【FULL】Swapped to a Poor Bard_ He Is the God Apollo!.json,root.comments[139].text,DOC_000653,en,20,0,-1
YouTube,comment,UASLAWHqKJA,"**Plus-Size Bride, Stepmom in Charge | Emotional Family Drama | Full Movie 2026**",UgxPnrzNqLrLx5PNhMx4AaABAg.Aayz1LcXpe0Ab6c88C2ZBg,,@uniqueporter1987,0,1790208000,This was everything OMG we need more lol,everything omg need lol,"__Plus-Size Bride, Stepmom in Charge _ Emotional Family Drama _ Full Movie 2026__.json",root.comments[76].replies[1].text,DOC_000100,en,4,1,-1
TikTok,comment,7647046547762367764,,7663792121371296530,,,0,1784365934,"Hello hi how are you ? I want to here,see more .I Like u Love you soo much more.",hello want see like love soo much,tiktok_butheisapollo1.jsonl,root.text,DOC_001087,en,6,6,27
TikTok,comment,7687099158422883602,,7687411376612410133,,,1,1789864971,fr this ai video is smooth not like other people they posted is a delay,video smooth like people posted delay,tiktok_notyouraveragecrow1.jsonl,root.text,DOC_003361,en,4,1,6
TikTok,comment,7482999322599181614,,7487514755304358702,,,0,1743322996,I cried my eyes out for her in this scene Omgg,cried eyes scene omgg,tiktok_temptationfruitisland10.jsonl,root.text,DOC_005553,en,4,1,0
YouTube,comment,UASLAWHqKJA,"**Plus-Size Bride, Stepmom in Charge | Emotional Family Drama | Full Movie 2026**",Ugwk0g0OopmRWoee4F94AaABAg,,@FataiZainob,199,1790121600,"Am I the only one that came from Facebook 😂😂😂
This is great❤❤❤",one came facebook great,"__Plus-Size Bride, Stepmom in Charge _ Emotional Family Drama _ Full Movie 2026__.json",root.comments[4].text,DOC_000012,en,2,6,16
TikTok,comment,7482999322599181614,,7584059543793976081,,,0,1765801470,need someone like Mark in all our lives ♥️. and I wanna hug Taylor so bad if I was there at that moment ♥️.,need someone like mark lives wanna hug taylor bad moment,tiktok_temptationfruitisland10.jsonl,root.text,DOC_005511,en,9,1,-1
TikTok,comment,7672793087822810382,,7674527702996501279,,,887,1786865267,don't tell anyone I'm watching this,don tell anyone watching,tiktok_butheisapollo10.jsonl,root.text,DOC_001754,en,2,3,14
TikTok,comment,7674678278162025750,,7681865833938141953,,,1,1788573790,Never! And Trust a man at your own risk,never trust man risk,tiktok_butheisapollo1.jsonl,root.text,DOC_001176,en,4,7,10
TikTok,comment,7677183927886302471,,7686301842335122194,,,0,1789606634,The star's secret family . Same story diff actors you can find in PineDrama,star secret family story diff actors can find pinedrama,tiktok_butheisapollo10.jsonl,root.text,DOC_001814,en,8,4,-1
TikTok,comment,7686339862995291422,,7687015709663281950,,,1,1789772884,Sorryyyyyy cant stop it’s a vibe,sorryyyyyy cant stop vibe,tiktok_notyouraveragecrow1.jsonl,root.text,DOC_003529,en,4,4,-1
TikTok,comment,7646918295588850964,,7648562240397230868,,,0,1780820083,"Me , I am.actually getting addicted",actually getting addicted,tiktok_butheisapollo1.jsonl,root.text,DOC_001444,en,3,3,16
YouTube,comment,UASLAWHqKJA,"**Plus-Size Bride, Stepmom in Charge | Emotional Family Drama | Full Movie 2026**",UgzzVgmxXG5_WwTNC4J4AaABAg,,@WetLyps,22,1789948800,This was the best one I’ve ever seen. This was absolutely wonderful.,best one ever seen absolutely wonderful,"__Plus-Size Bride, Stepmom in Charge _ Emotional Family Drama _ Full Movie 2026__.json",root.comments[22].text,DOC_000041,en,5,2,18
YouTube,comment,ePbdfVo8Ei0,Fruit Love Island- Episode 11,UgxFeRHTsIAS4fAIWhZ4AaABAg,,@ChelseaStewart-f8m,0,1790035200,The fact that The kid is 4 and left at home….,fact kid left home,combined_series.json,root.comments[1].text,DOC_000283,en,4,3,-1
TikTok,comment,7657696920000810273,,7657911277902430998,,,0,1782996435,MA INFATTI SOLO PER QUELLO CHE HA DETTO L'HO STIMATO,infatti solo per quello che detto stimato,tiktok_temptationfruitisland1.jsonl,root.text,DOC_004393,en,7,2,2
YouTube,comment,n9D3b0K9pko,【FULL】Swapped to a Poor Bard? He Is the God Apollo!,UgwX9GEcyNK476JGJZh4AaABAg,,@helikopter1231,0,1789948800,This trope is way too common now :D Sever the ties? The MC arrives super fast...,trope way common sever ties arrives super fast,【FULL】Swapped to a Poor Bard_ He Is the God Apollo!.json,root.comments[174].text,DOC_000688,en,8,1,3
TikTok,comment,7674678278162025750,,7674795978298131220,,,1,1786927720,You go Dey trust man,dey trust man,tiktok_butheisapollo1.jsonl,root.text,DOC_001318,en,2,7,10
TikTok,comment,7674678278162025750,,7674721923687023382,,,20,1786910462,"Denied by him, Chosen by a stranger is the name dear , episode two will be posted tomorrow",denied chosen stranger name dear episode two posted tomorrow,tiktok_butheisapollo1.jsonl,root.text,DOC_001243,en,8,0,20
YouTube,comment,UASLAWHqKJA,"**Plus-Size Bride, Stepmom in Charge | Emotional Family Drama | Full Movie 2026**",UgzrzyziNvn782m2Kkp4AaABAg,,@too.swggy1,1,1790294400,Ugh finally no repeating the same lines over and over again just to drag out the story,ugh finally repeating lines drag story,"__Plus-Size Bride, Stepmom in Charge _ Emotional Family Drama _ Full Movie 2026__.json",root.comments[92].text,DOC_000115,en,6,2,3
TikTok,comment,7541660722527210782,,7542812557616153352,,,0,1756197915,i read the manga of this anime and it's awesome the mc are green flag,read manga anime awesome green flag,tiktok_notyouraveragecrow1.jsonl,root.text,DOC_003488,en,6,2,-1
TikTok,comment,7671243298413104414,,7689726236948464416,,,0,1790403960,Avatar: the legend of Korra. You need to watch Avatar: the last airbender first tho,avatar legend korra need watch avatar last airbender first tho,tiktok_butheisapollo10.jsonl,root.text,DOC_002070,en,9,0,-1
YouTube,comment,UASLAWHqKJA,"**Plus-Size Bride, Stepmom in Charge | Emotional Family Drama | Full Movie 2026**",UgyvYfPW46p7vN1QK9x4AaABAg,,@ClaritaLarsen-z3g,0,1791172800,"Wow I love this movie, she knows how to fight back and never let anyone to bully her and her kids even though they not belong to her. Well done hope they always make this kind of movie. 😍😍❤️❤️❤️👍👍👍",wow love movie knows fight back never let anyone bully kids even though belong well done hope always make kind movie,"__Plus-Size Bride, Stepmom in Charge _ Emotional Family Drama _ Full Movie 2026__.json",root.comments[10].text,DOC_000029,en,18,9,11
TikTok,comment,7687523753533689121,,7688013295148434198,,,2,1790005112,Depalo [Laugh approved][Laugh approved],depalo laugh approved laugh approved,tiktok_stepmomincharge21-24.jsonl,root.text,DOC_004207,en,5,9,-1
YouTube,comment,rYe9wiv2M0I,Not Your Average Crow | Full Series | Short Drama English | Fantasy Romance & Mystery,UgwC-vhCviawfM7Y8l94AaABAg,,@Bhanvi1212,0,1790985600,Bro fell in love with this series ❤❤❤,bro fell love series,Not Your Average Crow _ Full Series _ Short Drama English _ Fantasy Romance & Mystery.json,root.comments[19].text,DOC_000346,en,4,9,-1
TikTok,comment,7671243298413104414,,7687343800032740126,,,0,1789849244,Only one of the twins is a girl,one twins girl,tiktok_butheisapollo10.jsonl,root.text,DOC_002066,en,2,7,-1
TikTok,comment,7677740875966876950,,7677921873481499399,,,0,1787655504,Happy birthday long life and prosperity is your portion,happy birthday long life prosperity portion,tiktok_butheisapollo10.jsonl,root.text,DOC_002133,en,6,8,24
TikTok,comment,7482999322599181614,,7486083264846594862,,,5,1742989651,Everyone leaves…. Wether it’s death that does you part or choice but still genuinely everyone has left even my father and then they wanna act as if there still there this is why we need to be our…,everyone leaves wether death part choice still genuinely everyone left even father wanna act still need,tiktok_temptationfruitisland8.jsonl,root.text,DOC_006445,en,15,2,21
TikTok,comment,7687523753533689121,,7687628053119910673,,,7,1789915398,I love the man he looks dangerously cute,love man looks dangerously cute,tiktok_stepmomincharge21-24.jsonl,root.text,DOC_004173,en,5,9,1
TikTok,comment,7584379129022156045,,7584547644187034379,,,0,1765915258,Is the fish male or female?,fish male female,tiktok_notyouraveragecrow1.jsonl,root.text,DOC_003690,en,3,2,23
TikTok,comment,7469458353190636805,,7469990178451456810,,,11,1739242643,BYE THIS IS TAKING ME OUTTTTT,bye taking outtttt,tiktok_temptationfruitisland5.jsonl,root.text,DOC_006294,en,3,7,27
TikTok,comment,7677740875966876950,,7679025954249720584,,,0,1787912570,They suppose beat that Michael,suppose beat michael,tiktok_butheisapollo10.jsonl,root.text,DOC_002361,en,3,9,-1
TikTok,comment,7687509802456534305,,7687816730937459487,,,62,1789959379,Please why is this actually so goodd,please actually goodd,tiktok_stepmomincharge15-20.jsonl,root.text,DOC_004067,en,2,3,-1
TikTok,comment,7680134886883134740,,7690133083439448839,,,0,1790498653,[Tears of joy][Tears of joy][Tears of joy],tears joy tears joy tears joy,tiktok_butheisapollo6.jsonl,root.text,DOC_003227,en,3,6,9
YouTube,comment,rYe9wiv2M0I,Not Your Average Crow | Full Series | Short Drama English | Fantasy Romance & Mystery,UgyNmPeVvkQizzZ8fJJ4AaABAg,,@Andro_de_fread7983,8,1790899200,"Such a unique and beautiful story unlike those typical cheating, revenge and ragebaits it's so good and entertaining this is the 3rd time I am watching it",unique beautiful story unlike typical cheating revenge ragebaits good entertaining 3rd time watching,Not Your Average Crow _ Full Series _ Short Drama English _ Fantasy Romance & Mystery.json,root.comments[7].text,DOC_000327,en,11,3,3
TikTok,comment,7482999322599181614,,7483342581986116398,,,0,1742351487,I'm sorry! one day we will have people that stay. I try to be hopeful,sorry one day people stay try hopeful,tiktok_temptationfruitisland10.jsonl,root.text,DOC_005464,en,6,1,-1
TikTok,comment,7686339862995291422,,7686729877227668254,,,13,1789706304,No! did you just hear what she just said??? A MAN,hear said man,tiktok_notyouraveragecrow1.jsonl,root.text,DOC_003508,en,3,1,0
TikTok,comment,7469458353190636805,,7470515174853952261,,,0,1739364901,and Shorty got back to energizer bunny again and this time it's worst,shorty got back energizer bunny time worst,tiktok_temptationfruitisland5.jsonl,root.text,DOC_006333,en,7,1,-1
TikTok,comment,7482999322599181614,,7483621487464039173,,,0,1742416429,"It hurts to say it out loud, but it is true. I feel like a good person, but I guess I am not",hurts say loud true feel like good person guess,tiktok_temptationfruitisland10.jsonl,root.text,DOC_005359,en,8,0,9
TikTok,comment,7646918295588850964,,7647655832285348625,,,0,1780608646,part two and three plase,part two three plase,tiktok_butheisapollo1.jsonl,root.text,DOC_001480,en,3,0,3
TikTok,comment,7677740875966876950,,7678279716168680210,,,5,1787738821,"Please bring me back
even if na insult",please bring back even insult,tiktok_butheisapollo10.jsonl,root.text,DOC_002206,en,4,7,-1
TikTok,comment,7674678278162025750,,7674796032635044629,,,6,1786927721,Shadow banned people how una dey,shadow banned people una dey,tiktok_butheisapollo1.jsonl,root.text,DOC_001278,en,4,8,-1
TikTok,comment,7683031765518175521,,7684436374041314070,,,2,1789172379,She doesn’t know what she want,doesn know want,tiktok_butheisapollo10.jsonl,root.text,DOC_001992,en,3,7,0
YouTube,comment,UASLAWHqKJA,"**Plus-Size Bride, Stepmom in Charge | Emotional Family Drama | Full Movie 2026**",UgzNn8fs9Bd1nU6yH4J4AaABAg,,@janemcfidel148,1,1790121600,Even the wife shock in the end 😂😂😂,even wife shock end,"__Plus-Size Bride, Stepmom in Charge _ Emotional Family Drama _ Full Movie 2026__.json",root.comments[55].text,DOC_000076,en,4,9,0
YouTube,comment,UASLAWHqKJA,"**Plus-Size Bride, Stepmom in Charge | Emotional Family Drama | Full Movie 2026**",UgyWUB81zjP2CEedou54AaABAg,,@tsukitobio19,1,1790121600,"Okay, I will not take a shower for a month to compensate watching this. 🥲",okay take shower month compensate watching,"__Plus-Size Bride, Stepmom in Charge _ Emotional Family Drama _ Full Movie 2026__.json",root.comments[136].text,DOC_000162,en,5,6,14
YouTube,comment,n9D3b0K9pko,【FULL】Swapped to a Poor Bard? He Is the God Apollo!,UgyMzazt1MYZ726ck614AaABAg,,@ngelatimonasis,0,1788566400,Dapat bawiin Ang kayaman sa mga demonyo,dapat bawiin ang kayaman mga demonyo,【FULL】Swapped to a Poor Bard_ He Is the God Apollo!.json,root.comments[400].text,DOC_000904,tl,4,7,5
YouTube,comment,UASLAWHqKJA,"**Plus-Size Bride, Stepmom in Charge | Emotional Family Drama | Full Movie 2026**",Ugx3PlBmEoTCiim1Un54AaABAg,,@RedRogue19,1,1790553600,"Reminds me of that great lady Delta Burke,she didn't let people push her around either on Designing Women.",reminds great lady delta burke didn let people push around either designing women,"__Plus-Size Bride, Stepmom in Charge _ Emotional Family Drama _ Full Movie 2026__.json",root.comments[74].text,DOC_000095,en,13,8,0
TikTok,comment,7653860933533519135,,7655816458534503189,,,0,1782508700,Story of yunxi palace,story yunxi palace,tiktok_butheisapollo6.jsonl,root.text,DOC_003286,en,3,8,2
TikTok,comment,7687407796731530528,,7690827477404680981,,,0,1790660326,Like Adrian's calmness,like adrian calmness,tiktok_stepmomincharge11-14.jsonl,root.text,DOC_004005,en,2,3,9
TikTok,comment,7482999322599181614,,7483308683479450414,,,515,1742343594,"They leave, not cause you’re the worst. It’s the opposite. You’re the best, you’re a good person and they gravitate towards you when they need that in their life. Then when they get their fill they-",leave cause worst opposite best good person gravitate towards need life get fill,tiktok_temptationfruitisland10.jsonl,root.text,DOC_005453,en,12,7,21
YouTube,comment,ETMM6bexHJE,Fruit Love Island- Episode 2,UgwosUpAWeUa1EZSaHN4AaABAg,,@TaanielTaansalu,0,1791108000,THANK YOU FOR BLESSING THE EARTH WITH THIS MASTERPIECE COMPARABLE TO HAZBIN HOTEL,thank blessing earth masterpiece comparable hazbin hotel,combined_series.json,root.comments[2].text,DOC_000207,en,6,7,8
TikTok,comment,7674678278162025750,,7674779924804338452,,,3,1786923976,Trust a man at ur own risk,trust man risk,tiktok_butheisapollo1.jsonl,root.text,DOC_001290,en,3,7,10
TikTok,comment,7683031765518175521,,7686611706423804693,,,0,1789678771,Is this girl already married?,girl already married,tiktok_butheisapollo10.jsonl,root.text,DOC_001920,en,3,7,0
