cid,video_id,parent_cid,parent_text,is_reply,author_unique_id,author_nickname,author_verified,text_raw,text_clean,text_demojize,text_nlp,text_length,is_empty_text,is_empty_after_clean,has_placeholder,is_too_short,is_self_promo,is_repeat_poster,author_max_text_repeats,author_comment_count,has_mention,has_url,is_pinned,liked_by_author,digg_count,log1p_digg_count,lang_reported,lang_detected,lang_agrees,lang_ambiguous,create_time_epoch,posted_utc,posted_local,video_author,video_topic,is_off_topic,needs_series_review,scrape_seq,dup_count,seen_in
7541663649124729601,7541660722527210782,,,false,user3866730119701,the child of prophecy,false,name,name,name,name,4,false,false,false,false,false,false,1,1,false,false,false,false,2,1.0986,en,tl,false,false,1755930565,2025-08-23 06:29:25,2025-08-23 14:29:25,popcinema5,unknown_series,true,true,16,1,"[""tiktok_notyouraveragecrow1.jsonl""]"
7541674245777949495,7541660722527210782,,,false,justwhyme05,Adam Smasher,false,Nameeee!!!!!,name!!!!!,name!!!!!,name!!!!!,12,false,false,false,false,false,false,1,1,false,false,false,false,2,1.0986,en,hr,false,false,1755932954,2025-08-23 07:09:14,2025-08-23 15:09:14,popcinema5,unknown_series,true,true,16,1,"[""tiktok_notyouraveragecrow1.jsonl""]"
7541699549347332895,7541660722527210782,7541674245777949495,Nameeee!!!!!,true,boltingwhale,Karane Inda Lover,false,It’s like the inexperienced me and the experienced you but these arnt the main characters just side characters,it’s like the inexperienced me and the experienced you but these arnt the main characters just side characters,it’s like the inexperienced me and the experienced you but these arnt the main characters just side characters,it’s like the inexperienced me and the experienced you but these arnt the main characters just side characters,110,false,false,false,false,false,false,1,2,false,false,false,false,0,0.0,en,en,true,false,1755938880,2025-08-23 08:48:00,2025-08-23 16:48:00,popcinema5,unknown_series,true,true,16,1,"[""tiktok_notyouraveragecrow1.jsonl""]"
7541700001903166238,7541660722527210782,7541663649124729601,name,true,boltingwhale,Karane Inda Lover,false,the inexperienced me and the experienced you,the inexperienced me and the experienced you,the inexperienced me and the experienced you,the inexperienced me and the experienced you,44,false,false,false,false,false,false,1,2,false,false,false,false,0,0.0,en,en,true,false,1755938914,2025-08-23 08:48:34,2025-08-23 16:48:34,popcinema5,unknown_series,true,true,16,1,"[""tiktok_notyouraveragecrow1.jsonl""]"
7541699731883426615,7541660722527210782,,,false,nickpick202,nickpick202,false,,,,,0,true,true,false,true,false,false,0,1,false,false,false,false,8,2.1972,un,,,true,1755938919,2025-08-23 08:48:39,2025-08-23 16:48:39,popcinema5,unknown_series,true,true,16,1,"[""tiktok_notyouraveragecrow1.jsonl""]"
7541761581463487262,7541660722527210782,,,false,okirot0xico,Kiro 💽,false,theres no dub for this,theres no dub for this,theres no dub for this,theres no dub for this,22,false,false,false,false,false,false,1,3,false,false,false,false,33,3.5264,en,en,true,false,1755953272,2025-08-23 12:47:52,2025-08-23 20:47:52,popcinema5,unknown_series,true,true,16,1,"[""tiktok_notyouraveragecrow1.jsonl""]"
7541784967468204818,7541660722527210782,,,false,its_your_boy_a352,👻A-BARAOCOR👻,false,name?,name?,name?,name?,5,false,false,false,false,false,false,1,1,false,false,false,false,0,0.0,en,hr,false,false,1755958655,2025-08-23 14:17:35,2025-08-23 22:17:35,popcinema5,unknown_series,true,true,16,1,"[""tiktok_notyouraveragecrow1.jsonl""]"
7541785418305798926,7541660722527210782,7541761581463487262,theres no dub for this,true,uriah.sharki,Uriah Sharki,false,Yeah makes me mad,yeah makes me mad,yeah makes me mad,yeah makes me mad,17,false,false,false,false,false,false,1,1,false,false,false,false,5,1.7918,en,id,false,false,1755958796,2025-08-23 14:19:56,2025-08-23 22:19:56,popcinema5,unknown_series,true,true,16,1,"[""tiktok_notyouraveragecrow1.jsonl""]"
7541787585146225415,7541660722527210782,,,false,nathan0322,ƆꓶⱯꓤꓘ,false,this is NOTTT what happened plus they aren't even the mc the girl rejected him because they didn't know each other,this is not what happened plus they aren't even the mc the girl rejected him because they didn't know each other,this is not what happened plus they aren't even the mc the girl rejected him because they didn't know each other,this is not what happened plus they aren't even the mc the girl rejected him because they didn't know each other,114,false,false,false,false,false,false,1,1,false,false,false,false,0,0.0,en,en,true,false,1755959267,2025-08-23 14:27:47,2025-08-23 22:27:47,popcinema5,unknown_series,true,true,16,1,"[""tiktok_notyouraveragecrow1.jsonl""]"
7541791051834721029,7541660722527210782,,,false,mickimarston,Blank64254,false,days!!!,days!!!,days!!!,days!!!,7,false,false,false,false,false,false,1,1,false,false,false,false,0,0.0,en,so,false,false,1755960081,2025-08-23 14:41:21,2025-08-23 22:41:21,popcinema5,unknown_series,true,true,16,1,"[""tiktok_notyouraveragecrow1.jsonl""]"
7541807641904481032,7541660722527210782,7541674245777949495,Nameeee!!!!!,true,ronaldbaman4,Cat😺,false,our dating story,our dating story,our dating story,our dating story,16,false,false,false,false,false,false,1,1,false,false,false,false,0,0.0,en,en,true,false,1755963937,2025-08-23 15:45:37,2025-08-23 23:45:37,popcinema5,unknown_series,true,true,16,1,"[""tiktok_notyouraveragecrow1.jsonl""]"
7541810392617730846,7541660722527210782,7541761581463487262,theres no dub for this,true,okirot0xico,Kiro 💽,false,real,real,real,real,4,false,false,false,false,false,false,1,3,false,false,false,false,1,0.6931,en,ro,false,false,1755964592,2025-08-23 15:56:32,2025-08-23 23:56:32,popcinema5,unknown_series,true,true,16,1,"[""tiktok_notyouraveragecrow1.jsonl""]"
7541810615519478550,7541660722527210782,,,false,drtraytdm506,Drtraytdm506,false,I actually started rewatching this funnily enough,i actually started rewatching this funnily enough,i actually started rewatching this funnily enough,i actually started rewatching this funnily enough,49,false,false,false,false,false,false,1,1,false,false,false,false,0,0.0,en,en,true,false,1755964634,2025-08-23 15:57:14,2025-08-23 23:57:14,popcinema5,unknown_series,true,true,16,1,"[""tiktok_notyouraveragecrow1.jsonl""]"
7541824666082001684,7541660722527210782,,,false,omaciri.mambo3223,mambo,false,jack,jack,jack,jack,4,false,false,false,false,false,false,1,1,false,false,false,false,0,0.0,en,pl,false,false,1755967901,2025-08-23 16:51:41,2025-08-24 00:51:41,popcinema5,unknown_series,true,true,16,1,"[""tiktok_notyouraveragecrow1.jsonl""]"
7541833474983117589,7541660722527210782,7541784967468204818,name?,true,kylermeyeristuff,Kyler,false,Our dating story but there side characters,our dating story but there side characters,our dating story but there side characters,our dating story but there side characters,42,false,false,false,false,false,false,1,1,false,false,false,false,0,0.0,en,en,true,false,1755969948,2025-08-23 17:25:48,2025-08-24 01:25:48,popcinema5,unknown_series,true,true,16,1,"[""tiktok_notyouraveragecrow1.jsonl""]"
7541833913641354002,7541660722527210782,,,false,mrdisney1993,Mr. Disney 1993,false,"what's anime name, please?","what's anime name, please?","what's anime name, please?","what's anime name, please?",26,false,false,false,false,false,false,1,1,false,false,false,false,0,0.0,en,en,true,false,1755970055,2025-08-23 17:27:35,2025-08-24 01:27:35,popcinema5,unknown_series,true,true,16,1,"[""tiktok_notyouraveragecrow1.jsonl""]"
7541855948924961554,7541660722527210782,,,false,badee_666,𝕭𝖆𝖉𝖊𝖊,false,handsome?,handsome?,handsome?,handsome?,9,false,false,false,false,false,false,1,1,false,false,false,false,1,0.6931,en,da,false,false,1755975186,2025-08-23 18:53:06,2025-08-24 02:53:06,popcinema5,unknown_series,true,true,16,1,"[""tiktok_notyouraveragecrow1.jsonl""]"
7541862027733041927,7541660722527210782,,,false,zom42069,ZOM,false,dont kevin and jack look the same,dont kevin and jack look the same,dont kevin and jack look the same,dont kevin and jack look the same,33,false,false,false,false,false,false,1,1,false,false,false,false,2,1.0986,en,en,true,false,1755976604,2025-08-23 19:16:44,2025-08-24 03:16:44,popcinema5,unknown_series,true,true,16,1,"[""tiktok_notyouraveragecrow1.jsonl""]"
7541865489707614998,7541660722527210782,,,false,antonia.tirziman,Antonia/Lexi,false,name,name,name,name,4,false,false,false,false,false,false,1,1,false,false,false,false,0,0.0,en,tl,false,false,1755977409,2025-08-23 19:30:09,2025-08-24 03:30:09,popcinema5,unknown_series,true,true,16,1,"[""tiktok_notyouraveragecrow1.jsonl""]"
7541883327143084807,7541660722527210782,7541761581463487262,theres no dub for this,true,dev.xpx,👻,false,try reading ,try reading,try reading,try reading,11,false,false,false,false,false,false,1,1,false,false,false,false,2,1.0986,en,en,true,false,1755981563,2025-08-23 20:39:23,2025-08-24 04:39:23,popcinema5,unknown_series,true,true,16,1,"[""tiktok_notyouraveragecrow1.jsonl""]"
7541919556911235870,7541660722527210782,7541761581463487262,theres no dub for this,true,okirot0xico,Kiro 💽,false,hell nah,hell nah,hell nah,hell nah,8,false,false,false,false,false,false,1,3,false,false,false,false,0,0.0,en,cy,false,false,1755990002,2025-08-23 23:00:02,2025-08-24 07:00:02,popcinema5,unknown_series,true,true,16,1,"[""tiktok_notyouraveragecrow1.jsonl""]"
7541930139212071701,7541660722527210782,,,false,user4444396538156,General,false,Naaaaaaaaaame❤️,name❤️,name:red_heart:,name:red_heart:,13,false,false,false,false,false,false,1,1,false,false,false,false,0,0.0,es,tl,false,false,1755992777,2025-08-23 23:46:17,2025-08-24 07:46:17,popcinema5,unknown_series,true,true,16,1,"[""tiktok_notyouraveragecrow1.jsonl""]"
7541958515620430609,7541660722527210782,,,false,idk_23ez,Idk_23ez,false,Anime name,anime name,anime name,anime name,10,false,false,false,false,false,false,1,1,false,false,false,false,0,0.0,en,hr,false,false,1755999067,2025-08-24 01:31:07,2025-08-24 09:31:07,popcinema5,unknown_series,true,true,16,1,"[""tiktok_notyouraveragecrow1.jsonl""]"
7541967882343842567,7541660722527210782,,,false,iqbal_51231,iqbal singh,false,anime name??,anime name??,anime name??,anime name??,12,false,false,false,false,false,false,1,1,false,false,false,false,0,0.0,en,hr,false,false,1756001243,2025-08-24 02:07:23,2025-08-24 10:07:23,popcinema5,unknown_series,true,true,16,1,"[""tiktok_notyouraveragecrow1.jsonl""]"
7541980768298468103,7541660722527210782,,,false,iyzawa4,iyzawa,false,still waiting for season 2,still waiting for season 2,still waiting for season 2,still waiting for season 2,26,false,false,false,false,false,false,1,1,false,false,false,false,4,1.6094,en,en,true,false,1756004244,2025-08-24 02:57:24,2025-08-24 10:57:24,popcinema5,unknown_series,true,true,16,1,"[""tiktok_notyouraveragecrow1.jsonl""]"
7541987151216722719,7541660722527210782,,,false,jayfearrnana,Jay Fearrnana,false,What is the name,what is the name,what is the name,what is the name,16,false,false,false,false,false,false,1,1,false,false,false,false,0,0.0,en,en,true,false,1756005757,2025-08-24 03:22:37,2025-08-24 11:22:37,popcinema5,unknown_series,true,true,16,1,"[""tiktok_notyouraveragecrow1.jsonl""]"
7542063982423704338,7541660722527210782,,,false,lmonhbat,л. мөнхбат,false,real name❌️jack✔️,real name❌️jack✔️,real name:cross_mark:jack:check_mark:,real name:cross_mark:jack:check_mark:,13,false,false,false,false,false,false,1,1,false,false,false,false,0,0.0,en,pt,false,false,1756023622,2025-08-24 08:20:22,2025-08-24 16:20:22,popcinema5,unknown_series,true,true,16,1,"[""tiktok_notyouraveragecrow1.jsonl""]"
7542073833411363591,7541660722527210782,,,false,dutchhhiii,ʚkenmaɞᜊ,false,bruh,bruh,bruh,bruh,4,false,false,false,false,false,false,1,1,false,false,false,false,0,0.0,en,cs,false,false,1756025910,2025-08-24 08:58:30,2025-08-24 16:58:30,popcinema5,unknown_series,true,true,16,1,"[""tiktok_notyouraveragecrow1.jsonl""]"
7542089816968872726,7541660722527210782,,,false,27.lokou_,27.lokou_,false,"This guy is the friend of the main character  The actual anime is about 2 completely different people. The name of the anime is ""Our dating story: the experienced you and the inexperienced me""","this guy is the friend of the main character the actual anime is about 2 completely different people. the name of the anime is ""our dating story: the experienced you and the inexperienced me""","this guy is the friend of the main character the actual anime is about 2 completely different people. the name of the anime is ""our dating story: the experienced you and the inexperienced me""","this guy is the friend of the main character the actual anime is about 2 completely different people. the name of the anime is ""our dating story: the experienced you and the inexperienced me""",191,false,false,false,false,false,false,1,1,false,false,false,false,0,0.0,en,en,true,false,1756029636,2025-08-24 10:00:36,2025-08-24 18:00:36,popcinema5,unknown_series,true,true,16,1,"[""tiktok_notyouraveragecrow1.jsonl""]"
7542160865371931393,7541660722527210782,,,false,suprisetetelo961,Suprise Tetelo,false,2 questions name and why do you keep using the names jack and jenny,2 questions name and why do you keep using the names jack and jenny,2 questions name and why do you keep using the names jack and jenny,2 questions name and why do you keep using the names jack and jenny,67,false,false,false,false,false,false,1,1,false,false,false,false,0,0.0,en,en,true,false,1756046335,2025-08-24 14:38:55,2025-08-24 22:38:55,popcinema5,unknown_series,true,true,16,1,"[""tiktok_notyouraveragecrow1.jsonl""]"
7542171956494402326,7541660722527210782,7541967882343842567,anime name??,true,saku.se,Saku,false,"our dating story, but disclaimer: this is not the main couple and it only appears towards the end","our dating story, but disclaimer: this is not the main couple and it only appears towards the end","our dating story, but disclaimer: this is not the main couple and it only appears towards the end","our dating story, but disclaimer: this is not the main couple and it only appears towards the end",97,false,false,false,false,false,false,1,1,false,false,false,false,0,0.0,en,en,true,false,1756048761,2025-08-24 15:19:21,2025-08-24 23:19:21,popcinema5,unknown_series,true,true,16,1,"[""tiktok_notyouraveragecrow1.jsonl""]"
7542180412262155026,7541660722527210782,,,false,irakli.kvashilava,ALEX MERCER,false,name please,name please,name please,name please,11,false,false,false,false,false,false,1,1,false,false,false,false,0,0.0,en,en,true,false,1756050728,2025-08-24 15:52:08,2025-08-24 23:52:08,popcinema5,unknown_series,true,true,16,1,"[""tiktok_notyouraveragecrow1.jsonl""]"
7542211989331460895,7541660722527210782,,,false,monkeyman5332,monkeyman5332,false,Anime name,anime name,anime name,anime name,10,false,false,false,false,false,false,1,1,false,false,false,false,1,0.6931,en,hr,false,false,1756058086,2025-08-24 17:54:46,2025-08-25 01:54:46,popcinema5,unknown_series,true,true,16,1,"[""tiktok_notyouraveragecrow1.jsonl""]"
7542245596897231648,7541660722527210782,7542211989331460895,Anime name,true,narublium,Narublium,false,Our dating story: the experienced you and the inexperienced me,our dating story: the experienced you and the inexperienced me,our dating story: the experienced you and the inexperienced me,our dating story: the experienced you and the inexperienced me,62,false,false,false,false,false,false,1,1,false,false,false,false,0,0.0,en,en,true,false,1756065908,2025-08-24 20:05:08,2025-08-25 04:05:08,popcinema5,unknown_series,true,true,16,1,"[""tiktok_notyouraveragecrow1.jsonl""]"
7542280633017942806,7541660722527210782,7542211989331460895,Anime name,true,requiem_27_,Requiem_27_,false,Kimi zero,kimi zero,kimi zero,kimi zero,9,false,false,false,false,false,false,2,2,false,false,false,false,0,0.0,en,pl,false,false,1756074075,2025-08-24 22:21:15,2025-08-25 06:21:15,popcinema5,unknown_series,true,true,16,1,"[""tiktok_notyouraveragecrow1.jsonl""]"
7542280679892632342,7541660722527210782,7541987151216722719,What is the name,true,requiem_27_,Requiem_27_,false,Kimi zero,kimi zero,kimi zero,kimi zero,9,false,false,false,false,false,false,2,2,false,false,false,false,0,0.0,en,pl,false,false,1756074082,2025-08-24 22:21:22,2025-08-25 06:21:22,popcinema5,unknown_series,true,true,16,1,"[""tiktok_notyouraveragecrow1.jsonl""]"
7542391269060035358,7541660722527210782,,,false,justglock4,No Name,false,Anime name,anime name,anime name,anime name,10,false,false,false,false,false,false,1,1,false,false,false,false,0,0.0,en,hr,false,false,1756099902,2025-08-25 05:31:42,2025-08-25 13:31:42,popcinema5,unknown_series,true,true,16,1,"[""tiktok_notyouraveragecrow1.jsonl""]"
7542407523388867346,7541660722527210782,,,false,mysterysmike,mysterysmike,false,And still no dub,and still no dub,and still no dub,and still no dub,16,false,false,false,false,false,false,1,1,false,false,false,false,0,0.0,en,it,false,false,1756103608,2025-08-25 06:33:28,2025-08-25 14:33:28,popcinema5,unknown_series,true,true,16,1,"[""tiktok_notyouraveragecrow1.jsonl""]"
7542410892298928918,7541660722527210782,,,false,etchasketch20,Etchy,false,Anime ?,anime ?,anime ?,anime ?,7,false,false,false,false,false,false,1,1,false,false,false,false,0,0.0,en,it,false,false,1756104404,2025-08-25 06:46:44,2025-08-25 14:46:44,popcinema5,unknown_series,true,true,16,1,"[""tiktok_notyouraveragecrow1.jsonl""]"
7542511287793976081,7541660722527210782,,,false,billieevangelista1504,BELLIE,false,lemme guess the next recap named jack and jenny,lemme guess the next recap named jack and jenny,lemme guess the next recap named jack and jenny,lemme guess the next recap named jack and jenny,47,false,false,false,false,false,false,1,1,false,false,false,false,1,0.6931,en,en,true,false,1756128050,2025-08-25 13:20:50,2025-08-25 21:20:50,popcinema5,unknown_series,true,true,16,1,"[""tiktok_notyouraveragecrow1.jsonl""]"
7542532017772151573,7541660722527210782,,,false,thepokefueco,✧Obanai's newest fan 🖤🐍,false,now can we get a side story for those 2,now can we get a side story for those 2,now can we get a side story for those 2,now can we get a side story for those 2,39,false,false,false,false,false,false,1,1,false,false,false,false,0,0.0,en,en,true,false,1756132591,2025-08-25 14:36:31,2025-08-25 22:36:31,popcinema5,unknown_series,true,true,16,1,"[""tiktok_notyouraveragecrow1.jsonl""]"
7542812557616153352,7541660722527210782,,,false,chua_rick,️,false,i read the manga of this anime and it's awesome the mc are green flag,i read the manga of this anime and it's awesome the mc are green flag,i read the manga of this anime and it's awesome the mc are green flag,i read the manga of this anime and it's awesome the mc are green flag,69,false,false,false,false,false,false,1,1,false,false,false,false,0,0.0,en,en,true,false,1756197915,2025-08-26 08:45:15,2025-08-26 16:45:15,popcinema5,unknown_series,true,true,16,1,"[""tiktok_notyouraveragecrow1.jsonl""]"
7545220003152315154,7541660722527210782,,,false,superm813,swag boy,false,bro his not even the MC is the anime?,bro his not even the mc is the anime?,bro his not even the mc is the anime?,bro his not even the mc is the anime?,37,false,false,false,false,false,false,1,2,false,false,false,false,6,1.9459,en,en,true,false,1756758758,2025-09-01 20:32:38,2025-09-02 04:32:38,popcinema5,unknown_series,true,true,16,1,"[""tiktok_notyouraveragecrow1.jsonl""]"
7545220894554112786,7541660722527210782,7545220003152315154,bro his not even the MC is the anime?,true,superm813,swag boy,false,and this part was around ep 10,and this part was around ep 10,and this part was around ep 10,and this part was around ep 10,30,false,false,false,false,false,false,1,2,false,false,false,false,1,0.6931,en,en,true,false,1756758817,2025-09-01 20:33:37,2025-09-02 04:33:37,popcinema5,unknown_series,true,true,16,1,"[""tiktok_notyouraveragecrow1.jsonl""]"
7549620868318823175,7541660722527210782,,,false,bsgxh0,َ,false,then he rejects her,then he rejects her,then he rejects her,then he rejects her,19,false,false,false,false,false,false,1,1,false,false,false,false,114,4.7449,en,en,true,false,1757783092,2025-09-13 17:04:52,2025-09-14 01:04:52,popcinema5,unknown_series,true,true,16,1,"[""tiktok_notyouraveragecrow1.jsonl""]"
7549711317206467346,7541660722527210782,,,false,colekfs,Cole S,false,Anime name:Overflow,anime name:overflow,anime name:overflow,anime name:overflow,19,false,false,false,false,false,false,1,1,false,false,false,false,9,2.3026,en,en,true,false,1757804168,2025-09-13 22:56:08,2025-09-14 06:56:08,popcinema5,unknown_series,true,true,16,1,"[""tiktok_notyouraveragecrow1.jsonl""]"
7549726836025115399,7541660722527210782,7549711317206467346,Anime name:Overflow,true,ed_thegreat_ll,ROMANCE_ANIME_FAN,false,nah,nah,nah,nah,3,false,false,false,false,false,false,1,1,false,false,false,false,0,0.0,ms,,,true,1757807771,2025-09-13 23:56:11,2025-09-14 07:56:11,popcinema5,unknown_series,true,true,16,1,"[""tiktok_notyouraveragecrow1.jsonl""]"
7551089322490577672,7541660722527210782,,,false,the_1st.op,One Tap Tv,false,Relax Guys He Is A Side Character,relax guys he is a side character,relax guys he is a side character,relax guys he is a side character,33,false,false,false,false,false,false,1,1,false,false,false,false,1,0.6931,en,en,true,false,1758125136,2025-09-17 16:05:36,2025-09-18 00:05:36,popcinema5,unknown_series,true,true,16,1,"[""tiktok_notyouraveragecrow1.jsonl""]"
7555346212553327361,7541660722527210782,,,false,lesliepatron7,CRIMSON MOON,false,omor his name is not jack and the two are not even the main characters  side characters,omor his name is not jack and the two are not even the main characters side characters,omor his name is not jack and the two are not even the main characters side characters,omor his name is not jack and the two are not even the main characters side characters,86,false,false,false,false,false,false,1,1,false,false,false,false,0,0.0,en,en,true,false,1759165087,2025-09-29 16:58:07,2025-09-30 00:58:07,popcinema5,unknown_series,true,true,16,1,"[""tiktok_notyouraveragecrow1.jsonl""]"
7556539110991889173,7541660722527210782,,,false,walks442,Walks5,false,что за аниме на русском,что за аниме на русском,что за аниме на русском,что за аниме на русском,23,false,false,false,false,false,false,0,1,false,false,false,false,0,0.0,ru,ru,true,false,1759393872,2025-10-02 08:31:12,2025-10-02 16:31:12,popcinema5,unknown_series,true,true,16,1,"[""tiktok_notyouraveragecrow1.jsonl""]"
7559826812911502088,7541660722527210782,,,false,maicamicamicami06,hunter,false,"Absolute Batman ╲╲╭╮◣╲╱◢╭╮╱╱
╲╲┃┃┏━━┓┃┃╱╱
╲╭┫┣┳╮╭┳┫┣╮╱
╭┫┃┃┃┃┃┃┃┃┣╮
╰╰╰╯╯╯╰╰╰╯╯╯ ♥️999,999m","absolute batman ╲╲╭╮◣╲╱◢╭╮╱╱ ╲╲┃┃┏━━┓┃┃╱╱ ╲╭┫┣┳╮╭┳┫┣╮╱ ╭┫┃┃┃┃┃┃┃┃┣╮ ╰╰╰╯╯╯╰╰╰╯╯╯ ♥️999,999m","absolute batman ╲╲╭╮◣╲╱◢╭╮╱╱ ╲╲┃┃┏━━┓┃┃╱╱ ╲╭┫┣┳╮╭┳┫┣╮╱ ╭┫┃┃┃┃┃┃┃┃┣╮ ╰╰╰╯╯╯╰╰╰╯╯╯ :heart_suit:999,999m","absolute batman ╲╲╭╮◣╲╱◢╭╮╱╱ ╲╲┃┃┏━━┓┃┃╱╱ ╲╭┫┣┳╮╭┳┫┣╮╱ ╭┫┃┃┃┃┃┃┃┃┣╮ ╰╰╰╯╯╯╰╰╰╯╯╯ :heart_suit:999,999m",89,false,false,false,false,false,false,1,1,false,false,false,false,0,0.0,zh,,,true,1760159515,2025-10-11 05:11:55,2025-10-11 13:11:55,popcinema5,unknown_series,true,true,16,1,"[""tiktok_notyouraveragecrow1.jsonl""]"
7560000557915947788,7541660722527210782,7549711317206467346,Anime name:Overflow,true,richierich13728,richkobby$,false,duuude nooo,dude no,dude no,dude no,11,false,false,false,false,false,false,1,1,false,false,false,false,0,0.0,en,fr,false,false,1760199999,2025-10-11 16:26:39,2025-10-12 00:26:39,popcinema5,unknown_series,true,true,16,1,"[""tiktok_notyouraveragecrow1.jsonl""]"
7560150512902800149,7541660722527210782,,,false,abiru.18,Abi,false,bro if the boy reject her after the transform this anime would be 100times better,bro if the boy reject her after the transform this anime would be 100times better,bro if the boy reject her after the transform this anime would be 100times better,bro if the boy reject her after the transform this anime would be 100times better,81,false,false,false,false,false,false,1,1,false,false,false,false,3,1.3863,en,en,true,false,1760234721,2025-10-12 02:05:21,2025-10-12 10:05:21,popcinema5,unknown_series,true,true,16,1,"[""tiktok_notyouraveragecrow1.jsonl""]"
7560549074291983122,7541660722527210782,,,false,ayame.marvellous,Ayame Marvellous,false,Title,title,title,title,5,false,false,false,false,false,false,1,1,false,false,false,false,0,0.0,en,en,true,false,1760327517,2025-10-13 03:51:57,2025-10-13 11:51:57,popcinema5,unknown_series,true,true,16,1,"[""tiktok_notyouraveragecrow1.jsonl""]"
7560752493249856312,7541660722527210782,7549620868318823175,then he rejects her,true,ddlcplus,Mareiguana,false,Not really she never asked him in Season 1,not really she never asked him in season 1,not really she never asked him in season 1,not really she never asked him in season 1,42,false,false,false,false,false,false,1,2,false,false,false,false,0,0.0,en,en,true,false,1760374881,2025-10-13 17:01:21,2025-10-14 01:01:21,popcinema5,unknown_series,true,true,16,1,"[""tiktok_notyouraveragecrow1.jsonl""]"
7561463856678814482,7541660722527210782,7549620868318823175,then he rejects her,true,naomigrief,naomi,false,so it has season 2?,so it has season 2?,so it has season 2?,so it has season 2?,19,false,false,false,false,false,false,1,2,false,false,false,false,0,0.0,en,en,true,false,1760540505,2025-10-15 15:01:45,2025-10-15 23:01:45,popcinema5,unknown_series,true,true,16,1,"[""tiktok_notyouraveragecrow1.jsonl""]"
7561486691246129931,7541660722527210782,7549620868318823175,then he rejects her,true,ddlcplus,Mareiguana,false,It will have season 2 but will come in early 2026 i think,it will have season 2 but will come in early 2026 i think,it will have season 2 but will come in early 2026 i think,it will have season 2 but will come in early 2026 i think,57,false,false,false,false,false,false,1,2,false,false,false,false,0,0.0,en,en,true,false,1760545827,2025-10-15 16:30:27,2025-10-16 00:30:27,popcinema5,unknown_series,true,true,16,1,"[""tiktok_notyouraveragecrow1.jsonl""]"
7561607190559130386,7541660722527210782,7549620868318823175,then he rejects her,true,naomigrief,naomi,false,okok,okok,okok,okok,4,false,false,false,false,false,false,1,2,false,false,false,false,0,0.0,hu,sk,false,false,1760573886,2025-10-16 00:18:06,2025-10-16 08:18:06,popcinema5,unknown_series,true,true,16,1,"[""tiktok_notyouraveragecrow1.jsonl""]"
7562714069963670292,7541660722527210782,,,false,mr.ya0i,never,false,name please  ,name please,name please,name please,11,false,false,false,false,false,false,1,1,false,false,false,false,0,0.0,en,en,true,false,1760831609,2025-10-18 23:53:29,2025-10-19 07:53:29,popcinema5,unknown_series,true,true,16,1,"[""tiktok_notyouraveragecrow1.jsonl""]"
7563326736231105287,7541660722527210782,7549620868318823175,then he rejects her,true,rajib_rai1,Rajib,false, hahahha,hahahha,hahahha,hahahha,7,false,false,false,false,false,false,1,1,false,false,false,false,0,0.0,tl,so,false,false,1760974237,2025-10-20 15:30:37,2025-10-20 23:30:37,popcinema5,unknown_series,true,true,16,1,"[""tiktok_notyouraveragecrow1.jsonl""]"
7564120548440785677,7541660722527210782,,,false,ilir_q,ilir,false,He a side character btw,he a side character btw,he a side character btw,he a side character btw,23,false,false,false,false,false,false,1,1,false,false,false,false,0,0.0,en,en,true,false,1761159092,2025-10-22 18:51:32,2025-10-23 02:51:32,popcinema5,unknown_series,true,true,16,1,"[""tiktok_notyouraveragecrow1.jsonl""]"
7564216401940300551,7541660722527210782,,,false,hiroship6,hiroshi,false,,,,,0,true,true,false,true,false,false,0,1,false,false,false,false,0,0.0,un,,,true,1761181393,2025-10-23 01:03:13,2025-10-23 09:03:13,popcinema5,unknown_series,true,true,16,1,"[""tiktok_notyouraveragecrow1.jsonl""]"
7564944594363630343,7541660722527210782,7549711317206467346,Anime name:Overflow,true,time_to_go_back,I_Know_Where_You_LIVE,false,yo what,yo what,yo what,yo what,7,false,false,false,false,false,false,1,1,false,false,false,false,0,0.0,en,sw,false,false,1761350934,2025-10-25 00:08:54,2025-10-25 08:08:54,popcinema5,unknown_series,true,true,16,1,"[""tiktok_notyouraveragecrow1.jsonl""]"
7567900986569671431,7541660722527210782,,,false,alsamudcamdali,<killuwa>,false,,,,,0,true,true,false,true,false,false,0,3,false,false,false,false,0,0.0,un,,,true,1762039284,2025-11-01 23:21:24,2025-11-02 07:21:24,popcinema5,unknown_series,true,true,16,1,"[""tiktok_notyouraveragecrow1.jsonl""]"
7567901047827333896,7541660722527210782,,,false,alsamudcamdali,<killuwa>,false,❤❤❤,❤❤❤,:red_heart::red_heart::red_heart:,:red_heart::red_heart::red_heart:,0,false,false,false,true,false,false,0,3,false,false,false,false,0,0.0,un,,,true,1762039287,2025-11-01 23:21:27,2025-11-02 07:21:27,popcinema5,unknown_series,true,true,16,1,"[""tiktok_notyouraveragecrow1.jsonl""]"
7567901079993336584,7541660722527210782,,,false,alsamudcamdali,<killuwa>,false,,,,,0,true,true,false,true,false,false,0,3,false,false,false,false,0,0.0,un,,,true,1762039297,2025-11-01 23:21:37,2025-11-02 07:21:37,popcinema5,unknown_series,true,true,16,1,"[""tiktok_notyouraveragecrow1.jsonl""]"
7571184669171057416,7541660722527210782,,,false,itz.ur.galxox,ST⭐ R GIRL NG 🇳🇬,false,name pls,name pls,name pls,name pls,8,false,false,false,false,false,false,1,1,false,false,false,false,0,0.0,en,hr,false,false,1762804101,2025-11-10 19:48:21,2025-11-11 03:48:21,popcinema5,unknown_series,true,true,16,1,"[""tiktok_notyouraveragecrow1.jsonl""]"
7571826089837003538,7541660722527210782,,,false,nathaniel.escote,Nathaniel Escote,false,,,,,0,true,true,false,true,false,false,0,1,false,false,false,false,0,0.0,un,,,true,1762953153,2025-11-12 13:12:33,2025-11-12 21:12:33,popcinema5,unknown_series,true,true,16,1,"[""tiktok_notyouraveragecrow1.jsonl""]"
7588711749684708097,7541660722527210782,,,false,dankel.makofane4,Dankel Makofane,false,,,,,0,true,true,false,true,false,false,0,1,false,false,false,false,0,0.0,un,,,true,1766884683,2025-12-28 01:18:03,2025-12-28 09:18:03,popcinema5,unknown_series,true,true,16,1,"[""tiktok_notyouraveragecrow1.jsonl""]"
7592042839695000353,7541660722527210782,,,false,div_nie124,Div34ine,false,@Div,,,,4,false,true,false,false,false,false,0,1,true,false,false,false,0,0.0,un,,,true,1767660259,2026-01-06 00:44:19,2026-01-06 08:44:19,popcinema5,unknown_series,true,true,16,1,"[""tiktok_notyouraveragecrow1.jsonl""]"
7584388805882299192,7584379129022156045,,,false,fashgadget,Fash Gadget🛍️🔌,false,title pls,title pls,title pls,title pls,9,false,false,false,false,false,false,1,1,false,false,false,false,2,1.0986,en,en,true,false,1765878143,2025-12-16 09:42:23,2025-12-16 17:42:23,popcorn.picks78,unknown_series,true,true,18,3,"[""tiktok_notyouraveragecrow1.jsonl"", ""tiktok_notyouraveragecrow2.jsonl"", ""tiktok_notyouraveragecrow3.jsonl""]"
7584391401547531025,7584379129022156045,,,false,agnesasiedua879,Agnes ❤️,false,bro eat everything ,bro eat everything,bro eat everything,bro eat everything,18,false,false,false,false,false,false,1,1,false,false,false,false,371,5.9189,en,en,true,false,1765878948,2025-12-16 09:55:48,2025-12-16 17:55:48,popcorn.picks78,unknown_series,true,true,18,3,"[""tiktok_notyouraveragecrow1.jsonl"", ""tiktok_notyouraveragecrow2.jsonl"", ""tiktok_notyouraveragecrow3.jsonl""]"
7584404221900210962,7584379129022156045,,,false,plyd.br,ᴳo•꧁☬𝓑𝓻𝔂𝓪𝓷☬꧂ツ,false,next,next,next,next,4,false,false,false,false,false,false,1,1,false,false,false,false,0,0.0,en,cs,false,false,1765881727,2025-12-16 10:42:07,2025-12-16 18:42:07,popcorn.picks78,unknown_series,true,true,18,3,"[""tiktok_notyouraveragecrow1.jsonl"", ""tiktok_notyouraveragecrow2.jsonl"", ""tiktok_notyouraveragecrow3.jsonl""]"
7584409145447007032,7584379129022156045,,,false,sarjokuyateh1,sweet king,false,,,,,0,true,true,false,true,false,false,0,4,false,false,false,false,0,0.0,un,,,true,1765882880,2025-12-16 11:01:20,2025-12-16 19:01:20,popcorn.picks78,unknown_series,true,true,18,3,"[""tiktok_notyouraveragecrow1.jsonl"", ""tiktok_notyouraveragecrow2.jsonl"", ""tiktok_notyouraveragecrow3.jsonl""]"
7584409449646965512,7584379129022156045,,,false,prettyextra28,FAVOUR🦋❤️,false,Tag me in the next Part ,tag me in the next part,tag me in the next part,tag me in the next part,23,false,false,false,false,false,false,1,1,false,false,false,false,0,0.0,en,en,true,false,1765882944,2025-12-16 11:02:24,2025-12-16 19:02:24,popcorn.picks78,unknown_series,true,true,18,3,"[""tiktok_notyouraveragecrow1.jsonl"", ""tiktok_notyouraveragecrow2.jsonl"", ""tiktok_notyouraveragecrow3.jsonl""]"
7584409469666394936,7584379129022156045,,,false,sarjokuyateh1,sweet king,false,,,,,0,true,true,false,true,false,false,0,4,false,false,false,false,0,0.0,un,,,true,1765882956,2025-12-16 11:02:36,2025-12-16 19:02:36,popcorn.picks78,unknown_series,true,true,18,3,"[""tiktok_notyouraveragecrow1.jsonl"", ""tiktok_notyouraveragecrow2.jsonl"", ""tiktok_notyouraveragecrow3.jsonl""]"
7584409547856659211,7584379129022156045,,,false,sarjokuyateh1,sweet king,false,,,,,0,true,true,false,true,false,false,0,4,false,false,false,false,0,0.0,un,,,true,1765882972,2025-12-16 11:02:52,2025-12-16 19:02:52,popcorn.picks78,unknown_series,true,true,18,3,"[""tiktok_notyouraveragecrow1.jsonl"", ""tiktok_notyouraveragecrow2.jsonl"", ""tiktok_notyouraveragecrow3.jsonl""]"
7584409642165683000,7584379129022156045,,,false,sarjokuyateh1,sweet king,false,,,,,0,true,true,false,true,false,false,0,4,false,false,false,false,0,0.0,un,,,true,1765882995,2025-12-16 11:03:15,2025-12-16 19:03:15,popcorn.picks78,unknown_series,true,true,18,3,"[""tiktok_notyouraveragecrow1.jsonl"", ""tiktok_notyouraveragecrow2.jsonl"", ""tiktok_notyouraveragecrow3.jsonl""]"
7584414971547992888,7584379129022156045,,,false,knezevic.srb,Knežaa,false,whats tge name of the movie,whats tge name of the movie,whats tge name of the movie,whats tge name of the movie,27,false,false,false,false,false,false,1,1,false,false,false,false,1,0.6931,en,en,true,false,1765884230,2025-12-16 11:23:50,2025-12-16 19:23:50,popcorn.picks78,unknown_series,true,true,18,3,"[""tiktok_notyouraveragecrow1.jsonl"", ""tiktok_notyouraveragecrow2.jsonl"", ""tiktok_notyouraveragecrow3.jsonl""]"
7584418954253320967,7584379129022156045,,,false,cikcell221,’ littlesstars,false,,,,,0,true,true,false,true,false,false,0,1,false,false,false,false,0,0.0,un,,,true,1765885153,2025-12-16 11:39:13,2025-12-16 19:39:13,popcorn.picks78,unknown_series,true,true,18,3,"[""tiktok_notyouraveragecrow1.jsonl"", ""tiktok_notyouraveragecrow2.jsonl"", ""tiktok_notyouraveragecrow3.jsonl""]"
7584420751819948808,7584379129022156045,,,false,tceeglams,Salawudeenteslimat5,false,,,,,0,true,true,false,true,false,false,0,1,false,false,false,false,0,0.0,un,,,true,1765885576,2025-12-16 11:46:16,2025-12-16 19:46:16,popcorn.picks78,unknown_series,true,true,18,3,"[""tiktok_notyouraveragecrow1.jsonl"", ""tiktok_notyouraveragecrow2.jsonl"", ""tiktok_notyouraveragecrow3.jsonl""]"
7584421624893391633,7584379129022156045,,,false,_nomazizi,Nomazizi,false,Omg no,omg no,omg no,omg no,6,false,false,false,false,false,false,1,1,false,false,false,false,0,0.0,en,tl,false,false,1765885778,2025-12-16 11:49:38,2025-12-16 19:49:38,popcorn.picks78,unknown_series,true,true,18,3,"[""tiktok_notyouraveragecrow1.jsonl"", ""tiktok_notyouraveragecrow2.jsonl"", ""tiktok_notyouraveragecrow3.jsonl""]"
7584482853871682325,7584379129022156045,,,false,sonit_hairempire,sonit_hairempire,false,,,,,0,true,true,false,true,false,false,0,1,false,false,false,false,0,0.0,un,,,true,1765900036,2025-12-16 15:47:16,2025-12-16 23:47:16,popcorn.picks78,unknown_series,true,true,18,3,"[""tiktok_notyouraveragecrow1.jsonl"", ""tiktok_notyouraveragecrow2.jsonl"", ""tiktok_notyouraveragecrow3.jsonl""]"
7584485196477694732,7584379129022156045,,,false,ugoyah,Dr Ugoyah🎀,false,MEN,men,men,men,3,false,false,false,false,false,false,1,1,false,false,false,false,3,1.3863,hi,,,true,1765900577,2025-12-16 15:56:17,2025-12-16 23:56:17,popcorn.picks78,unknown_series,true,true,18,3,"[""tiktok_notyouraveragecrow1.jsonl"", ""tiktok_notyouraveragecrow2.jsonl"", ""tiktok_notyouraveragecrow3.jsonl""]"
7584485116828336909,7584379129022156045,,,false,alexmarcial_97,alexmarcial_97,false,,,,,0,true,true,false,true,false,false,0,1,false,false,false,false,0,0.0,un,,,true,1765900583,2025-12-16 15:56:23,2025-12-16 23:56:23,popcorn.picks78,unknown_series,true,true,18,3,"[""tiktok_notyouraveragecrow1.jsonl"", ""tiktok_notyouraveragecrow2.jsonl"", ""tiktok_notyouraveragecrow3.jsonl""]"
7584491501398688530,7584379129022156045,,,false,indraaurellio20,Indra Aurellio,false,,,,,0,true,true,false,true,false,false,0,1,false,false,false,false,0,0.0,un,,,true,1765902046,2025-12-16 16:20:46,2025-12-17 00:20:46,popcorn.picks78,unknown_series,true,true,18,3,"[""tiktok_notyouraveragecrow1.jsonl"", ""tiktok_notyouraveragecrow2.jsonl"", ""tiktok_notyouraveragecrow3.jsonl""]"
7584492566101066512,7584379129022156045,,,false,ays.krim0,ayskrim,false,,,,,0,true,true,false,true,false,false,0,1,false,false,false,false,0,0.0,un,,,true,1765902295,2025-12-16 16:24:55,2025-12-17 00:24:55,popcorn.picks78,unknown_series,true,true,18,3,"[""tiktok_notyouraveragecrow1.jsonl"", ""tiktok_notyouraveragecrow2.jsonl"", ""tiktok_notyouraveragecrow3.jsonl""]"
7584495851847615244,7584379129022156045,,,false,childe23,KOFI🙏 JESUS,false,,,,,0,true,true,false,true,false,false,0,1,false,false,false,false,0,0.0,un,,,true,1765903060,2025-12-16 16:37:40,2025-12-17 00:37:40,popcorn.picks78,unknown_series,true,true,18,3,"[""tiktok_notyouraveragecrow1.jsonl"", ""tiktok_notyouraveragecrow2.jsonl"", ""tiktok_notyouraveragecrow3.jsonl""]"
7584497642530620168,7584379129022156045,,,false,shotsbynels,MOBILE PHOTOGRAPHER IN KD,false,I don watch this film finish for TikTok,i don watch this film finish for tiktok,i don watch this film finish for tiktok,i don watch this film finish for tiktok,39,false,false,false,false,false,false,1,2,false,false,false,false,168,5.1299,en,en,true,false,1765903477,2025-12-16 16:44:37,2025-12-17 00:44:37,popcorn.picks78,unknown_series,true,true,18,3,"[""tiktok_notyouraveragecrow1.jsonl"", ""tiktok_notyouraveragecrow2.jsonl"", ""tiktok_notyouraveragecrow3.jsonl""]"
7584498212292510471,7584379129022156045,,,false,sunshine.gascon,Sunshine Gascon,false,,,,,0,true,true,false,true,false,false,0,1,false,false,false,false,0,0.0,un,,,true,1765903609,2025-12-16 16:46:49,2025-12-17 00:46:49,popcorn.picks78,unknown_series,true,true,18,3,"[""tiktok_notyouraveragecrow1.jsonl"", ""tiktok_notyouraveragecrow2.jsonl"", ""tiktok_notyouraveragecrow3.jsonl""]"
7584499998214587147,7584379129022156045,,,false,neyro27,Rolyna ovide,false,,,,,0,true,true,false,true,false,false,0,1,false,false,false,false,0,0.0,un,,,true,1765904024,2025-12-16 16:53:44,2025-12-17 00:53:44,popcorn.picks78,unknown_series,true,true,18,3,"[""tiktok_notyouraveragecrow1.jsonl"", ""tiktok_notyouraveragecrow2.jsonl"", ""tiktok_notyouraveragecrow3.jsonl""]"
7584500133296112395,7584379129022156045,,,false,g635302,g,false,,,,,0,true,true,false,true,false,false,0,1,false,false,false,false,0,0.0,un,,,true,1765904056,2025-12-16 16:54:16,2025-12-17 00:54:16,popcorn.picks78,unknown_series,true,true,18,3,"[""tiktok_notyouraveragecrow1.jsonl"", ""tiktok_notyouraveragecrow2.jsonl"", ""tiktok_notyouraveragecrow3.jsonl""]"
7584501079132799755,7584379129022156045,,,false,ama_reina,Reina🥰,false,Is a He/she Barcly‍♀️,is a he/she barcly‍♀️,is a he/she barcly‍:female_sign:,is a he/she barcly‍:female_sign:,19,false,false,false,false,false,false,1,1,false,false,false,false,0,0.0,en,en,true,false,1765904276,2025-12-16 16:57:56,2025-12-17 00:57:56,popcorn.picks78,unknown_series,true,true,18,3,"[""tiktok_notyouraveragecrow1.jsonl"", ""tiktok_notyouraveragecrow2.jsonl"", ""tiktok_notyouraveragecrow3.jsonl""]"
7584502254419772168,7584379129022156045,7584497642530620168,I don watch this film finish for TikTok,true,alexuser5945811684397,Tommy ☠️,false,mumu,mumu,mumu,mumu,4,false,false,false,false,false,false,1,1,false,false,false,false,0,0.0,sm,sw,false,false,1765904552,2025-12-16 17:02:32,2025-12-17 01:02:32,popcorn.picks78,unknown_series,true,true,18,3,"[""tiktok_notyouraveragecrow1.jsonl"", ""tiktok_notyouraveragecrow2.jsonl"", ""tiktok_notyouraveragecrow3.jsonl""]"
7584502336828523272,7584379129022156045,,,false,hhamza_ahhmedd,🌪,false,when's the next episode coming out??,when's the next episode coming out??,when's the next episode coming out??,when's the next episode coming out??,36,false,false,false,false,false,false,1,1,false,false,false,false,0,0.0,en,en,true,false,1765904568,2025-12-16 17:02:48,2025-12-17 01:02:48,popcorn.picks78,unknown_series,true,true,18,3,"[""tiktok_notyouraveragecrow1.jsonl"", ""tiktok_notyouraveragecrow2.jsonl"", ""tiktok_notyouraveragecrow3.jsonl""]"
7584503351716741895,7584379129022156045,,,false,to..5635256786,💞BiLLU BrAnD😘,false,,,,,0,true,true,false,true,false,false,0,1,false,false,false,false,0,0.0,un,,,true,1765904807,2025-12-16 17:06:47,2025-12-17 01:06:47,popcorn.picks78,unknown_series,true,true,18,3,"[""tiktok_notyouraveragecrow1.jsonl"", ""tiktok_notyouraveragecrow2.jsonl"", ""tiktok_notyouraveragecrow3.jsonl""]"
7584506383858385682,7584379129022156045,,,false,javistos,javistos,false,,,,,0,true,true,false,true,false,false,0,1,false,false,false,false,0,0.0,un,,,true,1765905507,2025-12-16 17:18:27,2025-12-17 01:18:27,popcorn.picks78,unknown_series,true,true,18,3,"[""tiktok_notyouraveragecrow1.jsonl"", ""tiktok_notyouraveragecrow2.jsonl"", ""tiktok_notyouraveragecrow3.jsonl""]"
7584505954001437451,7584379129022156045,,,false,pricharl,Pri~charly,false,Developed feelings??,developed feelings??,developed feelings??,developed feelings??,20,false,false,false,false,false,false,1,1,false,false,false,false,1,0.6931,en,nl,false,false,1765905590,2025-12-16 17:19:50,2025-12-17 01:19:50,popcorn.picks78,unknown_series,true,true,18,3,"[""tiktok_notyouraveragecrow1.jsonl"", ""tiktok_notyouraveragecrow2.jsonl"", ""tiktok_notyouraveragecrow3.jsonl""]"
7584507973410702087,7584379129022156045,7584391401547531025,bro eat everything ,true,ohemaatay,Esther🍓,false,Literally ,literally,literally,literally,9,false,false,false,false,false,false,1,1,false,false,false,false,1,0.6931,en,en,true,false,1765905880,2025-12-16 17:24:40,2025-12-17 01:24:40,popcorn.picks78,unknown_series,true,true,18,3,"[""tiktok_notyouraveragecrow1.jsonl"", ""tiktok_notyouraveragecrow2.jsonl"", ""tiktok_notyouraveragecrow3.jsonl""]"
7584508933789172492,7584379129022156045,,,false,marc47782,Marcus✨🏀,false,,,,,0,true,true,false,true,false,false,0,1,false,false,false,false,0,0.0,un,,,true,1765906104,2025-12-16 17:28:24,2025-12-17 01:28:24,popcorn.picks78,unknown_series,true,true,18,3,"[""tiktok_notyouraveragecrow1.jsonl"", ""tiktok_notyouraveragecrow2.jsonl"", ""tiktok_notyouraveragecrow3.jsonl""]"
7584510651726594817,7584379129022156045,,,false,sycforlife,BLEEDEM♿️,false,Something is fishy too,something is fishy too,something is fishy too,something is fishy too,22,false,false,false,false,false,false,1,1,false,false,false,false,4,1.6094,en,en,true,false,1765906508,2025-12-16 17:35:08,2025-12-17 01:35:08,popcorn.picks78,unknown_series,true,true,18,3,"[""tiktok_notyouraveragecrow1.jsonl"", ""tiktok_notyouraveragecrow2.jsonl"", ""tiktok_notyouraveragecrow3.jsonl""]"
7584513124495000331,7584379129022156045,,,false,saibo.sissoko,Saibo Sissoko,false,❤❤❤,❤❤❤,:red_heart::red_heart::red_heart:,:red_heart::red_heart::red_heart:,0,false,false,false,true,false,false,0,1,false,false,false,false,0,0.0,un,,,true,1765907082,2025-12-16 17:44:42,2025-12-17 01:44:42,popcorn.picks78,unknown_series,true,true,18,3,"[""tiktok_notyouraveragecrow1.jsonl"", ""tiktok_notyouraveragecrow2.jsonl"", ""tiktok_notyouraveragecrow3.jsonl""]"
7584513386747970305,7584379129022156045,,,false,paulsail8,paulsail8,false,,,,,0,true,true,false,true,false,false,0,1,false,false,false,false,0,0.0,un,,,true,1765907146,2025-12-16 17:45:46,2025-12-17 01:45:46,popcorn.picks78,unknown_series,true,true,18,3,"[""tiktok_notyouraveragecrow1.jsonl"", ""tiktok_notyouraveragecrow2.jsonl"", ""tiktok_notyouraveragecrow3.jsonl""]"
7584513712767271692,7584379129022156045,,,false,nyuma139,nyuma139,false,what episode is this,what episode is this,what episode is this,what episode is this,20,false,false,false,false,false,false,1,1,false,false,false,false,0,0.0,en,en,true,false,1765907220,2025-12-16 17:47:00,2025-12-17 01:47:00,popcorn.picks78,unknown_series,true,true,18,3,"[""tiktok_notyouraveragecrow1.jsonl"", ""tiktok_notyouraveragecrow2.jsonl"", ""tiktok_notyouraveragecrow3.jsonl""]"
7584514827839947532,7584379129022156045,,,false,abe_n.aaa,♥️Abena 🇬🇭 Akwaboah ❤️,false,But Fish is a normal protein for man right? ,but fish is a normal protein for man right?,but fish is a normal protein for man right?,but fish is a normal protein for man right?,43,false,false,false,false,false,false,1,1,false,false,false,false,8,2.1972,en,en,true,false,1765907480,2025-12-16 17:51:20,2025-12-17 01:51:20,popcorn.picks78,unknown_series,true,true,18,3,"[""tiktok_notyouraveragecrow1.jsonl"", ""tiktok_notyouraveragecrow2.jsonl"", ""tiktok_notyouraveragecrow3.jsonl""]"
7584515756660114184,7584379129022156045,7584497642530620168,I don watch this film finish for TikTok,true,shotsbynels,MOBILE PHOTOGRAPHER IN KD,false,Nna hope nothing?,nna hope nothing?,nna hope nothing?,nna hope nothing?,17,false,false,false,false,false,false,1,2,false,false,false,false,2,1.0986,en,en,true,false,1765907700,2025-12-16 17:55:00,2025-12-17 01:55:00,popcorn.picks78,unknown_series,true,true,18,3,"[""tiktok_notyouraveragecrow1.jsonl"", ""tiktok_notyouraveragecrow2.jsonl"", ""tiktok_notyouraveragecrow3.jsonl""]"
7584522935168615180,7584379129022156045,,,false,sldjt.i1,sldjt.i1,false,,,,,0,true,true,false,true,false,false,0,1,false,false,false,false,0,0.0,un,,,true,1765909365,2025-12-16 18:22:45,2025-12-17 02:22:45,popcorn.picks78,unknown_series,true,true,18,3,"[""tiktok_notyouraveragecrow1.jsonl"", ""tiktok_notyouraveragecrow2.jsonl"", ""tiktok_notyouraveragecrow3.jsonl""]"
7584524489930490625,7584379129022156045,,,false,_dr_diablo,🌀eŁÙXX🎮,false,Something fishy is going on ,something fishy is going on,something fishy is going on,something fishy is going on,27,false,false,false,false,false,false,1,1,false,false,false,false,3093,8.0372,en,en,true,false,1765909737,2025-12-16 18:28:57,2025-12-17 02:28:57,popcorn.picks78,unknown_series,true,true,18,3,"[""tiktok_notyouraveragecrow1.jsonl"", ""tiktok_notyouraveragecrow2.jsonl"", ""tiktok_notyouraveragecrow3.jsonl""]"
7584526456227742520,7584379129022156045,,,false,shifahtwist,Blessings.,false,ABEEEGGIII,abeggi,abeggi,abeggi,10,false,false,false,false,false,false,1,1,false,false,false,false,6,1.9459,ms,it,false,false,1765910183,2025-12-16 18:36:23,2025-12-17 02:36:23,popcorn.picks78,unknown_series,true,true,18,3,"[""tiktok_notyouraveragecrow1.jsonl"", ""tiktok_notyouraveragecrow2.jsonl"", ""tiktok_notyouraveragecrow3.jsonl""]"
7584528388426203911,7584379129022156045,,,false,the_royal_personality_,👑🔥❌$¥EÐ ҤU$$λł₦ λŁł❌ 🔥👑,false,☺,☺,:smiling_face:,:smiling_face:,0,false,false,false,true,false,false,0,1,false,false,false,false,0,0.0,un,,,true,1765910634,2025-12-16 18:43:54,2025-12-17 02:43:54,popcorn.picks78,unknown_series,true,true,18,3,"[""tiktok_notyouraveragecrow1.jsonl"", ""tiktok_notyouraveragecrow2.jsonl"", ""tiktok_notyouraveragecrow3.jsonl""]"
7584529644763710226,7584379129022156045,,,false,tango_snapz,Tango_snapz,false,T,t,t,t,1,false,false,false,true,false,false,1,1,false,false,false,false,0,0.0,en,,,true,1765910932,2025-12-16 18:48:52,2025-12-17 02:48:52,popcorn.picks78,unknown_series,true,true,18,3,"[""tiktok_notyouraveragecrow1.jsonl"", ""tiktok_notyouraveragecrow2.jsonl"", ""tiktok_notyouraveragecrow3.jsonl""]"
7584531347591971596,7584379129022156045,7584524489930490625,Something fishy is going on ,true,bartellmule0,Nick,false,ok,ok,ok,ok,2,false,false,false,true,false,false,1,1,false,false,false,false,2,1.0986,en,,,true,1765911322,2025-12-16 18:55:22,2025-12-17 02:55:22,popcorn.picks78,unknown_series,true,true,18,3,"[""tiktok_notyouraveragecrow1.jsonl"", ""tiktok_notyouraveragecrow2.jsonl"", ""tiktok_notyouraveragecrow3.jsonl""]"
7584536841057469185,7584379129022156045,,,false,davidattahonu,David Attah Onu,false,next,next,next,next,4,false,false,false,false,false,false,1,1,false,false,false,false,0,0.0,en,cs,false,false,1765912612,2025-12-16 19:16:52,2025-12-17 03:16:52,popcorn.picks78,unknown_series,true,true,18,3,"[""tiktok_notyouraveragecrow1.jsonl"", ""tiktok_notyouraveragecrow2.jsonl"", ""tiktok_notyouraveragecrow3.jsonl""]"
7584540159339086612,7584379129022156045,,,false,c2.wj,Waleed 🤷🏻‍♂️,false,,,,,0,true,true,false,true,false,false,0,1,false,false,false,false,0,0.0,un,,,true,1765913390,2025-12-16 19:29:50,2025-12-17 03:29:50,popcorn.picks78,unknown_series,true,true,18,3,"[""tiktok_notyouraveragecrow1.jsonl"", ""tiktok_notyouraveragecrow2.jsonl"", ""tiktok_notyouraveragecrow3.jsonl""]"
7584540484322099980,7584379129022156045,,,false,matthewsegun342,AnuoluwapoSegun,false,,,,,0,true,true,false,true,false,false,0,1,false,false,false,false,0,0.0,un,,,true,1765913453,2025-12-16 19:30:53,2025-12-17 03:30:53,popcorn.picks78,unknown_series,true,true,18,3,"[""tiktok_notyouraveragecrow1.jsonl"", ""tiktok_notyouraveragecrow2.jsonl"", ""tiktok_notyouraveragecrow3.jsonl""]"
7584545265857102609,7584379129022156045,,,false,update.new.taker,NOTIFICATIONS,false,did fish have toto,did fish have toto,did fish have toto,did fish have toto,18,false,false,false,false,false,false,1,1,false,false,false,false,0,0.0,en,en,true,false,1765914570,2025-12-16 19:49:30,2025-12-17 03:49:30,popcorn.picks78,unknown_series,true,true,18,3,"[""tiktok_notyouraveragecrow1.jsonl"", ""tiktok_notyouraveragecrow2.jsonl"", ""tiktok_notyouraveragecrow3.jsonl""]"
7584546189216711445,7584379129022156045,,,false,iamsoregarded,Lawnz4Good 💨,false,Azaw Nawww ,azaw naw,azaw naw,azaw naw,10,false,false,false,false,false,false,1,1,false,false,false,false,0,0.0,en,pl,false,false,1765914792,2025-12-16 19:53:12,2025-12-17 03:53:12,popcorn.picks78,unknown_series,true,true,18,3,"[""tiktok_notyouraveragecrow1.jsonl"", ""tiktok_notyouraveragecrow2.jsonl"", ""tiktok_notyouraveragecrow3.jsonl""]"
7584547923855229708,7584379129022156045,,,false,_ml.drammeh_,_ml.drammeh_,false,You will never swim alone ,you will never swim alone,you will never swim alone,you will never swim alone,25,false,false,false,false,false,false,1,1,false,false,false,false,0,0.0,en,en,true,false,1765915186,2025-12-16 19:59:46,2025-12-17 03:59:46,popcorn.picks78,unknown_series,true,true,18,3,"[""tiktok_notyouraveragecrow1.jsonl"", ""tiktok_notyouraveragecrow2.jsonl"", ""tiktok_notyouraveragecrow3.jsonl""]"
7584547644187034379,7584379129022156045,,,false,countryman_13,Black Guy,false,Is the fish male or female?,is the fish male or female?,is the fish male or female?,is the fish male or female?,27,false,false,false,false,false,false,1,1,false,false,false,false,0,0.0,en,en,true,false,1765915258,2025-12-16 20:00:58,2025-12-17 04:00:58,popcorn.picks78,unknown_series,true,true,18,3,"[""tiktok_notyouraveragecrow1.jsonl"", ""tiktok_notyouraveragecrow2.jsonl"", ""tiktok_notyouraveragecrow3.jsonl""]"
7584548927498601228,7584379129022156045,7584524489930490625,Something fishy is going on ,true,tadala051,Tadala1,false, I see,i see,i see,i see,5,false,false,false,false,false,false,1,1,false,false,false,false,1,0.6931,en,et,false,false,1765915419,2025-12-16 20:03:39,2025-12-17 04:03:39,popcorn.picks78,unknown_series,true,true,18,3,"[""tiktok_notyouraveragecrow1.jsonl"", ""tiktok_notyouraveragecrow2.jsonl"", ""tiktok_notyouraveragecrow3.jsonl""]"
7584550235793212216,7584379129022156045,,,false,tn.prince_202,Amez Prince,false,Same btw,same btw,same btw,same btw,8,false,false,false,false,false,false,1,1,false,false,false,false,98,4.5951,en,so,false,false,1765915724,2025-12-16 20:08:44,2025-12-17 04:08:44,popcorn.picks78,unknown_series,true,true,18,3,"[""tiktok_notyouraveragecrow1.jsonl"", ""tiktok_notyouraveragecrow2.jsonl"", ""tiktok_notyouraveragecrow3.jsonl""]"
7584277299933152021,7584379129022156045,,,false,youngkelly24,udoyeemeka840,false,bro iss living the mermaid fairy tail ,bro iss living the mermaid fairy tail,bro iss living the mermaid fairy tail,bro iss living the mermaid fairy tail,37,false,false,false,false,false,false,1,1,false,false,false,false,0,0.0,en,en,true,false,1765915794,2025-12-16 20:09:54,2025-12-17 04:09:54,popcorn.picks78,unknown_series,true,true,18,3,"[""tiktok_notyouraveragecrow1.jsonl"", ""tiktok_notyouraveragecrow2.jsonl"", ""tiktok_notyouraveragecrow3.jsonl""]"
7584550939903345464,7584379129022156045,,,false,rudy.styled.it,rudy.styled.it,false,,,,,0,true,true,false,true,false,false,0,1,false,false,false,false,0,0.0,un,,,true,1765915886,2025-12-16 20:11:26,2025-12-17 04:11:26,popcorn.picks78,unknown_series,true,true,18,3,"[""tiktok_notyouraveragecrow1.jsonl"", ""tiktok_notyouraveragecrow2.jsonl"", ""tiktok_notyouraveragecrow3.jsonl""]"
7584551479613145867,7584379129022156045,,,false,hendriede.jager,Hendriede Jager,false,,,,,0,true,true,false,true,false,false,0,1,false,false,false,false,0,0.0,un,,,true,1765916010,2025-12-16 20:13:30,2025-12-17 04:13:30,popcorn.picks78,unknown_series,true,true,18,3,"[""tiktok_notyouraveragecrow1.jsonl"", ""tiktok_notyouraveragecrow2.jsonl"", ""tiktok_notyouraveragecrow3.jsonl""]"
7584552321955939092,7584379129022156045,,,false,stephenfamilly221,stephenfamilly221,false,What is the name of this movie?,what is the name of this movie?,what is the name of this movie?,what is the name of this movie?,31,false,false,false,false,false,false,1,2,false,false,false,false,4,1.6094,en,en,true,false,1765916220,2025-12-16 20:17:00,2025-12-17 04:17:00,popcorn.picks78,unknown_series,true,true,18,3,"[""tiktok_notyouraveragecrow1.jsonl"", ""tiktok_notyouraveragecrow2.jsonl"", ""tiktok_notyouraveragecrow3.jsonl""]"
7584552768422871815,7584379129022156045,,,false,akadombas,Akajameh wisdom,false,This film isn't on Netfliix or YouTube,this film isn't on netfliix or youtube,this film isn't on netfliix or youtube,this film isn't on netfliix or youtube,38,false,false,false,false,false,false,1,1,false,false,false,false,0,0.0,en,en,true,false,1765916322,2025-12-16 20:18:42,2025-12-17 04:18:42,popcorn.picks78,unknown_series,true,true,18,3,"[""tiktok_notyouraveragecrow1.jsonl"", ""tiktok_notyouraveragecrow2.jsonl"", ""tiktok_notyouraveragecrow3.jsonl""]"
7584552898639577868,7584379129022156045,,,false,awal.baafira,BAAFIRA,false,E1234,e1234,e1234,e1234,5,false,false,false,false,false,false,1,1,false,false,false,false,0,0.0,pt,sq,false,false,1765916346,2025-12-16 20:19:06,2025-12-17 04:19:06,popcorn.picks78,unknown_series,true,true,18,3,"[""tiktok_notyouraveragecrow1.jsonl"", ""tiktok_notyouraveragecrow2.jsonl"", ""tiktok_notyouraveragecrow3.jsonl""]"
7584554539039834936,7584379129022156045,7584552321955939092,What is the name of this movie?,true,stubbornwonder,🍭❤️‍🔥𝓵𝓲𝓯𝓮𝓵𝓲𝓷𝓮 😝🫀🫶,false,the war between the land and the sea,the war between the land and the sea,the war between the land and the sea,the war between the land and the sea,36,false,false,false,false,false,false,2,4,false,false,false,false,1,0.6931,en,en,true,false,1765916724,2025-12-16 20:25:24,2025-12-17 04:25:24,popcorn.picks78,unknown_series,true,true,18,3,"[""tiktok_notyouraveragecrow1.jsonl"", ""tiktok_notyouraveragecrow2.jsonl"", ""tiktok_notyouraveragecrow3.jsonl""]"
7584554595348448056,7584379129022156045,7584485196477694732,MEN,true,verr_bear07,𝑂𝒽_𝓋𝑒𝓇𝒶🌸,false,Liars,liars,liars,liars,5,false,false,false,false,false,false,1,1,false,false,false,false,0,0.0,en,it,false,false,1765916737,2025-12-16 20:25:37,2025-12-17 04:25:37,popcorn.picks78,unknown_series,true,true,18,3,"[""tiktok_notyouraveragecrow1.jsonl"", ""tiktok_notyouraveragecrow2.jsonl"", ""tiktok_notyouraveragecrow3.jsonl""]"
7584554620409824021,7584379129022156045,7584552321955939092,What is the name of this movie?,true,stephenfamilly221,stephenfamilly221,false,Thanks but that’s not the real name of,thanks but that’s not the real name of,thanks but that’s not the real name of,thanks but that’s not the real name of,38,false,false,false,false,false,false,1,2,false,false,false,false,1,0.6931,en,en,true,false,1765916761,2025-12-16 20:26:01,2025-12-17 04:26:01,popcorn.picks78,unknown_series,true,true,18,3,"[""tiktok_notyouraveragecrow1.jsonl"", ""tiktok_notyouraveragecrow2.jsonl"", ""tiktok_notyouraveragecrow3.jsonl""]"
7584555118478820107,7584379129022156045,7584414971547992888,whats tge name of the movie,true,stubbornwonder,🍭❤️‍🔥𝓵𝓲𝓯𝓮𝓵𝓲𝓷𝓮 😝🫀🫶,false,the land between the land and the sea,the land between the land and the sea,the land between the land and the sea,the land between the land and the sea,37,false,false,false,false,false,false,2,4,false,false,false,false,1,0.6931,en,en,true,false,1765916860,2025-12-16 20:27:40,2025-12-17 04:27:40,popcorn.picks78,unknown_series,true,true,18,3,"[""tiktok_notyouraveragecrow1.jsonl"", ""tiktok_notyouraveragecrow2.jsonl"", ""tiktok_notyouraveragecrow3.jsonl""]"
7584555256849351480,7584379129022156045,7584502336828523272,when's the next episode coming out??,true,stubbornwonder,🍭❤️‍🔥𝓵𝓲𝓯𝓮𝓵𝓲𝓷𝓮 😝🫀🫶,false,it's already out,it's already out,it's already out,it's already out,16,false,false,false,false,false,false,2,4,false,false,false,false,0,0.0,en,en,true,false,1765916894,2025-12-16 20:28:14,2025-12-17 04:28:14,popcorn.picks78,unknown_series,true,true,18,3,"[""tiktok_notyouraveragecrow1.jsonl"", ""tiktok_notyouraveragecrow2.jsonl"", ""tiktok_notyouraveragecrow3.jsonl""]"
7584555308757533451,7584379129022156045,7584388805882299192,title pls,true,stubbornwonder,🍭❤️‍🔥𝓵𝓲𝓯𝓮𝓵𝓲𝓷𝓮 😝🫀🫶,false,the war between the land and the sea,the war between the land and the sea,the war between the land and the sea,the war between the land and the sea,36,false,false,false,false,false,false,2,4,false,false,false,false,1,0.6931,en,en,true,false,1765916903,2025-12-16 20:28:23,2025-12-17 04:28:23,popcorn.picks78,unknown_series,true,true,18,3,"[""tiktok_notyouraveragecrow1.jsonl"", ""tiktok_notyouraveragecrow2.jsonl"", ""tiktok_notyouraveragecrow3.jsonl""]"
7584555313169990418,7584379129022156045,,,false,id_null_,ؘ,false,Game is game ‍♂️,game is game ‍♂️,game is game ‍:male_sign:,game is game ‍:male_sign:,14,false,false,false,false,false,false,1,1,false,false,false,false,0,0.0,en,lt,false,false,1765916920,2025-12-16 20:28:40,2025-12-17 04:28:40,popcorn.picks78,unknown_series,true,true,18,3,"[""tiktok_notyouraveragecrow1.jsonl"", ""tiktok_notyouraveragecrow2.jsonl"", ""tiktok_notyouraveragecrow3.jsonl""]"
7584556294558122808,7584379129022156045,7584391401547531025,bro eat everything ,true,prettyy_yy1,Her🎈,false,Vegetarians hate to see him coming,vegetarians hate to see him coming,vegetarians hate to see him coming,vegetarians hate to see him coming,34,false,false,false,false,false,false,1,1,false,false,false,false,1,0.6931,en,en,true,false,1765917137,2025-12-16 20:32:17,2025-12-17 04:32:17,popcorn.picks78,unknown_series,true,true,18,3,"[""tiktok_notyouraveragecrow1.jsonl"", ""tiktok_notyouraveragecrow2.jsonl"", ""tiktok_notyouraveragecrow3.jsonl""]"
7584556605250290444,7584379129022156045,,,false,oulaasuman,oulaasuman,false,next part,next part,next part,next part,9,false,false,false,false,false,false,1,1,false,false,false,false,0,0.0,en,fr,false,false,1765917338,2025-12-16 20:35:38,2025-12-17 04:35:38,popcorn.picks78,unknown_series,true,true,18,3,"[""tiktok_notyouraveragecrow1.jsonl"", ""tiktok_notyouraveragecrow2.jsonl"", ""tiktok_notyouraveragecrow3.jsonl""]"
7584556068342055697,7584379129022156045,,,false,imortal.e,prince,false,as how na,as how na,as how na,as how na,9,false,false,false,false,false,false,1,1,false,false,false,false,1,0.6931,pt,en,false,false,1765917420,2025-12-16 20:37:00,2025-12-17 04:37:00,popcorn.picks78,unknown_series,true,true,18,3,"[""tiktok_notyouraveragecrow1.jsonl"", ""tiktok_notyouraveragecrow2.jsonl"", ""tiktok_notyouraveragecrow3.jsonl""]"
7584558536182498104,7584379129022156045,,,false,pretty.moni37,Pretty moni💕🎱😎,false,,,,,0,true,true,false,true,false,false,0,1,false,false,false,false,0,0.0,un,,,true,1765917658,2025-12-16 20:40:58,2025-12-17 04:40:58,popcorn.picks78,unknown_series,true,true,18,3,"[""tiktok_notyouraveragecrow1.jsonl"", ""tiktok_notyouraveragecrow2.jsonl"", ""tiktok_notyouraveragecrow3.jsonl""]"
7584559326304895777,7584379129022156045,,,false,benjamino056,benjamino056,false,,,,,0,true,true,false,true,false,false,0,1,false,false,false,false,0,0.0,un,,,true,1765917841,2025-12-16 20:44:01,2025-12-17 04:44:01,popcorn.picks78,unknown_series,true,true,18,3,"[""tiktok_notyouraveragecrow1.jsonl"", ""tiktok_notyouraveragecrow2.jsonl"", ""tiktok_notyouraveragecrow3.jsonl""]"
7584561506190017336,7584379129022156045,,,false,one.syde07,young Dj one ☝️ syde @,false,,,,,0,true,true,false,true,false,false,0,1,false,false,false,false,0,0.0,un,,,true,1765918349,2025-12-16 20:52:29,2025-12-17 04:52:29,popcorn.picks78,unknown_series,true,true,18,3,"[""tiktok_notyouraveragecrow1.jsonl"", ""tiktok_notyouraveragecrow2.jsonl"", ""tiktok_notyouraveragecrow3.jsonl""]"
7584561661245358856,7584379129022156045,,,false,omphilemoabi0,Pretty lameshh💗,false,,,,,0,true,true,false,true,false,false,0,1,false,false,false,false,0,0.0,un,,,true,1765918395,2025-12-16 20:53:15,2025-12-17 04:53:15,popcorn.picks78,unknown_series,true,true,18,3,"[""tiktok_notyouraveragecrow1.jsonl"", ""tiktok_notyouraveragecrow2.jsonl"", ""tiktok_notyouraveragecrow3.jsonl""]"
7584562173109977867,7584379129022156045,,,false,shueib.mohamed,shuceyb🐼,false,this is why i will not be watching this sh**t,this is why i will not be watching this sh**t,this is why i will not be watching this sh**t,this is why i will not be watching this sh**t,45,false,false,false,false,false,false,1,1,false,false,false,false,0,0.0,en,en,true,false,1765918505,2025-12-16 20:55:05,2025-12-17 04:55:05,popcorn.picks78,unknown_series,true,true,18,3,"[""tiktok_notyouraveragecrow1.jsonl"", ""tiktok_notyouraveragecrow2.jsonl"", ""tiktok_notyouraveragecrow3.jsonl""]"
7584564256092226315,7584379129022156045,,,false,ayaana475,ayaana475,false,that one bro who eats anything ,that one bro who eats anything,that one bro who eats anything,that one bro who eats anything,30,false,false,false,false,false,false,1,1,false,false,false,false,0,0.0,en,en,true,false,1765919096,2025-12-16 21:04:56,2025-12-17 05:04:56,popcorn.picks78,unknown_series,true,true,18,3,"[""tiktok_notyouraveragecrow1.jsonl"", ""tiktok_notyouraveragecrow2.jsonl"", ""tiktok_notyouraveragecrow3.jsonl""]"
7584565995089920775,7584379129022156045,,,false,i_am_temi2,Temi🤍🥀,false,saute,saute,saute,saute,5,false,false,false,false,false,false,1,1,false,false,false,false,0,0.0,sm,lv,false,false,1765919405,2025-12-16 21:10:05,2025-12-17 05:10:05,popcorn.picks78,unknown_series,true,true,18,3,"[""tiktok_notyouraveragecrow1.jsonl"", ""tiktok_notyouraveragecrow2.jsonl"", ""tiktok_notyouraveragecrow3.jsonl""]"
7584567726137770808,7584379129022156045,,,false,td04turbo,Td04 gTurbo,false,Sautee,sautee,sautee,sautee,6,false,false,false,false,false,false,1,1,false,false,false,false,1,0.6931,fr,fi,false,false,1765919800,2025-12-16 21:16:40,2025-12-17 05:16:40,popcorn.picks78,unknown_series,true,true,18,3,"[""tiktok_notyouraveragecrow1.jsonl"", ""tiktok_notyouraveragecrow2.jsonl"", ""tiktok_notyouraveragecrow3.jsonl""]"
7584569101101089544,7584379129022156045,,,false,diop62690,Diop😍😍😍❤️,false,,,,,0,true,true,false,true,false,false,0,1,false,false,false,false,0,0.0,un,,,true,1765920126,2025-12-16 21:22:06,2025-12-17 05:22:06,popcorn.picks78,unknown_series,true,true,18,3,"[""tiktok_notyouraveragecrow1.jsonl"", ""tiktok_notyouraveragecrow2.jsonl"", ""tiktok_notyouraveragecrow3.jsonl""]"
7584569519583757067,7584379129022156045,,,false,razklat.awydiz,Razklat Awydiz,false,Please is the movie on youtube,please is the movie on youtube,please is the movie on youtube,please is the movie on youtube,30,false,false,false,false,false,false,1,1,false,false,false,false,0,0.0,en,en,true,false,1765920214,2025-12-16 21:23:34,2025-12-17 05:23:34,popcorn.picks78,unknown_series,true,true,18,3,"[""tiktok_notyouraveragecrow1.jsonl"", ""tiktok_notyouraveragecrow2.jsonl"", ""tiktok_notyouraveragecrow3.jsonl""]"
7584570757611897616,7584379129022156045,,,false,msbassettevip_fan,MsBassetteVIP_Fan,false,Sies..,sies..,sies..,sies..,6,false,false,false,false,false,false,1,1,false,false,false,false,0,0.0,es,af,false,false,1765920510,2025-12-16 21:28:30,2025-12-17 05:28:30,popcorn.picks78,unknown_series,true,true,18,3,"[""tiktok_notyouraveragecrow1.jsonl"", ""tiktok_notyouraveragecrow2.jsonl"", ""tiktok_notyouraveragecrow3.jsonl""]"
7584570885286134584,7584379129022156045,,,false,ellastminutegod,MAN LIKE ACCESS MONI 💰,false,,,,,0,true,true,false,true,false,false,0,1,false,false,false,false,0,0.0,un,,,true,1765920528,2025-12-16 21:28:48,2025-12-17 05:28:48,popcorn.picks78,unknown_series,true,true,18,3,"[""tiktok_notyouraveragecrow1.jsonl"", ""tiktok_notyouraveragecrow2.jsonl"", ""tiktok_notyouraveragecrow3.jsonl""]"
7584570922113024769,7584379129022156045,,,false,queenvivyan3,🎀👑 QUEEN VIVYAN 👑🎀,false,Men,men,men,men,3,false,false,false,false,false,false,1,1,false,false,false,false,0,0.0,hi,,,true,1765920551,2025-12-16 21:29:11,2025-12-17 05:29:11,popcorn.picks78,unknown_series,true,true,18,3,"[""tiktok_notyouraveragecrow1.jsonl"", ""tiktok_notyouraveragecrow2.jsonl"", ""tiktok_notyouraveragecrow3.jsonl""]"
7584571042988999425,7584379129022156045,,,false,donimircks,donimircks,false,ngl id crack too❤️‍,ngl id crack too❤️‍,ngl id crack too❤‍,ngl id crack too❤‍,18,false,false,false,false,false,false,1,1,false,false,false,false,0,0.0,en,en,true,false,1765920604,2025-12-16 21:30:04,2025-12-17 05:30:04,popcorn.picks78,unknown_series,true,true,18,3,"[""tiktok_notyouraveragecrow1.jsonl"", ""tiktok_notyouraveragecrow2.jsonl"", ""tiktok_notyouraveragecrow3.jsonl""]"
7584571722093331213,7584379129022156045,,,false,dang.c3hree,dang.c3hree,false,,,,,0,true,true,false,true,false,false,0,1,false,false,false,false,0,0.0,un,,,true,1765920750,2025-12-16 21:32:30,2025-12-17 05:32:30,popcorn.picks78,unknown_series,true,true,18,3,"[""tiktok_notyouraveragecrow1.jsonl"", ""tiktok_notyouraveragecrow2.jsonl"", ""tiktok_notyouraveragecrow3.jsonl""]"
7584572113988010808,7584379129022156045,,,false,frankie.degale,Frankie Degale,false,,,,,0,true,true,false,true,false,false,0,1,false,false,false,false,0,0.0,un,,,true,1765920823,2025-12-16 21:33:43,2025-12-17 05:33:43,popcorn.picks78,unknown_series,true,true,18,3,"[""tiktok_notyouraveragecrow1.jsonl"", ""tiktok_notyouraveragecrow2.jsonl"", ""tiktok_notyouraveragecrow3.jsonl""]"
7584572362356966165,7584379129022156045,7584524489930490625,Something fishy is going on ,true,datsamedude,𝑫𝑬𝑴𝑶𝑳𝑨✊,false,,,,,0,true,true,false,true,false,false,0,1,false,false,false,false,16,2.8332,un,,,true,1765920884,2025-12-16 21:34:44,2025-12-17 05:34:44,popcorn.picks78,unknown_series,true,true,18,3,"[""tiktok_notyouraveragecrow1.jsonl"", ""tiktok_notyouraveragecrow2.jsonl"", ""tiktok_notyouraveragecrow3.jsonl""]"
7584574038878569236,7584379129022156045,,,false,shinzen05,burns,false,bro betrayed humanity for some fishy puh,bro betrayed humanity for some fishy puh,bro betrayed humanity for some fishy puh,bro betrayed humanity for some fishy puh,40,false,false,false,false,false,false,1,1,false,false,false,false,0,0.0,en,en,true,false,1765921273,2025-12-16 21:41:13,2025-12-17 05:41:13,popcorn.picks78,unknown_series,true,true,18,3,"[""tiktok_notyouraveragecrow1.jsonl"", ""tiktok_notyouraveragecrow2.jsonl"", ""tiktok_notyouraveragecrow3.jsonl""]"
7584573180419031828,7584379129022156045,,,false,benedictvaaltyn62,Benedict Vaaltyn,false,When his father told him that there's plenty of fish in the sea he took it to heart,when his father told him that there's plenty of fish in the sea he took it to heart,when his father told him that there's plenty of fish in the sea he took it to heart,when his father told him that there's plenty of fish in the sea he took it to heart,83,false,false,false,false,false,false,1,1,false,false,false,false,116,4.7622,en,en,true,false,1765921464,2025-12-16 21:44:24,2025-12-17 05:44:24,popcorn.picks78,unknown_series,true,true,18,3,"[""tiktok_notyouraveragecrow1.jsonl"", ""tiktok_notyouraveragecrow2.jsonl"", ""tiktok_notyouraveragecrow3.jsonl""]"
7584574811281376018,7584379129022156045,,,false,kngsaba,King,false,He what?!,he what?!,he what?!,he what?!,9,false,false,false,false,false,false,1,1,false,false,false,false,0,0.0,en,en,true,false,1765921467,2025-12-16 21:44:27,2025-12-17 05:44:27,popcorn.picks78,unknown_series,true,true,18,3,"[""tiktok_notyouraveragecrow1.jsonl"", ""tiktok_notyouraveragecrow2.jsonl"", ""tiktok_notyouraveragecrow3.jsonl""]"
7584575485591094032,7584379129022156045,,,false,olasijijuliusibukun,olasijijuliusibukun,false,,,,,0,true,true,false,true,false,false,0,1,false,false,false,false,0,0.0,un,,,true,1765921626,2025-12-16 21:47:06,2025-12-17 05:47:06,popcorn.picks78,unknown_series,true,true,18,3,"[""tiktok_notyouraveragecrow1.jsonl"", ""tiktok_notyouraveragecrow2.jsonl"", ""tiktok_notyouraveragecrow3.jsonl""]"
7584577538115273483,7584379129022156045,,,false,unclejay105,Uncle Jay,false,,,,,0,true,true,false,true,false,false,0,1,false,false,false,false,0,0.0,un,,,true,1765922080,2025-12-16 21:54:40,2025-12-17 05:54:40,popcorn.picks78,unknown_series,true,true,18,3,"[""tiktok_notyouraveragecrow1.jsonl"", ""tiktok_notyouraveragecrow2.jsonl"", ""tiktok_notyouraveragecrow3.jsonl""]"
7584577926139200264,7584379129022156045,,,false,duhh.its_vera,✨ 𝓔𝓷𝓮𝓷𝓾,false,mennnnnnn,men,men,men,9,false,false,false,false,false,false,1,1,false,false,false,false,0,0.0,tr,,,true,1765922183,2025-12-16 21:56:23,2025-12-17 05:56:23,popcorn.picks78,unknown_series,true,true,18,3,"[""tiktok_notyouraveragecrow1.jsonl"", ""tiktok_notyouraveragecrow2.jsonl"", ""tiktok_notyouraveragecrow3.jsonl""]"
7584578443439309624,7584379129022156045,,,false,user53222245600352,Alpha 👑,false,,,,,0,true,true,false,true,false,false,0,1,false,false,false,false,0,0.0,un,,,true,1765922291,2025-12-16 21:58:11,2025-12-17 05:58:11,popcorn.picks78,unknown_series,true,true,18,3,"[""tiktok_notyouraveragecrow1.jsonl"", ""tiktok_notyouraveragecrow2.jsonl"", ""tiktok_notyouraveragecrow3.jsonl""]"
7584578570136355595,7584379129022156045,,,false,chalo_128,MAUWANO_22,false,brackley is gay,brackley is gay,brackley is gay,brackley is gay,15,false,false,false,false,false,false,1,1,false,false,false,false,0,0.0,en,en,true,false,1765922320,2025-12-16 21:58:40,2025-12-17 05:58:40,popcorn.picks78,unknown_series,true,true,18,3,"[""tiktok_notyouraveragecrow1.jsonl"", ""tiktok_notyouraveragecrow2.jsonl"", ""tiktok_notyouraveragecrow3.jsonl""]"
7584578549030978322,7584379129022156045,,,false,daratheexploraa,daratheexploraa,false,I didn't expect this ,i didn't expect this,i didn't expect this,i didn't expect this,20,false,false,false,false,false,false,1,1,false,false,false,false,0,0.0,en,en,true,false,1765922326,2025-12-16 21:58:46,2025-12-17 05:58:46,popcorn.picks78,unknown_series,true,true,18,3,"[""tiktok_notyouraveragecrow1.jsonl"", ""tiktok_notyouraveragecrow2.jsonl"", ""tiktok_notyouraveragecrow3.jsonl""]"
7584579432820769548,7584379129022156045,7584485196477694732,MEN,true,afiagloriagbaby,Afia❤️ Gloria 😇G 🍫baby💞,false,,,,,0,true,true,false,true,false,false,0,1,false,false,false,false,0,0.0,un,,,true,1765922522,2025-12-16 22:02:02,2025-12-17 06:02:02,popcorn.picks78,unknown_series,true,true,18,3,"[""tiktok_notyouraveragecrow1.jsonl"", ""tiktok_notyouraveragecrow2.jsonl"", ""tiktok_notyouraveragecrow3.jsonl""]"
7584579486562927371,7584379129022156045,7584502336828523272,when's the next episode coming out??,true,worldofaob,A.O.B 🌐,false,sunday,sunday,sunday,sunday,6,false,false,false,false,false,false,1,1,false,false,false,false,0,0.0,en,id,false,false,1765922535,2025-12-16 22:02:15,2025-12-17 06:02:15,popcorn.picks78,unknown_series,true,true,18,3,"[""tiktok_notyouraveragecrow1.jsonl"", ""tiktok_notyouraveragecrow2.jsonl"", ""tiktok_notyouraveragecrow3.jsonl""]"
7584579534876394252,7584379129022156045,,,false,waliyudiin,waliyudiin,false,Did I miss something?,did i miss something?,did i miss something?,did i miss something?,21,false,false,false,false,false,false,1,1,false,false,false,false,14,2.7081,en,sv,false,false,1765922542,2025-12-16 22:02:22,2025-12-17 06:02:22,popcorn.picks78,unknown_series,true,true,18,3,"[""tiktok_notyouraveragecrow1.jsonl"", ""tiktok_notyouraveragecrow2.jsonl"", ""tiktok_notyouraveragecrow3.jsonl""]"
7584582465907311372,7584379129022156045,7584552321955939092,What is the name of this movie?,true,itz_snow_7,Snow ❄️,false,It is,it is,it is,it is,5,false,false,false,false,false,false,1,1,false,false,false,false,0,0.0,en,en,true,false,1765923230,2025-12-16 22:13:50,2025-12-17 06:13:50,popcorn.picks78,unknown_series,true,true,18,3,"[""tiktok_notyouraveragecrow1.jsonl"", ""tiktok_notyouraveragecrow2.jsonl"", ""tiktok_notyouraveragecrow3.jsonl""]"
7584582223505408776,7584379129022156045,,,false,luciamary918,Draven👻💀,false,name of the film,name of the film,name of the film,name of the film,16,false,false,false,false,false,false,1,1,false,false,false,false,0,0.0,en,en,true,false,1765923612,2025-12-16 22:20:12,2025-12-17 06:20:12,popcorn.picks78,unknown_series,true,true,18,3,"[""tiktok_notyouraveragecrow1.jsonl"", ""tiktok_notyouraveragecrow2.jsonl"", ""tiktok_notyouraveragecrow3.jsonl""]"
7584585279907726091,7584379129022156045,7584582223505408776,name of the film,true,djkamunchez,Djkamunchez.official,false,the war between the land and sea,the war between the land and sea,the war between the land and sea,the war between the land and sea,32,false,false,false,false,false,false,1,1,false,false,false,false,0,0.0,en,en,true,false,1765923885,2025-12-16 22:24:45,2025-12-17 06:24:45,popcorn.picks78,unknown_series,true,true,18,3,"[""tiktok_notyouraveragecrow1.jsonl"", ""tiktok_notyouraveragecrow2.jsonl"", ""tiktok_notyouraveragecrow3.jsonl""]"
7584590168855249720,7584379129022156045,,,false,bhalotelly,Bhalo Telly,false,is this part out already?,is this part out already?,is this part out already?,is this part out already?,25,false,false,false,false,false,false,1,1,false,false,false,false,1,0.6931,en,en,true,false,1765925210,2025-12-16 22:46:50,2025-12-17 06:46:50,popcorn.picks78,unknown_series,true,true,18,3,"[""tiktok_notyouraveragecrow1.jsonl"", ""tiktok_notyouraveragecrow2.jsonl"", ""tiktok_notyouraveragecrow3.jsonl""]"
7584591961332810507,7584379129022156045,,,false,ermaltema,Ermal Tema,false,and in the end Aquaman legend is born again ,and in the end aquaman legend is born again,and in the end aquaman legend is born again,and in the end aquaman legend is born again,43,false,false,false,false,false,false,1,1,false,false,false,false,3,1.3863,en,en,true,false,1765925440,2025-12-16 22:50:40,2025-12-17 06:50:40,popcorn.picks78,unknown_series,true,true,18,3,"[""tiktok_notyouraveragecrow1.jsonl"", ""tiktok_notyouraveragecrow2.jsonl"", ""tiktok_notyouraveragecrow3.jsonl""]"
7584592186945258296,7584379129022156045,,,false,akosuah_nhyira,B-thrift avenue,false,I will watch the whole movie here,i will watch the whole movie here,i will watch the whole movie here,i will watch the whole movie here,33,false,false,false,false,false,false,1,1,false,false,false,false,2,1.0986,en,en,true,false,1765925499,2025-12-16 22:51:39,2025-12-17 06:51:39,popcorn.picks78,unknown_series,true,true,18,3,"[""tiktok_notyouraveragecrow1.jsonl"", ""tiktok_notyouraveragecrow2.jsonl"", ""tiktok_notyouraveragecrow3.jsonl""]"
7584592960457999111,7584379129022156045,,,false,tupai_black97,TUPAI BLACK A.J. 🐿,false,"in ten months, Aquaman is born","in ten months, aquaman is born","in ten months, aquaman is born","in ten months, aquaman is born",30,false,false,false,false,false,false,1,1,false,false,false,false,1699,7.4384,en,en,true,false,1765925683,2025-12-16 22:54:43,2025-12-17 06:54:43,popcorn.picks78,unknown_series,true,true,18,3,"[""tiktok_notyouraveragecrow1.jsonl"", ""tiktok_notyouraveragecrow2.jsonl"", ""tiktok_notyouraveragecrow3.jsonl""]"
7584593374382441224,7584379129022156045,,,false,psl_afrikana,Afrikana🇬🇭,false,Probably smelt like fish down there,probably smelt like fish down there,probably smelt like fish down there,probably smelt like fish down there,35,false,false,false,false,false,false,1,1,false,false,false,false,416,6.0331,en,en,true,false,1765925785,2025-12-16 22:56:25,2025-12-17 06:56:25,popcorn.picks78,unknown_series,true,true,18,3,"[""tiktok_notyouraveragecrow1.jsonl"", ""tiktok_notyouraveragecrow2.jsonl"", ""tiktok_notyouraveragecrow3.jsonl""]"
7584592876949046028,7584379129022156045,7584593374382441224,Probably smelt like fish down there,true,pascalking012,Pascal,false,Wait he and they kiss omo howw,wait he and they kiss omo howw,wait he and they kiss omo howw,wait he and they kiss omo howw,30,false,false,false,false,false,false,1,1,false,false,false,false,0,0.0,en,en,true,false,1765925847,2025-12-16 22:57:27,2025-12-17 06:57:27,popcorn.picks78,unknown_series,true,true,18,3,"[""tiktok_notyouraveragecrow1.jsonl"", ""tiktok_notyouraveragecrow2.jsonl"", ""tiktok_notyouraveragecrow3.jsonl""]"
7584594304930415416,7584379129022156045,,,false,danitronium,"Saucy boi and 23,685 others",false,bro nuh in fish pus,bro nuh in fish pus,bro nuh in fish pus,bro nuh in fish pus,19,false,false,false,false,false,false,1,1,false,false,false,false,11,2.4849,en,en,true,false,1765925992,2025-12-16 22:59:52,2025-12-17 06:59:52,popcorn.picks78,unknown_series,true,true,18,3,"[""tiktok_notyouraveragecrow1.jsonl"", ""tiktok_notyouraveragecrow2.jsonl"", ""tiktok_notyouraveragecrow3.jsonl""]"
7584595008314426143,7584379129022156045,,,false,kingdomfitgaming,(AJ)KingdomFitGaming,false,So the fish is a dude,so the fish is a dude,so the fish is a dude,so the fish is a dude,21,false,false,false,false,false,false,1,2,false,false,false,false,1,0.6931,en,en,true,false,1765926209,2025-12-16 23:03:29,2025-12-17 07:03:29,popcorn.picks78,unknown_series,true,true,18,3,"[""tiktok_notyouraveragecrow1.jsonl"", ""tiktok_notyouraveragecrow2.jsonl"", ""tiktok_notyouraveragecrow3.jsonl""]"
7584598539059168012,7584379129022156045,,,false,saviour.bravo,SAVIOUR BRAVO,false,bro has reached apex,bro has reached apex,bro has reached apex,bro has reached apex,20,false,false,false,false,false,false,1,1,false,false,false,false,0,0.0,en,en,true,false,1765926976,2025-12-16 23:16:16,2025-12-17 07:16:16,popcorn.picks78,unknown_series,true,true,18,3,"[""tiktok_notyouraveragecrow1.jsonl"", ""tiktok_notyouraveragecrow2.jsonl"", ""tiktok_notyouraveragecrow3.jsonl""]"
7584604878069826316,7584379129022156045,7584593374382441224,Probably smelt like fish down there,true,rashidakassim5,R🍂,false,I’m dying ,i’m dying,i’m dying,i’m dying,9,false,false,false,false,false,false,1,1,false,false,false,false,4,1.6094,en,no,false,false,1765928452,2025-12-16 23:40:52,2025-12-17 07:40:52,popcorn.picks78,unknown_series,true,true,18,3,"[""tiktok_notyouraveragecrow1.jsonl"", ""tiktok_notyouraveragecrow2.jsonl"", ""tiktok_notyouraveragecrow3.jsonl""]"
7584610847986369291,7584379129022156045,,,false,shano_don1,shano🇯🇲,false,something is fishy about this,something is fishy about this,something is fishy about this,something is fishy about this,29,false,false,false,false,false,false,1,1,false,false,false,false,1,0.6931,en,en,true,false,1765929843,2025-12-17 00:04:03,2025-12-17 08:04:03,popcorn.picks78,unknown_series,true,true,18,3,"[""tiktok_notyouraveragecrow1.jsonl"", ""tiktok_notyouraveragecrow2.jsonl"", ""tiktok_notyouraveragecrow3.jsonl""]"
7584619976661713720,7584379129022156045,,,false,godhandssurprise2,God hands surprise❤️🙏,false,It seems I have watched the full movies cause everyday Adey see ein continues for my fyp,it seems i have watched the full movies cause everyday adey see ein continues for my fyp,it seems i have watched the full movies cause everyday adey see ein continues for my fyp,it seems i have watched the full movies cause everyday adey see ein continues for my fyp,88,false,false,false,false,false,false,1,1,false,false,false,false,0,0.0,en,en,true,false,1765931964,2025-12-17 00:39:24,2025-12-17 08:39:24,popcorn.picks78,unknown_series,true,true,18,3,"[""tiktok_notyouraveragecrow1.jsonl"", ""tiktok_notyouraveragecrow2.jsonl"", ""tiktok_notyouraveragecrow3.jsonl""]"
7584625501731750712,7584379129022156045,,,false,rich_realm,Boy_Remy,false,Na so dem Dey make unreasonable movie,na so dem dey make unreasonable movie,na so dem dey make unreasonable movie,na so dem dey make unreasonable movie,37,false,false,false,false,false,false,1,1,false,false,false,false,1,0.6931,en,es,false,false,1765933263,2025-12-17 01:01:03,2025-12-17 09:01:03,popcorn.picks78,unknown_series,true,true,18,3,"[""tiktok_notyouraveragecrow1.jsonl"", ""tiktok_notyouraveragecrow2.jsonl"", ""tiktok_notyouraveragecrow3.jsonl""]"
7584637782715433740,7584379129022156045,,,false,kingstonbanini,kingstonbanini,false,My bruv is in love with a tuna,my bruv is in love with a tuna,my bruv is in love with a tuna,my bruv is in love with a tuna,30,false,false,false,false,false,false,1,2,false,false,false,false,441,6.0913,en,en,true,false,1765936112,2025-12-17 01:48:32,2025-12-17 09:48:32,popcorn.picks78,unknown_series,true,true,18,3,"[""tiktok_notyouraveragecrow1.jsonl"", ""tiktok_notyouraveragecrow2.jsonl"", ""tiktok_notyouraveragecrow3.jsonl""]"
7584639965704848139,7584379129022156045,7584592960457999111,"in ten months, Aquaman is born",true,diodi..13,kevin,false,10 months,10 months,10 months,10 months,9,false,false,false,false,false,false,1,1,false,false,false,false,8,2.1972,en,en,true,false,1765936627,2025-12-17 01:57:07,2025-12-17 09:57:07,popcorn.picks78,unknown_series,true,true,18,3,"[""tiktok_notyouraveragecrow1.jsonl"", ""tiktok_notyouraveragecrow2.jsonl"", ""tiktok_notyouraveragecrow3.jsonl""]"
7584644297032499989,7584379129022156045,,,false,yehliow,yehliow,false,is this Dr who? idk if its just ai being ai but one of the other kids called her Kate and that it was unit,is this dr who? idk if its just ai being ai but one of the other kids called her kate and that it was unit,is this dr who? idk if its just ai being ai but one of the other kids called her kate and that it was unit,is this dr who? idk if its just ai being ai but one of the other kids called her kate and that it was unit,106,false,false,false,false,false,false,1,1,false,false,false,false,0,0.0,en,en,true,false,1765937630,2025-12-17 02:13:50,2025-12-17 10:13:50,popcorn.picks78,unknown_series,true,true,18,3,"[""tiktok_notyouraveragecrow1.jsonl"", ""tiktok_notyouraveragecrow2.jsonl"", ""tiktok_notyouraveragecrow3.jsonl""]"
7584649577106506508,7584379129022156045,,,false,draco246.3,ys_Dj🫟,false,a fish bro,a fish bro,a fish bro,a fish bro,10,false,false,false,false,false,false,1,1,false,false,false,false,33,3.5264,en,en,true,false,1765938859,2025-12-17 02:34:19,2025-12-17 10:34:19,popcorn.picks78,unknown_series,true,true,18,3,"[""tiktok_notyouraveragecrow1.jsonl"", ""tiktok_notyouraveragecrow2.jsonl"", ""tiktok_notyouraveragecrow3.jsonl""]"
7584664962880357140,7584379129022156045,,,false,jacbxcv,¿Jacob?,false,how down bad is bro,how down bad is bro,how down bad is bro,how down bad is bro,19,false,false,false,false,false,false,1,1,false,false,false,false,33,3.5264,en,en,true,false,1765942442,2025-12-17 03:34:02,2025-12-17 11:34:02,popcorn.picks78,unknown_series,true,true,18,3,"[""tiktok_notyouraveragecrow1.jsonl"", ""tiktok_notyouraveragecrow2.jsonl"", ""tiktok_notyouraveragecrow3.jsonl""]"
7584671324690662165,7584379129022156045,,,false,klaythompson471,Keyman,false,look like Summer time saga ,look like summer time saga,look like summer time saga,look like summer time saga,26,false,false,false,false,false,false,1,1,false,false,false,false,1,0.6931,en,et,false,false,1765943920,2025-12-17 03:58:40,2025-12-17 11:58:40,popcorn.picks78,unknown_series,true,true,18,3,"[""tiktok_notyouraveragecrow1.jsonl"", ""tiktok_notyouraveragecrow2.jsonl"", ""tiktok_notyouraveragecrow3.jsonl""]"
7584697257037103892,7584379129022156045,7584637782715433740,My bruv is in love with a tuna,true,skylar_raexx,Sky Rae 💙,false,,,,,0,true,true,false,true,false,false,0,1,false,false,false,false,1,0.6931,un,,,true,1765949958,2025-12-17 05:39:18,2025-12-17 13:39:18,popcorn.picks78,unknown_series,true,true,18,3,"[""tiktok_notyouraveragecrow1.jsonl"", ""tiktok_notyouraveragecrow2.jsonl"", ""tiktok_notyouraveragecrow3.jsonl""]"
7584706523601339158,7584379129022156045,7584644297032499989,is this Dr who? idk if its just ai being ai but one of the other kids called her Kate and that it was unit,true,freebirdellie,Ellie the Elf (Free Bird),false,same universe and yeah some of the members of UNIT from the other shows appear,same universe and yeah some of the members of unit from the other shows appear,same universe and yeah some of the members of unit from the other shows appear,same universe and yeah some of the members of unit from the other shows appear,78,false,false,false,false,false,false,1,1,false,false,false,false,0,0.0,en,en,true,false,1765952142,2025-12-17 06:15:42,2025-12-17 14:15:42,popcorn.picks78,unknown_series,true,true,18,3,"[""tiktok_notyouraveragecrow1.jsonl"", ""tiktok_notyouraveragecrow2.jsonl"", ""tiktok_notyouraveragecrow3.jsonl""]"
7584707264964854584,7584379129022156045,,,false,the_man_that_got_balls,Wilma_diqfit,false,game is game,game is game,game is game,game is game,12,false,false,false,false,false,false,1,1,false,false,false,false,1,0.6931,en,lt,false,false,1765952297,2025-12-17 06:18:17,2025-12-17 14:18:17,popcorn.picks78,unknown_series,true,true,18,3,"[""tiktok_notyouraveragecrow1.jsonl"", ""tiktok_notyouraveragecrow2.jsonl"", ""tiktok_notyouraveragecrow3.jsonl""]"
7584772191137694472,7584379129022156045,,,false,allyyy_799,Ally♛,false,How fish take sabi kiss ,how fish take sabi kiss,how fish take sabi kiss,how fish take sabi kiss,23,false,false,false,false,false,false,1,1,false,false,false,false,1,0.6931,en,sw,false,false,1765967400,2025-12-17 10:30:00,2025-12-17 18:30:00,popcorn.picks78,unknown_series,true,true,18,3,"[""tiktok_notyouraveragecrow1.jsonl"", ""tiktok_notyouraveragecrow2.jsonl"", ""tiktok_notyouraveragecrow3.jsonl""]"
7584785484808504084,7584379129022156045,,,false,adjoa.rolinka,Adjoa 💞 Rolinka 💓,false,Ahh so he's in love with kpanla??,ahh so he's in love with kpanla??,ahh so he's in love with kpanla??,ahh so he's in love with kpanla??,33,false,false,false,false,false,false,1,2,false,false,false,false,43,3.7842,en,en,true,false,1765970498,2025-12-17 11:21:38,2025-12-17 19:21:38,popcorn.picks78,unknown_series,true,true,18,3,"[""tiktok_notyouraveragecrow1.jsonl"", ""tiktok_notyouraveragecrow2.jsonl"", ""tiktok_notyouraveragecrow3.jsonl""]"
7584789405332964117,7584379129022156045,7584592960457999111,"in ten months, Aquaman is born",true,nurudinfadli,Boring tall malay guy,false,Why 10,why 10,why 10,why 10,6,false,false,false,false,false,false,1,1,false,false,false,false,1,0.6931,en,en,true,false,1765971408,2025-12-17 11:36:48,2025-12-17 19:36:48,popcorn.picks78,unknown_series,true,true,18,3,"[""tiktok_notyouraveragecrow1.jsonl"", ""tiktok_notyouraveragecrow2.jsonl"", ""tiktok_notyouraveragecrow3.jsonl""]"
7584789255797965589,7584379129022156045,,,false,user10757424605302,hassan,false,smh men,smh men,smh men,smh men,7,false,false,false,false,false,false,1,1,false,false,false,false,0,0.0,en,sv,false,false,1765971513,2025-12-17 11:38:33,2025-12-17 19:38:33,popcorn.picks78,unknown_series,true,true,18,3,"[""tiktok_notyouraveragecrow1.jsonl"", ""tiktok_notyouraveragecrow2.jsonl"", ""tiktok_notyouraveragecrow3.jsonl""]"
7584806673744446219,7584379129022156045,7584637782715433740,My bruv is in love with a tuna,true,kingstonbanini,kingstonbanini,false,You want tuna to!,you want tuna to!,you want tuna to!,you want tuna to!,17,false,false,false,false,false,false,1,2,false,false,false,false,0,0.0,en,sw,false,false,1765975432,2025-12-17 12:43:52,2025-12-17 20:43:52,popcorn.picks78,unknown_series,true,true,18,3,"[""tiktok_notyouraveragecrow1.jsonl"", ""tiktok_notyouraveragecrow2.jsonl"", ""tiktok_notyouraveragecrow3.jsonl""]"
7584785920152437515,7584379129022156045,,,false,t.b.bhriiii233,bhurii,false,Name of the movie please,name of the movie please,name of the movie please,name of the movie please,24,false,false,false,false,false,false,1,1,false,false,false,false,1,0.6931,en,en,true,false,1765975605,2025-12-17 12:46:45,2025-12-17 20:46:45,popcorn.picks78,unknown_series,true,true,18,3,"[""tiktok_notyouraveragecrow1.jsonl"", ""tiktok_notyouraveragecrow2.jsonl"", ""tiktok_notyouraveragecrow3.jsonl""]"
7584844171942494988,7584379129022156045,,,false,tanicjumah,tanic,false,How did Barclay…,how did barclay…,how did barclay…,how did barclay…,16,false,false,false,false,false,false,1,1,false,false,false,false,1,0.6931,en,so,false,false,1765984163,2025-12-17 15:09:23,2025-12-17 23:09:23,popcorn.picks78,unknown_series,true,true,18,3,"[""tiktok_notyouraveragecrow1.jsonl"", ""tiktok_notyouraveragecrow2.jsonl"", ""tiktok_notyouraveragecrow3.jsonl""]"
7584877545380905729,7584379129022156045,,,false,genevive_30,GEN-LUXE Fresh wash 🧴🧴,false,I knew they gon do things,i knew they gon do things,i knew they gon do things,i knew they gon do things,25,false,false,false,false,false,false,1,1,false,false,false,false,0,0.0,en,en,true,false,1765991928,2025-12-17 17:18:48,2025-12-18 01:18:48,popcorn.picks78,unknown_series,true,true,18,3,"[""tiktok_notyouraveragecrow1.jsonl"", ""tiktok_notyouraveragecrow2.jsonl"", ""tiktok_notyouraveragecrow3.jsonl""]"
7584889968616129300,7584379129022156045,,,false,user5835861025866,Rhythmic,false,broo is a fisherman ,broo is a fisherman,broo is a fisherman,broo is a fisherman,19,false,false,false,false,false,false,1,1,false,false,false,false,1,0.6931,en,en,true,false,1765994991,2025-12-17 18:09:51,2025-12-18 02:09:51,popcorn.picks78,unknown_series,true,true,18,3,"[""tiktok_notyouraveragecrow1.jsonl"", ""tiktok_notyouraveragecrow2.jsonl"", ""tiktok_notyouraveragecrow3.jsonl""]"
7584892296337031948,7584379129022156045,7584485196477694732,MEN,true,tamarinde03,Adenuga,false,you know this time I agree,you know this time i agree,you know this time i agree,you know this time i agree,26,false,false,false,false,false,false,1,1,false,false,false,false,0,0.0,en,en,true,false,1765995362,2025-12-17 18:16:02,2025-12-18 02:16:02,popcorn.picks78,unknown_series,true,true,18,3,"[""tiktok_notyouraveragecrow1.jsonl"", ""tiktok_notyouraveragecrow2.jsonl"", ""tiktok_notyouraveragecrow3.jsonl""]"
7584893672824619788,7584379129022156045,7584595008314426143,So the fish is a dude,true,awiti__1,_AWITI,false,whaaat,what,what,what,6,false,false,false,false,false,false,1,1,false,false,false,false,0,0.0,en,en,true,false,1765995687,2025-12-17 18:21:27,2025-12-18 02:21:27,popcorn.picks78,unknown_series,true,true,18,3,"[""tiktok_notyouraveragecrow1.jsonl"", ""tiktok_notyouraveragecrow2.jsonl"", ""tiktok_notyouraveragecrow3.jsonl""]"
7584904040649491212,7584379129022156045,7584552321955939092,What is the name of this movie?,true,yourfavdude9to5,yourfavdude9to5,false,O,o,o,o,1,false,false,false,true,false,false,1,1,false,false,false,false,0,0.0,sm,,,true,1765998101,2025-12-17 19:01:41,2025-12-18 03:01:41,popcorn.picks78,unknown_series,true,true,18,3,"[""tiktok_notyouraveragecrow1.jsonl"", ""tiktok_notyouraveragecrow2.jsonl"", ""tiktok_notyouraveragecrow3.jsonl""]"
7584942659384378119,7584379129022156045,7584785484808504084,Ahh so he's in love with kpanla??,true,testifyogm,victoryiwaenya,false,,,,,0,true,true,false,true,false,false,0,1,false,false,false,false,0,0.0,un,,,true,1766007103,2025-12-17 21:31:43,2025-12-18 05:31:43,popcorn.picks78,unknown_series,true,true,18,3,"[""tiktok_notyouraveragecrow1.jsonl"", ""tiktok_notyouraveragecrow2.jsonl"", ""tiktok_notyouraveragecrow3.jsonl""]"
7584943523008316181,7584379129022156045,,,false,v.46_9,v.46_9🌐,false,yeah this movie was definitely someone's fetish,yeah this movie was definitely someone's fetish,yeah this movie was definitely someone's fetish,yeah this movie was definitely someone's fetish,47,false,false,false,false,false,false,1,1,false,false,false,false,25,3.2581,en,en,true,false,1766007709,2025-12-17 21:41:49,2025-12-18 05:41:49,popcorn.picks78,unknown_series,true,true,18,3,"[""tiktok_notyouraveragecrow1.jsonl"", ""tiktok_notyouraveragecrow2.jsonl"", ""tiktok_notyouraveragecrow3.jsonl""]"
7584961143770546956,7584379129022156045,,,false,comfortsena5,Seh_nar✨🎀,false,Eeii bra,eeii bra,eeii bra,eeii bra,8,false,false,false,false,false,false,1,1,false,false,false,false,1,0.6931,ms,so,false,false,1766011403,2025-12-17 22:43:23,2025-12-18 06:43:23,popcorn.picks78,unknown_series,true,true,18,3,"[""tiktok_notyouraveragecrow1.jsonl"", ""tiktok_notyouraveragecrow2.jsonl"", ""tiktok_notyouraveragecrow3.jsonl""]"
7584969616292692743,7584379129022156045,7584414971547992888,whats tge name of the movie,true,amkele515,Amkele,false,the war between the land and the sea,the war between the land and the sea,the war between the land and the sea,the war between the land and the sea,36,false,false,false,false,false,false,1,1,false,false,false,false,0,0.0,en,en,true,false,1766013371,2025-12-17 23:16:11,2025-12-18 07:16:11,popcorn.picks78,unknown_series,true,true,18,3,"[""tiktok_notyouraveragecrow1.jsonl"", ""tiktok_notyouraveragecrow2.jsonl"", ""tiktok_notyouraveragecrow3.jsonl""]"
7585007070929175352,7584379129022156045,7584497642530620168,I don watch this film finish for TikTok,true,caramel.tilly3,Wᵢcₖₑd Gᵢᵣₗ ₜᵢₗₗy 🎀,false,Aswear ,aswear,aswear,aswear,6,false,false,false,false,false,false,1,1,false,false,false,false,0,0.0,en,en,true,false,1766022100,2025-12-18 01:41:40,2025-12-18 09:41:40,popcorn.picks78,unknown_series,true,true,18,3,"[""tiktok_notyouraveragecrow1.jsonl"", ""tiktok_notyouraveragecrow2.jsonl"", ""tiktok_notyouraveragecrow3.jsonl""]"
7585016508994290440,7584379129022156045,,,false,slackingyti,SLACKING YT,false,U can’t crack a fish…,u can’t crack a fish…,u can’t crack a fish…,u can’t crack a fish…,21,false,false,false,false,false,false,1,2,false,false,false,false,12,2.5649,en,en,true,false,1766024291,2025-12-18 02:18:11,2025-12-18 10:18:11,popcorn.picks78,unknown_series,true,true,18,3,"[""tiktok_notyouraveragecrow1.jsonl"", ""tiktok_notyouraveragecrow2.jsonl"", ""tiktok_notyouraveragecrow3.jsonl""]"
7585016621044777735,7584379129022156045,7585016508994290440,U can’t crack a fish…,true,slackingyti,SLACKING YT,false,Who decided that ,who decided that,who decided that,who decided that,16,false,false,false,false,false,false,1,2,false,false,false,false,0,0.0,en,en,true,false,1766024314,2025-12-18 02:18:34,2025-12-18 10:18:34,popcorn.picks78,unknown_series,true,true,18,3,"[""tiktok_notyouraveragecrow1.jsonl"", ""tiktok_notyouraveragecrow2.jsonl"", ""tiktok_notyouraveragecrow3.jsonl""]"
7585145029988107026,7584379129022156045,,,false,nhlanhla_ntombikayise,MamakaSoyama,false,Amadoda ,amadoda,amadoda,amadoda,7,false,false,false,false,false,false,1,1,false,false,false,false,12,2.5649,xh,so,false,false,1766054209,2025-12-18 10:36:49,2025-12-18 18:36:49,popcorn.picks78,unknown_series,true,true,18,3,"[""tiktok_notyouraveragecrow1.jsonl"", ""tiktok_notyouraveragecrow2.jsonl"", ""tiktok_notyouraveragecrow3.jsonl""]"
7585147388080161592,7584379129022156045,7585145029988107026,Amadoda ,true,m.mkhangeli,E T K T OG 💀,false,laphu laphu kwanto evelayo ,laphu laphu kwanto evelayo,laphu laphu kwanto evelayo,laphu laphu kwanto evelayo,26,false,false,false,false,false,false,1,1,false,false,false,false,2,1.0986,zu,sw,false,false,1766054757,2025-12-18 10:45:57,2025-12-18 18:45:57,popcorn.picks78,unknown_series,true,true,18,3,"[""tiktok_notyouraveragecrow1.jsonl"", ""tiktok_notyouraveragecrow2.jsonl"", ""tiktok_notyouraveragecrow3.jsonl""]"
7585149419390075704,7584379129022156045,,,false,user4016181453783,Elva_aki,false,"wait something fishy is going on ,","wait something fishy is going on ,","wait something fishy is going on ,","wait something fishy is going on ,",34,false,false,false,false,false,false,1,1,false,false,false,false,1,0.6931,en,en,true,false,1766055234,2025-12-18 10:53:54,2025-12-18 18:53:54,popcorn.picks78,unknown_series,true,true,18,3,"[""tiktok_notyouraveragecrow1.jsonl"", ""tiktok_notyouraveragecrow2.jsonl"", ""tiktok_notyouraveragecrow3.jsonl""]"
7585207309618545438,7584379129022156045,7584595008314426143,So the fish is a dude,true,kingdomfitgaming,(AJ)KingdomFitGaming,false,It keep saying him in references to the fish he keep kissing ,it keep saying him in references to the fish he keep kissing,it keep saying him in references to the fish he keep kissing,it keep saying him in references to the fish he keep kissing,60,false,false,false,false,false,false,1,2,false,false,false,false,1,0.6931,en,en,true,false,1766068771,2025-12-18 14:39:31,2025-12-18 22:39:31,popcorn.picks78,unknown_series,true,true,18,3,"[""tiktok_notyouraveragecrow1.jsonl"", ""tiktok_notyouraveragecrow2.jsonl"", ""tiktok_notyouraveragecrow3.jsonl""]"
7585296890394428216,7584379129022156045,7585016508994290440,U can’t crack a fish…,true,hafeez.012,Hafeez 💫🤍,false,say no more,say no more,say no more,say no more,11,false,false,false,false,false,false,1,1,false,false,false,false,1,0.6931,en,tl,false,false,1766089746,2025-12-18 20:29:06,2025-12-19 04:29:06,popcorn.picks78,unknown_series,true,true,18,3,"[""tiktok_notyouraveragecrow1.jsonl"", ""tiktok_notyouraveragecrow2.jsonl"", ""tiktok_notyouraveragecrow3.jsonl""]"
7585580698338935573,7584379129022156045,7584785484808504084,Ahh so he's in love with kpanla??,true,adjoa.rolinka,Adjoa 💞 Rolinka 💓,false,miy3 serious paaa,miy3 serious pa,miy3 serious pa,miy3 serious pa,17,false,false,false,false,false,false,1,2,false,false,false,false,2,1.0986,en,en,true,false,1766155646,2025-12-19 14:47:26,2025-12-19 22:47:26,popcorn.picks78,unknown_series,true,true,18,3,"[""tiktok_notyouraveragecrow1.jsonl"", ""tiktok_notyouraveragecrow2.jsonl"", ""tiktok_notyouraveragecrow3.jsonl""]"
7585746885781029688,7584379129022156045,,,false,ketu206,Ke Tu206,false,,,,,0,true,true,false,true,false,false,0,1,false,false,false,false,0,0.0,un,,,true,1766194349,2025-12-20 01:32:29,2025-12-20 09:32:29,popcorn.picks78,unknown_series,true,true,18,3,"[""tiktok_notyouraveragecrow1.jsonl"", ""tiktok_notyouraveragecrow2.jsonl"", ""tiktok_notyouraveragecrow3.jsonl""]"
7585762110430151431,7584379129022156045,,,false,babariqbal837,Babariqbal Dahir,false,,,,,0,true,true,false,true,false,false,0,1,false,false,false,false,0,0.0,un,,,true,1766197884,2025-12-20 02:31:24,2025-12-20 10:31:24,popcorn.picks78,unknown_series,true,true,18,3,"[""tiktok_notyouraveragecrow1.jsonl"", ""tiktok_notyouraveragecrow2.jsonl"", ""tiktok_notyouraveragecrow3.jsonl""]"
7585774118595953426,7584379129022156045,,,false,alire13580,𓆩جـام عـلـی ریـحـانـ 𓆪,false,❤️,❤️,:red_heart:,:red_heart:,0,false,false,false,true,false,false,0,1,false,false,false,false,0,0.0,un,,,true,1766200678,2025-12-20 03:17:58,2025-12-20 11:17:58,popcorn.picks78,unknown_series,true,true,18,3,"[""tiktok_notyouraveragecrow1.jsonl"", ""tiktok_notyouraveragecrow2.jsonl"", ""tiktok_notyouraveragecrow3.jsonl""]"
7585786757540807444,7584379129022156045,,,false,haseeb.gujjar.688,Haseeb Gujjar 688,false,,,,,0,true,true,false,true,false,false,0,1,false,false,false,false,0,0.0,un,,,true,1766203632,2025-12-20 04:07:12,2025-12-20 12:07:12,popcorn.picks78,unknown_series,true,true,18,3,"[""tiktok_notyouraveragecrow1.jsonl"", ""tiktok_notyouraveragecrow2.jsonl"", ""tiktok_notyouraveragecrow3.jsonl""]"
7585790607453422354,7584379129022156045,,,false,itsmepammy06,PAMMY♡,false,,,,,0,true,true,false,true,false,false,0,1,false,false,false,false,0,0.0,un,,,true,1766204520,2025-12-20 04:22:00,2025-12-20 12:22:00,popcorn.picks78,unknown_series,true,true,18,3,"[""tiktok_notyouraveragecrow1.jsonl"", ""tiktok_notyouraveragecrow2.jsonl"", ""tiktok_notyouraveragecrow3.jsonl""]"
7585797035535713031,7584379129022156045,,,false,mr.afghan3748,🇦🇫🤝🇵🇰 FARHAD KHAN🍂🍂,false,,,,,0,true,true,false,true,false,false,0,1,false,false,false,false,0,0.0,un,,,true,1766206017,2025-12-20 04:46:57,2025-12-20 12:46:57,popcorn.picks78,unknown_series,true,true,18,3,"[""tiktok_notyouraveragecrow1.jsonl"", ""tiktok_notyouraveragecrow2.jsonl"", ""tiktok_notyouraveragecrow3.jsonl""]"
7585822730994909959,7584379129022156045,,,false,ahtishamalio1,Ahtisham Ali 👑,false,,,,,0,true,true,false,true,false,false,0,1,false,false,false,false,0,0.0,un,,,true,1766211998,2025-12-20 06:26:38,2025-12-20 14:26:38,popcorn.picks78,unknown_series,true,true,18,3,"[""tiktok_notyouraveragecrow1.jsonl"", ""tiktok_notyouraveragecrow2.jsonl"", ""tiktok_notyouraveragecrow3.jsonl""]"
7585838279812186901,7584379129022156045,,,false,huki__,Huki,false,,,,,0,true,true,false,true,false,false,0,1,false,false,false,false,0,0.0,un,,,true,1766215620,2025-12-20 07:27:00,2025-12-20 15:27:00,popcorn.picks78,unknown_series,true,true,18,3,"[""tiktok_notyouraveragecrow1.jsonl"", ""tiktok_notyouraveragecrow2.jsonl"", ""tiktok_notyouraveragecrow3.jsonl""]"
7585843663335867137,7584379129022156045,,,false,md.selim.khan844,MD selim khan,false,,,,,0,true,true,false,true,false,false,0,1,false,false,false,false,0,0.0,un,,,true,1766216883,2025-12-20 07:48:03,2025-12-20 15:48:03,popcorn.picks78,unknown_series,true,true,18,3,"[""tiktok_notyouraveragecrow1.jsonl"", ""tiktok_notyouraveragecrow2.jsonl"", ""tiktok_notyouraveragecrow3.jsonl""]"
7585855330899985160,7584379129022156045,,,false,minalkhan1870,...,false,,,,,0,true,true,false,true,false,false,0,1,false,false,false,false,0,0.0,un,,,true,1766219590,2025-12-20 08:33:10,2025-12-20 16:33:10,popcorn.picks78,unknown_series,true,true,18,3,"[""tiktok_notyouraveragecrow1.jsonl"", ""tiktok_notyouraveragecrow2.jsonl"", ""tiktok_notyouraveragecrow3.jsonl""]"
7585887924819395346,7584379129022156045,,,false,godwinchijindu508,silent killer,false,,,,,0,true,true,false,true,false,false,0,1,false,false,false,false,0,0.0,un,,,true,1766227180,2025-12-20 10:39:40,2025-12-20 18:39:40,popcorn.picks78,unknown_series,true,true,18,3,"[""tiktok_notyouraveragecrow1.jsonl"", ""tiktok_notyouraveragecrow2.jsonl"", ""tiktok_notyouraveragecrow3.jsonl""]"
7585905496013980436,7584379129022156045,,,false,704557921038jmal,user70516554834,false,,,,,0,true,true,false,true,false,false,0,1,false,false,false,false,0,0.0,un,,,true,1766231270,2025-12-20 11:47:50,2025-12-20 19:47:50,popcorn.picks78,unknown_series,true,true,18,3,"[""tiktok_notyouraveragecrow1.jsonl"", ""tiktok_notyouraveragecrow2.jsonl"", ""tiktok_notyouraveragecrow3.jsonl""]"
7585907922991924001,7584379129022156045,,,false,m3tiinn,Martin,false,,,,,0,true,true,false,true,false,false,0,1,false,false,false,false,0,0.0,un,,,true,1766231834,2025-12-20 11:57:14,2025-12-20 19:57:14,popcorn.picks78,unknown_series,true,true,18,3,"[""tiktok_notyouraveragecrow1.jsonl"", ""tiktok_notyouraveragecrow2.jsonl"", ""tiktok_notyouraveragecrow3.jsonl""]"
7585942519432463111,7584379129022156045,,,false,rovic21_12,it's me KWATRO,false,✌,✌,:victory_hand:,:victory_hand:,0,false,false,false,true,false,false,0,1,false,false,false,false,0,0.0,un,,,true,1766239888,2025-12-20 14:11:28,2025-12-20 22:11:28,popcorn.picks78,unknown_series,true,true,18,3,"[""tiktok_notyouraveragecrow1.jsonl"", ""tiktok_notyouraveragecrow2.jsonl"", ""tiktok_notyouraveragecrow3.jsonl""]"
7585948554931667719,7584379129022156045,,,false,sg21210,SG 🇸🇬🫂,false,❤❤❤,❤❤❤,:red_heart::red_heart::red_heart:,:red_heart::red_heart::red_heart:,0,false,false,false,true,false,false,0,1,false,false,false,false,0,0.0,un,,,true,1766241295,2025-12-20 14:34:55,2025-12-20 22:34:55,popcorn.picks78,unknown_series,true,true,18,3,"[""tiktok_notyouraveragecrow1.jsonl"", ""tiktok_notyouraveragecrow2.jsonl"", ""tiktok_notyouraveragecrow3.jsonl""]"
7585949267761464072,7584379129022156045,7584550235793212216,Same btw,true,nepobabyenergy,nepobabyenergy on IG,false,Girl no ,girl no,girl no,girl no,7,false,false,false,false,false,false,1,1,false,false,false,false,1,0.6931,en,tr,false,false,1766241460,2025-12-20 14:37:40,2025-12-20 22:37:40,popcorn.picks78,unknown_series,true,true,18,3,"[""tiktok_notyouraveragecrow1.jsonl"", ""tiktok_notyouraveragecrow2.jsonl"", ""tiktok_notyouraveragecrow3.jsonl""]"
7585950939771011861,7584379129022156045,,,false,gauravmalyal,Gaurav,false,,,,,0,true,true,false,true,false,false,0,1,false,false,false,false,0,0.0,un,,,true,1766241851,2025-12-20 14:44:11,2025-12-20 22:44:11,popcorn.picks78,unknown_series,true,true,18,3,"[""tiktok_notyouraveragecrow1.jsonl"", ""tiktok_notyouraveragecrow2.jsonl"", ""tiktok_notyouraveragecrow3.jsonl""]"
7585951113146712850,7584379129022156045,,,false,meelaame00,Mee~🦢,false,❤❤❤,❤❤❤,:red_heart::red_heart::red_heart:,:red_heart::red_heart::red_heart:,0,false,false,false,true,false,false,0,1,false,false,false,false,0,0.0,un,,,true,1766241888,2025-12-20 14:44:48,2025-12-20 22:44:48,popcorn.picks78,unknown_series,true,true,18,3,"[""tiktok_notyouraveragecrow1.jsonl"", ""tiktok_notyouraveragecrow2.jsonl"", ""tiktok_notyouraveragecrow3.jsonl""]"
7585989239646651157,7584379129022156045,,,false,krishnakumar54,꧁༺ӄʀɨֆɦռǟ ӄʊʍǟʀ༻꧂,false,❣,❣,:heart_exclamation:,:heart_exclamation:,0,false,false,false,true,false,false,0,1,false,false,false,false,0,0.0,un,,,true,1766250771,2025-12-20 17:12:51,2025-12-21 01:12:51,popcorn.picks78,unknown_series,true,true,18,3,"[""tiktok_notyouraveragecrow1.jsonl"", ""tiktok_notyouraveragecrow2.jsonl"", ""tiktok_notyouraveragecrow3.jsonl""]"
7585992833954497301,7584379129022156045,,,false,abdullah..khan..1234,Thor Khan,false,,,,,0,true,true,false,true,false,false,0,1,false,false,false,false,0,0.0,un,,,true,1766251606,2025-12-20 17:26:46,2025-12-21 01:26:46,popcorn.picks78,unknown_series,true,true,18,3,"[""tiktok_notyouraveragecrow1.jsonl"", ""tiktok_notyouraveragecrow2.jsonl"", ""tiktok_notyouraveragecrow3.jsonl""]"
7585993896662303496,7584379129022156045,,,false,sharolamry,sharolamry,false,,,,,0,true,true,false,true,false,false,0,1,false,false,false,false,0,0.0,un,,,true,1766251855,2025-12-20 17:30:55,2025-12-21 01:30:55,popcorn.picks78,unknown_series,true,true,18,3,"[""tiktok_notyouraveragecrow1.jsonl"", ""tiktok_notyouraveragecrow2.jsonl"", ""tiktok_notyouraveragecrow3.jsonl""]"
7585996236734710548,7584379129022156045,,,false,dico.marvin,dico Marvin,false,,,,,0,true,true,false,true,false,false,0,1,false,false,false,false,0,0.0,un,,,true,1766252399,2025-12-20 17:39:59,2025-12-21 01:39:59,popcorn.picks78,unknown_series,true,true,18,3,"[""tiktok_notyouraveragecrow1.jsonl"", ""tiktok_notyouraveragecrow2.jsonl"", ""tiktok_notyouraveragecrow3.jsonl""]"
7586001520068920065,7584379129022156045,,,false,waleedqureshi322,🕯🚬waleed🚬🕯LovE u❤,false,,,,,0,true,true,false,true,false,false,0,1,false,false,false,false,0,0.0,un,,,true,1766253642,2025-12-20 18:00:42,2025-12-21 02:00:42,popcorn.picks78,unknown_series,true,true,18,3,"[""tiktok_notyouraveragecrow1.jsonl"", ""tiktok_notyouraveragecrow2.jsonl"", ""tiktok_notyouraveragecrow3.jsonl""]"
7586008677010965256,7584379129022156045,,,false,sandilemkhonza01,Sandile Mkhonza,false,,,,,0,true,true,false,true,false,false,0,1,false,false,false,false,0,0.0,un,,,true,1766255292,2025-12-20 18:28:12,2025-12-21 02:28:12,popcorn.picks78,unknown_series,true,true,18,3,"[""tiktok_notyouraveragecrow1.jsonl"", ""tiktok_notyouraveragecrow2.jsonl"", ""tiktok_notyouraveragecrow3.jsonl""]"
7586009328752575250,7584379129022156045,,,false,saddamhossain9292,Saddamhossain9292,false,,,,,0,true,true,false,true,false,false,0,1,false,false,false,false,0,0.0,un,,,true,1766255448,2025-12-20 18:30:48,2025-12-21 02:30:48,popcorn.picks78,unknown_series,true,true,18,3,"[""tiktok_notyouraveragecrow1.jsonl"", ""tiktok_notyouraveragecrow2.jsonl"", ""tiktok_notyouraveragecrow3.jsonl""]"
7586009989916279608,7584379129022156045,,,false,kiwika.john,Kiwika John,false,,,,,0,true,true,false,true,false,false,0,1,false,false,false,false,0,0.0,un,,,true,1766255596,2025-12-20 18:33:16,2025-12-21 02:33:16,popcorn.picks78,unknown_series,true,true,18,3,"[""tiktok_notyouraveragecrow1.jsonl"", ""tiktok_notyouraveragecrow2.jsonl"", ""tiktok_notyouraveragecrow3.jsonl""]"
7586020918704833287,7584379129022156045,,,false,yolandambanjwa08,YolandaMbanjwa,false,,,,,0,true,true,false,true,false,false,0,2,false,false,false,false,0,0.0,un,,,true,1766258153,2025-12-20 19:15:53,2025-12-21 03:15:53,popcorn.picks78,unknown_series,true,true,18,3,"[""tiktok_notyouraveragecrow1.jsonl"", ""tiktok_notyouraveragecrow2.jsonl"", ""tiktok_notyouraveragecrow3.jsonl""]"
7586020958864753415,7584379129022156045,,,false,yolandambanjwa08,YolandaMbanjwa,false,❤❤❤,❤❤❤,:red_heart::red_heart::red_heart:,:red_heart::red_heart::red_heart:,0,false,false,false,true,false,false,0,2,false,false,false,false,0,0.0,un,,,true,1766258156,2025-12-20 19:15:56,2025-12-21 03:15:56,popcorn.picks78,unknown_series,true,true,18,3,"[""tiktok_notyouraveragecrow1.jsonl"", ""tiktok_notyouraveragecrow2.jsonl"", ""tiktok_notyouraveragecrow3.jsonl""]"
7586038383400026900,7584379129022156045,,,false,ifrankhan1122331,khan1122,false,,,,,0,true,true,false,true,false,false,0,2,false,false,false,false,0,0.0,un,,,true,1766262218,2025-12-20 20:23:38,2025-12-21 04:23:38,popcorn.picks78,unknown_series,true,true,18,3,"[""tiktok_notyouraveragecrow1.jsonl"", ""tiktok_notyouraveragecrow2.jsonl"", ""tiktok_notyouraveragecrow3.jsonl""]"
7586038355965805333,7584379129022156045,,,false,ifrankhan1122331,khan1122,false,♥♥♥,♥♥♥,:heart_suit::heart_suit::heart_suit:,:heart_suit::heart_suit::heart_suit:,0,false,false,false,true,false,false,0,2,false,false,false,false,0,0.0,un,,,true,1766262222,2025-12-20 20:23:42,2025-12-21 04:23:42,popcorn.picks78,unknown_series,true,true,18,3,"[""tiktok_notyouraveragecrow1.jsonl"", ""tiktok_notyouraveragecrow2.jsonl"", ""tiktok_notyouraveragecrow3.jsonl""]"
7586097688463180551,7584379129022156045,,,false,zeeshan.daha27,Zeeshan daha,false,,,,,0,true,true,false,true,false,false,0,1,false,false,false,false,0,0.0,un,,,true,1766276025,2025-12-21 00:13:45,2025-12-21 08:13:45,popcorn.picks78,unknown_series,true,true,18,3,"[""tiktok_notyouraveragecrow1.jsonl"", ""tiktok_notyouraveragecrow2.jsonl"", ""tiktok_notyouraveragecrow3.jsonl""]"
7586120042649862919,7584379129022156045,,,false,mahibhattioo7,Mahi Bhatti,false,,,,,0,true,true,false,true,false,false,0,1,false,false,false,false,0,0.0,un,,,true,1766281230,2025-12-21 01:40:30,2025-12-21 09:40:30,popcorn.picks78,unknown_series,true,true,18,3,"[""tiktok_notyouraveragecrow1.jsonl"", ""tiktok_notyouraveragecrow2.jsonl"", ""tiktok_notyouraveragecrow3.jsonl""]"
7586190736132965141,7584379129022156045,,,false,shanikha868,SHANI khan ❤️,false,,,,,0,true,true,false,true,false,false,0,1,false,false,false,false,0,0.0,un,,,true,1766297687,2025-12-21 06:14:47,2025-12-21 14:14:47,popcorn.picks78,unknown_series,true,true,18,3,"[""tiktok_notyouraveragecrow1.jsonl"", ""tiktok_notyouraveragecrow2.jsonl"", ""tiktok_notyouraveragecrow3.jsonl""]"
7586195219110298376,7584379129022156045,,,false,itx_mehar_badshah047,🏴‍☠️مہر بادشاہ🏴‍☠️,false,,,,,0,true,true,false,true,false,false,0,1,false,false,false,false,0,0.0,un,,,true,1766298728,2025-12-21 06:32:08,2025-12-21 14:32:08,popcorn.picks78,unknown_series,true,true,18,3,"[""tiktok_notyouraveragecrow1.jsonl"", ""tiktok_notyouraveragecrow2.jsonl"", ""tiktok_notyouraveragecrow3.jsonl""]"
7586205907970507538,7584379129022156045,,,false,kurenai0109,kurenai0109,false,,,,,0,true,true,false,true,false,false,0,1,false,false,false,false,0,0.0,un,,,true,1766301214,2025-12-21 07:13:34,2025-12-21 15:13:34,popcorn.picks78,unknown_series,true,true,18,3,"[""tiktok_notyouraveragecrow1.jsonl"", ""tiktok_notyouraveragecrow2.jsonl"", ""tiktok_notyouraveragecrow3.jsonl""]"
7586209542459917063,7584379129022156045,,,false,alex.micheal98,alex micheal,false,,,,,0,true,true,false,true,false,false,0,1,false,false,false,false,0,0.0,un,,,true,1766302058,2025-12-21 07:27:38,2025-12-21 15:27:38,popcorn.picks78,unknown_series,true,true,18,3,"[""tiktok_notyouraveragecrow1.jsonl"", ""tiktok_notyouraveragecrow2.jsonl"", ""tiktok_notyouraveragecrow3.jsonl""]"
7586210813482255124,7584379129022156045,,,false,loylimpangog,Loy Limpangog,false,,,,,0,true,true,false,true,false,false,0,1,false,false,false,false,0,0.0,un,,,true,1766302362,2025-12-21 07:32:42,2025-12-21 15:32:42,popcorn.picks78,unknown_series,true,true,18,3,"[""tiktok_notyouraveragecrow1.jsonl"", ""tiktok_notyouraveragecrow2.jsonl"", ""tiktok_notyouraveragecrow3.jsonl""]"
7586239824123183879,7584379129022156045,,,false,maashhh.uuu,𝓜𝓪𝓪𝓼𝓱𝓱𝓱.𝓾𝓾𝓾<☆,false,,,,,0,true,true,false,true,false,false,0,1,false,false,false,false,0,0.0,un,,,true,1766309110,2025-12-21 09:25:10,2025-12-21 17:25:10,popcorn.picks78,unknown_series,true,true,18,3,"[""tiktok_notyouraveragecrow1.jsonl"", ""tiktok_notyouraveragecrow2.jsonl"", ""tiktok_notyouraveragecrow3.jsonl""]"
7586246267534983948,7584379129022156045,,,false,jiregnamuluneh.430,Abdii,false,❤️❤️❤️,❤️❤️❤️,:red_heart::red_heart::red_heart:,:red_heart::red_heart::red_heart:,0,false,false,false,true,false,false,0,1,false,false,false,false,0,0.0,un,,,true,1766310617,2025-12-21 09:50:17,2025-12-21 17:50:17,popcorn.picks78,unknown_series,true,true,18,3,"[""tiktok_notyouraveragecrow1.jsonl"", ""tiktok_notyouraveragecrow2.jsonl"", ""tiktok_notyouraveragecrow3.jsonl""]"
7586252569056641803,7584379129022156045,,,false,tonton.fofanah,tonton Fofanah,false,,,,,0,true,true,false,true,false,false,0,1,false,false,false,false,0,0.0,un,,,true,1766312079,2025-12-21 10:14:39,2025-12-21 18:14:39,popcorn.picks78,unknown_series,true,true,18,3,"[""tiktok_notyouraveragecrow1.jsonl"", ""tiktok_notyouraveragecrow2.jsonl"", ""tiktok_notyouraveragecrow3.jsonl""]"
7586252803359621906,7584379129022156045,,,false,rsttl_,rsttl_,false,,,,,0,true,true,false,true,false,false,0,1,false,false,false,false,0,0.0,un,,,true,1766312135,2025-12-21 10:15:35,2025-12-21 18:15:35,popcorn.picks78,unknown_series,true,true,18,3,"[""tiktok_notyouraveragecrow1.jsonl"", ""tiktok_notyouraveragecrow2.jsonl"", ""tiktok_notyouraveragecrow3.jsonl""]"
7586266544499409685,7584379129022156045,,,false,saleemkatta5,S K 005,false,,,,,0,true,true,false,true,false,false,0,1,false,false,false,false,0,0.0,un,,,true,1766315337,2025-12-21 11:08:57,2025-12-21 19:08:57,popcorn.picks78,unknown_series,true,true,18,3,"[""tiktok_notyouraveragecrow1.jsonl"", ""tiktok_notyouraveragecrow2.jsonl"", ""tiktok_notyouraveragecrow3.jsonl""]"
7586368197147247367,7584379129022156045,,,false,shorty6750,Lusizo kheswa,false,❤❤❤,❤❤❤,:red_heart::red_heart::red_heart:,:red_heart::red_heart::red_heart:,0,false,false,false,true,false,false,0,1,false,false,false,false,0,0.0,un,,,true,1766339000,2025-12-21 17:43:20,2025-12-22 01:43:20,popcorn.picks78,unknown_series,true,true,18,3,"[""tiktok_notyouraveragecrow1.jsonl"", ""tiktok_notyouraveragecrow2.jsonl"", ""tiktok_notyouraveragecrow3.jsonl""]"
7586376352909492993,7584379129022156045,,,false,noman_haji0,☆《《NOMàN》》☆,false,,,,,0,true,true,false,true,false,false,0,1,false,false,false,false,0,0.0,un,,,true,1766340913,2025-12-21 18:15:13,2025-12-22 02:15:13,popcorn.picks78,unknown_series,true,true,18,3,"[""tiktok_notyouraveragecrow1.jsonl"", ""tiktok_notyouraveragecrow2.jsonl"", ""tiktok_notyouraveragecrow3.jsonl""]"
7586400663648404232,7584379129022156045,,,false,chinenye_cyndy,Nenye ❤️💕,false,,,,,0,true,true,false,true,false,false,0,1,false,false,false,false,0,0.0,un,,,true,1766346566,2025-12-21 19:49:26,2025-12-22 03:49:26,popcorn.picks78,unknown_series,true,true,18,3,"[""tiktok_notyouraveragecrow1.jsonl"", ""tiktok_notyouraveragecrow2.jsonl"", ""tiktok_notyouraveragecrow3.jsonl""]"
7586408941728711432,7584379129022156045,,,false,2gyn_,almawali,false,❤❤❤,❤❤❤,:red_heart::red_heart::red_heart:,:red_heart::red_heart::red_heart:,0,false,false,false,true,false,false,0,1,false,false,false,false,0,0.0,un,,,true,1766348506,2025-12-21 20:21:46,2025-12-22 04:21:46,popcorn.picks78,unknown_series,true,true,18,3,"[""tiktok_notyouraveragecrow1.jsonl"", ""tiktok_notyouraveragecrow2.jsonl"", ""tiktok_notyouraveragecrow3.jsonl""]"
7586417755517027084,7584379129022156045,,,false,_randy_hendrix_,randy,false,That one bro who gon crack anything,that one bro who gon crack anything,that one bro who gon crack anything,that one bro who gon crack anything,35,false,false,false,false,false,false,1,1,false,false,false,false,0,0.0,en,en,true,false,1766350540,2025-12-21 20:55:40,2025-12-22 04:55:40,popcorn.picks78,unknown_series,true,true,18,3,"[""tiktok_notyouraveragecrow1.jsonl"", ""tiktok_notyouraveragecrow2.jsonl"", ""tiktok_notyouraveragecrow3.jsonl""]"
7586451346048516884,7584379129022156045,,,false,pawara_adhithya__,"P♾️""",false,❤❤❤,❤❤❤,:red_heart::red_heart::red_heart:,:red_heart::red_heart::red_heart:,0,false,false,false,true,false,false,0,1,false,false,false,false,0,0.0,un,,,true,1766358369,2025-12-21 23:06:09,2025-12-22 07:06:09,popcorn.picks78,unknown_series,true,true,18,3,"[""tiktok_notyouraveragecrow1.jsonl"", ""tiktok_notyouraveragecrow2.jsonl"", ""tiktok_notyouraveragecrow3.jsonl""]"
7586577908353925909,7584379129022156045,,,false,ali9765904,ali,false,,,,,0,true,true,false,true,false,false,0,1,false,false,false,false,0,0.0,un,,,true,1766387827,2025-12-22 07:17:07,2025-12-22 15:17:07,popcorn.picks78,unknown_series,true,true,18,3,"[""tiktok_notyouraveragecrow1.jsonl"", ""tiktok_notyouraveragecrow2.jsonl"", ""tiktok_notyouraveragecrow3.jsonl""]"
7586599115934712583,7584379129022156045,,,false,userl2v8divdzf,I love 🌹🌹🫶🫵😘,false,,,,,0,true,true,false,true,false,false,0,1,false,false,false,false,0,0.0,un,,,true,1766392772,2025-12-22 08:39:32,2025-12-22 16:39:32,popcorn.picks78,unknown_series,true,true,18,3,"[""tiktok_notyouraveragecrow1.jsonl"", ""tiktok_notyouraveragecrow2.jsonl"", ""tiktok_notyouraveragecrow3.jsonl""]"
7586621717759329025,7584379129022156045,,,false,ononoprecious,Onono Precious,false,title,title,title,title,5,false,false,false,false,false,false,1,1,false,false,false,false,0,0.0,en,en,true,false,1766398028,2025-12-22 10:07:08,2025-12-22 18:07:08,popcorn.picks78,unknown_series,true,true,18,3,"[""tiktok_notyouraveragecrow1.jsonl"", ""tiktok_notyouraveragecrow2.jsonl"", ""tiktok_notyouraveragecrow3.jsonl""]"
7586668229745984267,7584379129022156045,,,false,amaraamara990,amaraamara990,false,,,,,0,true,true,false,true,false,false,0,1,false,false,false,false,0,0.0,un,,,true,1766408855,2025-12-22 13:07:35,2025-12-22 21:07:35,popcorn.picks78,unknown_series,true,true,18,3,"[""tiktok_notyouraveragecrow1.jsonl"", ""tiktok_notyouraveragecrow2.jsonl"", ""tiktok_notyouraveragecrow3.jsonl""]"
7586696940818187019,7584379129022156045,,,false,mbaye.dejong,Mbaye  Dejong,false,,,,,0,true,true,false,true,false,false,0,1,false,false,false,false,0,0.0,un,,,true,1766415539,2025-12-22 14:58:59,2025-12-22 22:58:59,popcorn.picks78,unknown_series,true,true,18,3,"[""tiktok_notyouraveragecrow1.jsonl"", ""tiktok_notyouraveragecrow2.jsonl"", ""tiktok_notyouraveragecrow3.jsonl""]"
7587036254162043665,7584379129022156045,,,false,amar.sarkar7,toxic boy ❤️‍🔥❣️💝,false,,,,,0,true,true,false,true,false,false,0,1,false,false,false,false,0,0.0,un,,,true,1766494544,2025-12-23 12:55:44,2025-12-23 20:55:44,popcorn.picks78,unknown_series,true,true,18,3,"[""tiktok_notyouraveragecrow1.jsonl"", ""tiktok_notyouraveragecrow2.jsonl"", ""tiktok_notyouraveragecrow3.jsonl""]"
7587216803156394773,7584379129022156045,,,false,_wngynye,王妍月,false,,,,,0,true,true,false,true,false,false,0,1,false,false,false,false,0,0.0,un,,,true,1766536591,2025-12-24 00:36:31,2025-12-24 08:36:31,popcorn.picks78,unknown_series,true,true,18,3,"[""tiktok_notyouraveragecrow1.jsonl"", ""tiktok_notyouraveragecrow2.jsonl"", ""tiktok_notyouraveragecrow3.jsonl""]"
7587233678183858962,7584379129022156045,,,false,akeixxaa22,lou,false,☹️,☹️,:frowning_face:,:frowning_face:,0,false,false,false,true,false,false,0,1,false,false,false,false,0,0.0,un,,,true,1766540513,2025-12-24 01:41:53,2025-12-24 09:41:53,popcorn.picks78,unknown_series,true,true,18,3,"[""tiktok_notyouraveragecrow1.jsonl"", ""tiktok_notyouraveragecrow2.jsonl"", ""tiktok_notyouraveragecrow3.jsonl""]"
7587302603073192715,7584379129022156045,,,false,chillingplayman,Kwasi playman ❤️❤️,false,,,,,0,true,true,false,true,false,false,0,1,false,false,false,false,0,0.0,un,,,true,1766556579,2025-12-24 06:09:39,2025-12-24 14:09:39,popcorn.picks78,unknown_series,true,true,18,3,"[""tiktok_notyouraveragecrow1.jsonl"", ""tiktok_notyouraveragecrow2.jsonl"", ""tiktok_notyouraveragecrow3.jsonl""]"
7587322299679982352,7584379129022156045,,,false,jam20573,ᴋᴜʏs ᴊ,false,,,,,0,true,true,false,true,false,false,0,1,false,false,false,false,0,0.0,un,,,true,1766561146,2025-12-24 07:25:46,2025-12-24 15:25:46,popcorn.picks78,unknown_series,true,true,18,3,"[""tiktok_notyouraveragecrow1.jsonl"", ""tiktok_notyouraveragecrow2.jsonl"", ""tiktok_notyouraveragecrow3.jsonl""]"
7587691005916201748,7584379129022156045,,,false,olorunkemizainab14,Dami🌸✨,false,❤,❤,:red_heart:,:red_heart:,0,false,false,false,true,false,false,0,1,false,false,false,false,0,0.0,un,,,true,1766646997,2025-12-25 07:16:37,2025-12-25 15:16:37,popcorn.picks78,unknown_series,true,true,18,3,"[""tiktok_notyouraveragecrow1.jsonl"", ""tiktok_notyouraveragecrow2.jsonl"", ""tiktok_notyouraveragecrow3.jsonl""]"
7587718429651682066,7584379129022156045,,,false,f4rido,Farid,false,,,,,0,true,true,false,true,false,false,0,2,false,false,false,false,0,0.0,un,,,true,1766653378,2025-12-25 09:02:58,2025-12-25 17:02:58,popcorn.picks78,unknown_series,true,true,18,3,"[""tiktok_notyouraveragecrow1.jsonl"", ""tiktok_notyouraveragecrow2.jsonl"", ""tiktok_notyouraveragecrow3.jsonl""]"
7587718416263136018,7584379129022156045,,,false,f4rido,Farid,false,❤️,❤️,:red_heart:,:red_heart:,0,false,false,false,true,false,false,0,2,false,false,false,false,0,0.0,un,,,true,1766653379,2025-12-25 09:02:59,2025-12-25 17:02:59,popcorn.picks78,unknown_series,true,true,18,3,"[""tiktok_notyouraveragecrow1.jsonl"", ""tiktok_notyouraveragecrow2.jsonl"", ""tiktok_notyouraveragecrow3.jsonl""]"
7593222081245184779,7584379129022156045,,,false,11nooo0,"🪖/11nooo,,📊📊🧃",false,❤,❤,:red_heart:,:red_heart:,0,false,false,false,true,false,false,0,1,false,false,false,false,0,0.0,un,,,true,1767934801,2026-01-09 05:00:01,2026-01-09 13:00:01,popcorn.picks78,unknown_series,true,true,18,3,"[""tiktok_notyouraveragecrow1.jsonl"", ""tiktok_notyouraveragecrow2.jsonl"", ""tiktok_notyouraveragecrow3.jsonl""]"
7593441920601735957,7584379129022156045,,,false,call_me_swan04,Swan🌚🦢,false,Netflix,netflix,netflix,netflix,7,false,false,false,false,false,false,1,1,false,false,false,false,0,0.0,en,no,false,false,1767985985,2026-01-09 19:13:05,2026-01-10 03:13:05,popcorn.picks78,unknown_series,true,true,18,3,"[""tiktok_notyouraveragecrow1.jsonl"", ""tiktok_notyouraveragecrow2.jsonl"", ""tiktok_notyouraveragecrow3.jsonl""]"
7594265125202559765,7584379129022156045,,,false,eupropertiesekpoma,EU Properties | Ekpoma,false,now I'm going to watch this movie ,now i'm going to watch this movie,now i'm going to watch this movie,now i'm going to watch this movie,33,false,false,false,false,false,false,1,1,false,false,false,false,0,0.0,en,en,true,false,1768177674,2026-01-12 00:27:54,2026-01-12 08:27:54,popcorn.picks78,unknown_series,true,true,18,3,"[""tiktok_notyouraveragecrow1.jsonl"", ""tiktok_notyouraveragecrow2.jsonl"", ""tiktok_notyouraveragecrow3.jsonl""]"
7594433592085709576,7584379129022156045,,,false,jah.james3,Jah James,false,,,,,0,true,true,false,true,false,false,0,1,false,false,false,false,0,0.0,un,,,true,1768216872,2026-01-12 11:21:12,2026-01-12 19:21:12,popcorn.picks78,unknown_series,true,true,18,3,"[""tiktok_notyouraveragecrow1.jsonl"", ""tiktok_notyouraveragecrow2.jsonl"", ""tiktok_notyouraveragecrow3.jsonl""]"
7594789163967431480,7584379129022156045,,,false,legacypotencial,Legacy,false,,,,,0,true,true,false,true,false,false,0,1,false,false,false,false,0,0.0,un,,,true,1768299661,2026-01-13 10:21:01,2026-01-13 18:21:01,popcorn.picks78,unknown_series,true,true,18,3,"[""tiktok_notyouraveragecrow1.jsonl"", ""tiktok_notyouraveragecrow2.jsonl"", ""tiktok_notyouraveragecrow3.jsonl""]"
7594946284345230096,7584379129022156045,,,false,boiwonder244,🫀,false,,,,,0,true,true,false,true,false,false,0,1,false,false,false,false,0,0.0,un,,,true,1768336256,2026-01-13 20:30:56,2026-01-14 04:30:56,popcorn.picks78,unknown_series,true,true,18,3,"[""tiktok_notyouraveragecrow1.jsonl"", ""tiktok_notyouraveragecrow2.jsonl"", ""tiktok_notyouraveragecrow3.jsonl""]"
7595025730557117240,7584379129022156045,,,false,phredrikkk,𝐏 𝐇 𝐑 𝐄 𝐃 𝐑 𝐈 𝐊,false,,,,,0,true,true,false,true,false,false,0,1,false,false,false,false,0,0.0,un,,,true,1768354751,2026-01-14 01:39:11,2026-01-14 09:39:11,popcorn.picks78,unknown_series,true,true,18,3,"[""tiktok_notyouraveragecrow1.jsonl"", ""tiktok_notyouraveragecrow2.jsonl"", ""tiktok_notyouraveragecrow3.jsonl""]"
7595115658686710548,7584379129022156045,,,false,raiderfi15099,Mr. A♎,false,,,,,0,true,true,false,true,false,false,0,1,false,false,false,false,0,0.0,un,,,true,1768375680,2026-01-14 07:28:00,2026-01-14 15:28:00,popcorn.picks78,unknown_series,true,true,18,3,"[""tiktok_notyouraveragecrow1.jsonl"", ""tiktok_notyouraveragecrow2.jsonl"", ""tiktok_notyouraveragecrow3.jsonl""]"
7595196337894408980,7584379129022156045,,,false,jrs_jessica24,jrs_jessica24,false,,,,,0,true,true,false,true,false,false,0,1,false,false,false,false,0,0.0,un,,,true,1768394462,2026-01-14 12:41:02,2026-01-14 20:41:02,popcorn.picks78,unknown_series,true,true,18,3,"[""tiktok_notyouraveragecrow1.jsonl"", ""tiktok_notyouraveragecrow2.jsonl"", ""tiktok_notyouraveragecrow3.jsonl""]"
7595506631841137416,7584379129022156045,,,false,sheranghale,✨💫,false,☺☺☺,☺☺☺,:smiling_face::smiling_face::smiling_face:,:smiling_face::smiling_face::smiling_face:,0,false,false,false,true,false,false,0,1,false,false,false,false,0,0.0,un,,,true,1768466705,2026-01-15 08:45:05,2026-01-15 16:45:05,popcorn.picks78,unknown_series,true,true,18,3,"[""tiktok_notyouraveragecrow1.jsonl"", ""tiktok_notyouraveragecrow2.jsonl"", ""tiktok_notyouraveragecrow3.jsonl""]"
7595657494288253703,7584379129022156045,,,false,aldwinmanalo0,Aldwin Manalo,false,,,,,0,true,true,false,true,false,false,0,1,false,false,false,false,0,0.0,un,,,true,1768501835,2026-01-15 18:30:35,2026-01-16 02:30:35,popcorn.picks78,unknown_series,true,true,18,3,"[""tiktok_notyouraveragecrow1.jsonl"", ""tiktok_notyouraveragecrow2.jsonl"", ""tiktok_notyouraveragecrow3.jsonl""]"
7595734269662937863,7584379129022156045,,,false,yourgurl061,V,false,,,,,0,true,true,false,true,false,false,0,1,false,false,false,false,0,0.0,un,,,true,1768519714,2026-01-15 23:28:34,2026-01-16 07:28:34,popcorn.picks78,unknown_series,true,true,18,3,"[""tiktok_notyouraveragecrow1.jsonl"", ""tiktok_notyouraveragecrow2.jsonl"", ""tiktok_notyouraveragecrow3.jsonl""]"
7595790301383869205,7584379129022156045,,,false,r.yen21,yen,false,,,,,0,true,true,false,true,false,false,0,1,false,false,false,false,0,0.0,un,,,true,1768532764,2026-01-16 03:06:04,2026-01-16 11:06:04,popcorn.picks78,unknown_series,true,true,18,3,"[""tiktok_notyouraveragecrow1.jsonl"", ""tiktok_notyouraveragecrow2.jsonl"", ""tiktok_notyouraveragecrow3.jsonl""]"
7595801584744727314,7584379129022156045,,,false,sheetsharoon03,ejingg,false,,,,,0,true,true,false,true,false,false,0,1,false,false,false,false,0,0.0,un,,,true,1768535381,2026-01-16 03:49:41,2026-01-16 11:49:41,popcorn.picks78,unknown_series,true,true,18,3,"[""tiktok_notyouraveragecrow1.jsonl"", ""tiktok_notyouraveragecrow2.jsonl"", ""tiktok_notyouraveragecrow3.jsonl""]"
7596597576862925586,7584379129022156045,,,false,lasfernandz,Lafz.,false,,,,,0,true,true,false,true,false,false,0,1,false,false,false,false,0,0.0,un,,,true,1768720711,2026-01-18 07:18:31,2026-01-18 15:18:31,popcorn.picks78,unknown_series,true,true,18,3,"[""tiktok_notyouraveragecrow1.jsonl"", ""tiktok_notyouraveragecrow2.jsonl"", ""tiktok_notyouraveragecrow3.jsonl""]"
7596679759099495176,7584379129022156045,,,false,hakeemjohnson44,Hakeem Johnson,false,@,@,@,@,1,false,false,false,true,false,false,0,1,false,false,false,false,0,0.0,un,,,true,1768739843,2026-01-18 12:37:23,2026-01-18 20:37:23,popcorn.picks78,unknown_series,true,true,18,3,"[""tiktok_notyouraveragecrow1.jsonl"", ""tiktok_notyouraveragecrow2.jsonl"", ""tiktok_notyouraveragecrow3.jsonl""]"
7596900161499923218,7584379129022156045,,,false,charleneasalobie,bic daddy,false,,,,,0,true,true,false,true,false,false,0,1,false,false,false,false,0,0.0,un,,,true,1768791166,2026-01-19 02:52:46,2026-01-19 10:52:46,popcorn.picks78,unknown_series,true,true,18,3,"[""tiktok_notyouraveragecrow1.jsonl"", ""tiktok_notyouraveragecrow2.jsonl"", ""tiktok_notyouraveragecrow3.jsonl""]"
7597622333565895432,7584379129022156045,,,false,sesay.hubay,Sesay gibrilla,false,,,,,0,true,true,false,true,false,false,0,1,false,false,false,false,0,0.0,un,,,true,1768959314,2026-01-21 01:35:14,2026-01-21 09:35:14,popcorn.picks78,unknown_series,true,true,18,3,"[""tiktok_notyouraveragecrow1.jsonl"", ""tiktok_notyouraveragecrow2.jsonl"", ""tiktok_notyouraveragecrow3.jsonl""]"
7598174367834817300,7584379129022156045,,,false,gideon.delos.tria8,Gideon Delos Tria,false,,,,,0,true,true,false,true,false,false,0,1,false,false,false,false,0,0.0,un,,,true,1769087836,2026-01-22 13:17:16,2026-01-22 21:17:16,popcorn.picks78,unknown_series,true,true,18,3,"[""tiktok_notyouraveragecrow1.jsonl"", ""tiktok_notyouraveragecrow2.jsonl"", ""tiktok_notyouraveragecrow3.jsonl""]"
7598982288626434824,7584379129022156045,,,false,tikok_arnel5,Raeese,false,,,,,0,true,true,false,true,false,false,0,1,false,false,false,false,0,0.0,un,,,true,1769275947,2026-01-24 17:32:27,2026-01-25 01:32:27,popcorn.picks78,unknown_series,true,true,18,3,"[""tiktok_notyouraveragecrow1.jsonl"", ""tiktok_notyouraveragecrow2.jsonl"", ""tiktok_notyouraveragecrow3.jsonl""]"
7600038481720787720,7584379129022156045,,,false,low_cory,C.,false,bro cant miss that opportunity,bro cant miss that opportunity,bro cant miss that opportunity,bro cant miss that opportunity,30,false,false,false,false,false,false,1,1,false,false,false,false,0,0.0,en,en,true,false,1769521858,2026-01-27 13:50:58,2026-01-27 21:50:58,popcorn.picks78,unknown_series,true,true,18,3,"[""tiktok_notyouraveragecrow1.jsonl"", ""tiktok_notyouraveragecrow2.jsonl"", ""tiktok_notyouraveragecrow3.jsonl""]"
7601027467936039701,7584379129022156045,,,false,akeemdc2,🫥Akeem😷,false,,,,,0,true,true,false,true,false,false,0,1,false,false,false,false,0,0.0,un,,,true,1769752133,2026-01-30 05:48:53,2026-01-30 13:48:53,popcorn.picks78,unknown_series,true,true,18,3,"[""tiktok_notyouraveragecrow1.jsonl"", ""tiktok_notyouraveragecrow2.jsonl"", ""tiktok_notyouraveragecrow3.jsonl""]"
7601081574953763592,7584379129022156045,,,false,bigchiroma5,Big CHIROMA👌/($$$,false,,,,,0,true,true,false,true,false,false,0,1,false,false,false,false,0,0.0,un,,,true,1769764724,2026-01-30 09:18:44,2026-01-30 17:18:44,popcorn.picks78,unknown_series,true,true,18,3,"[""tiktok_notyouraveragecrow1.jsonl"", ""tiktok_notyouraveragecrow2.jsonl"", ""tiktok_notyouraveragecrow3.jsonl""]"
7601531153283711745,7584379129022156045,,,false,princekambal16,Man Ny,false,,,,,0,true,true,false,true,false,false,0,1,false,false,false,false,0,0.0,un,,,true,1769869408,2026-01-31 14:23:28,2026-01-31 22:23:28,popcorn.picks78,unknown_series,true,true,18,3,"[""tiktok_notyouraveragecrow1.jsonl"", ""tiktok_notyouraveragecrow2.jsonl"", ""tiktok_notyouraveragecrow3.jsonl""]"
7602443523350659854,7584379129022156045,,,false,c4sper.r4ntzz,c4sper.r4ntzz,false,He has a family btw,he has a family btw,he has a family btw,he has a family btw,19,false,false,false,false,false,false,1,1,false,false,false,false,1,0.6931,en,en,true,false,1770081843,2026-02-03 01:24:03,2026-02-03 09:24:03,popcorn.picks78,unknown_series,true,true,18,3,"[""tiktok_notyouraveragecrow1.jsonl"", ""tiktok_notyouraveragecrow2.jsonl"", ""tiktok_notyouraveragecrow3.jsonl""]"
7602944654028030738,7584379129022156045,,,false,keeperkennedy538,Abbah Kennedy Goalkeeper  1⚽,false,,,,,0,true,true,false,true,false,false,0,1,false,false,false,false,0,0.0,un,,,true,1770198506,2026-02-04 09:48:26,2026-02-04 17:48:26,popcorn.picks78,unknown_series,true,true,18,3,"[""tiktok_notyouraveragecrow1.jsonl"", ""tiktok_notyouraveragecrow2.jsonl"", ""tiktok_notyouraveragecrow3.jsonl""]"
7603852420326408981,7584379129022156045,,,false,anjelina.nicole6,Anjelina Nicole,false,,,,,0,true,true,false,true,false,false,0,1,false,false,false,false,0,0.0,un,,,true,1770409873,2026-02-06 20:31:13,2026-02-07 04:31:13,popcorn.picks78,unknown_series,true,true,18,3,"[""tiktok_notyouraveragecrow1.jsonl"", ""tiktok_notyouraveragecrow2.jsonl"", ""tiktok_notyouraveragecrow3.jsonl""]"
7603963720152269599,7584379129022156045,,,false,kam_km2,￴ ￴ ￴ ￴ ￴ ￴ ￴￴￴ ￴￴￴ ￴￴￴ ￴￴ ￴￴￴,false,,,,,0,true,true,false,true,false,false,0,1,false,false,false,false,0,0.0,un,,,true,1770435869,2026-02-07 03:44:29,2026-02-07 11:44:29,popcorn.picks78,unknown_series,true,true,18,3,"[""tiktok_notyouraveragecrow1.jsonl"", ""tiktok_notyouraveragecrow2.jsonl"", ""tiktok_notyouraveragecrow3.jsonl""]"
7618969125113152274,7584379129022156045,,,false,tange_rene,cathyttko,false,,,,,0,true,true,false,true,false,false,0,1,false,false,false,false,0,0.0,un,,,true,1773929497,2026-03-19 14:11:37,2026-03-19 22:11:37,popcorn.picks78,unknown_series,true,true,18,3,"[""tiktok_notyouraveragecrow1.jsonl"", ""tiktok_notyouraveragecrow2.jsonl"", ""tiktok_notyouraveragecrow3.jsonl""]"
7609666757226234645,7609634525609577741,,,false,rlmgimo,RLM,false,title: playing dead,title: playing dead,title: playing dead,title: playing dead,19,false,false,false,false,false,false,1,1,false,false,false,false,1,0.6931,en,en,true,false,1771763623,2026-02-22 12:33:43,2026-02-22 20:33:43,popcorn_recaps17,unknown_series,true,true,18,1,"[""tiktok_notyouraveragecrow3.jsonl""]"
7609698772755448597,7609634525609577741,,,false,chriscolt09,ChristColt,false,He guess he did not know how to drive. He could have taken the car.,he guess he did not know how to drive. he could have taken the car.,he guess he did not know how to drive. he could have taken the car.,he guess he did not know how to drive. he could have taken the car.,67,false,false,false,false,false,false,1,1,false,false,false,false,6,1.9459,en,en,true,false,1771771075,2026-02-22 14:37:55,2026-02-22 22:37:55,popcorn_recaps17,unknown_series,true,true,18,1,"[""tiktok_notyouraveragecrow3.jsonl""]"
7609758584657937160,7609634525609577741,,,false,deepak71512,Mike,false,Movie Title: Beyond the Reach!,movie title: beyond the reach!,movie title: beyond the reach!,movie title: beyond the reach!,30,false,false,false,false,false,false,1,1,false,false,false,false,18,2.9444,en,en,true,false,1771784997,2026-02-22 18:29:57,2026-02-23 02:29:57,popcorn_recaps17,unknown_series,true,true,18,1,"[""tiktok_notyouraveragecrow3.jsonl""]"
7609776645464982292,7609634525609577741,,,false,joanpastor1,@sheila😊,false,next part,next part,next part,next part,9,false,false,false,false,false,false,1,1,false,false,false,false,1,0.6931,en,fr,false,false,1771789207,2026-02-22 19:40:07,2026-02-23 03:40:07,popcorn_recaps17,unknown_series,true,true,18,1,"[""tiktok_notyouraveragecrow3.jsonl""]"
7609795157060584213,7609634525609577741,,,false,user8383652214520,user8383652214520,false,sniper point,sniper point,sniper point,sniper point,12,false,false,false,false,false,false,1,2,false,false,false,false,1,0.6931,en,fr,false,false,1771793525,2026-02-22 20:52:05,2026-02-23 04:52:05,popcorn_recaps17,unknown_series,true,true,18,1,"[""tiktok_notyouraveragecrow3.jsonl""]"
7609795297212465940,7609634525609577741,7609795157060584213,sniper point,true,user8383652214520,user8383652214520,false,good movie. sniper point,good movie. sniper point,good movie. sniper point,good movie. sniper point,24,false,false,false,false,false,false,1,2,false,false,false,false,0,0.0,en,af,false,false,1771793554,2026-02-22 20:52:34,2026-02-23 04:52:34,popcorn_recaps17,unknown_series,true,true,18,1,"[""tiktok_notyouraveragecrow3.jsonl""]"
7609844466343166738,7609634525609577741,,,false,.grace.dancers,@ Grace Dancers,false,visit,visit,visit,visit,5,false,false,false,false,false,false,1,1,false,false,false,false,1,0.6931,en,fi,false,false,1771805257,2026-02-23 00:07:37,2026-02-23 08:07:37,popcorn_recaps17,unknown_series,true,true,18,1,"[""tiktok_notyouraveragecrow3.jsonl""]"
7609970921336996626,7609634525609577741,7609795157060584213,sniper point,true,cebo0368,cebo,false,next,next,next,next,4,false,false,false,false,false,false,1,1,false,false,false,false,0,0.0,en,cs,false,false,1771834448,2026-02-23 08:14:08,2026-02-23 16:14:08,popcorn_recaps17,unknown_series,true,true,18,1,"[""tiktok_notyouraveragecrow3.jsonl""]"
7609978573101662983,7609634525609577741,,,false,user4393146904802,daddy Kevin,false,michael douglas the GOAT,michael douglas the goat,michael douglas the goat,michael douglas the goat,24,false,false,false,false,false,false,1,1,false,false,false,false,2,1.0986,en,en,true,false,1771836430,2026-02-23 08:47:10,2026-02-23 16:47:10,popcorn_recaps17,unknown_series,true,true,18,1,"[""tiktok_notyouraveragecrow3.jsonl""]"
7609981367828661014,7609634525609577741,,,false,ia.pangma,Šiša pangma,false,perfect movie,perfect movie,perfect movie,perfect movie,13,false,false,false,false,false,false,1,1,false,false,false,false,5,1.7918,en,ro,false,false,1771836884,2026-02-23 08:54:44,2026-02-23 16:54:44,popcorn_recaps17,unknown_series,true,true,18,1,"[""tiktok_notyouraveragecrow3.jsonl""]"
7610025832288060181,7609634525609577741,,,false,alfredsibeko201,alfredsibeko201,false,Next part,next part,next part,next part,9,false,false,false,false,false,false,1,1,false,false,false,false,3,1.3863,en,fr,false,false,1771847230,2026-02-23 11:47:10,2026-02-23 19:47:10,popcorn_recaps17,unknown_series,true,true,18,1,"[""tiktok_notyouraveragecrow3.jsonl""]"
7610028357082874642,7609634525609577741,,,false,landros.tshehla,Landros Tshehla,false,Beyond the reach,beyond the reach,beyond the reach,beyond the reach,16,false,false,false,false,false,false,1,1,false,false,false,false,2,1.0986,en,en,true,false,1771847813,2026-02-23 11:56:53,2026-02-23 19:56:53,popcorn_recaps17,unknown_series,true,true,18,1,"[""tiktok_notyouraveragecrow3.jsonl""]"
7610059110592168712,7609634525609577741,,,false,trevorsibandatrev,Victor Ncube,false,next part,next part,next part,next part,9,false,false,false,false,false,false,1,1,false,false,false,false,0,0.0,en,fr,false,false,1771855123,2026-02-23 13:58:43,2026-02-23 21:58:43,popcorn_recaps17,unknown_series,true,true,18,1,"[""tiktok_notyouraveragecrow3.jsonl""]"
7610095163030815508,7609634525609577741,,,false,nan630026,Nan,false,can any one pls tell us the title??,can any one pls tell us the title??,can any one pls tell us the title??,can any one pls tell us the title??,35,false,false,false,false,false,false,1,1,false,false,false,false,7,2.0794,en,en,true,false,1771863366,2026-02-23 16:16:06,2026-02-24 00:16:06,popcorn_recaps17,unknown_series,true,true,18,1,"[""tiktok_notyouraveragecrow3.jsonl""]"
7610095990749676296,7609634525609577741,,,false,laene.amorim8,laene amorim,false,Continuação,continuação,continuação,continuação,11,false,false,false,false,false,false,1,1,false,false,false,false,0,0.0,pt,pt,true,false,1771863554,2026-02-23 16:19:14,2026-02-24 00:19:14,popcorn_recaps17,unknown_series,true,true,18,1,"[""tiktok_notyouraveragecrow3.jsonl""]"
7610096709495210773,7609634525609577741,,,false,layanma_36,Tayanda_19,false,he fired several times but did mot shot him even when he was close,he fired several times but did mot shot him even when he was close,he fired several times but did mot shot him even when he was close,he fired several times but did mot shot him even when he was close,66,false,false,false,false,false,false,1,1,false,false,false,false,1,0.6931,en,en,true,false,1771863862,2026-02-23 16:24:22,2026-02-24 00:24:22,popcorn_recaps17,unknown_series,true,true,18,1,"[""tiktok_notyouraveragecrow3.jsonl""]"
7610106145222476562,7609634525609577741,,,false,mondfort,mondfort,false,nice movie,nice movie,nice movie,nice movie,10,false,false,false,false,false,false,1,1,false,false,false,false,3,1.3863,en,sk,false,false,1771865918,2026-02-23 16:58:38,2026-02-24 00:58:38,popcorn_recaps17,unknown_series,true,true,18,1,"[""tiktok_notyouraveragecrow3.jsonl""]"
7610158549222703879,7609634525609577741,,,false,lioness_raphael,Lioness_Raphael,false,Nice car,nice car,nice car,nice car,8,false,false,false,false,false,false,1,1,false,false,false,false,29,3.4012,en,ro,false,false,1771878131,2026-02-23 20:22:11,2026-02-24 04:22:11,popcorn_recaps17,unknown_series,true,true,18,1,"[""tiktok_notyouraveragecrow3.jsonl""]"
7610159483365294866,7609634525609577741,,,false,rasnah18,Kimberly,false,,,,,0,true,true,false,true,false,false,0,1,false,false,false,false,0,0.0,un,,,true,1771878345,2026-02-23 20:25:45,2026-02-24 04:25:45,popcorn_recaps17,unknown_series,true,true,18,1,"[""tiktok_notyouraveragecrow3.jsonl""]"
7610161847903650578,7609634525609577741,,,false,haifal.7,Haifa,false,جيسوس ؟,جيسوس ؟,جيسوس ؟,جيسوس ؟,7,false,false,false,false,false,false,0,1,false,false,false,false,22,3.1355,ar,ur,false,false,1771878895,2026-02-23 20:34:55,2026-02-24 04:34:55,popcorn_recaps17,unknown_series,true,true,18,1,"[""tiktok_notyouraveragecrow3.jsonl""]"
7610162377434563345,7609634525609577741,,,false,konadu.belinda.ad,Bela,false,,,,,0,true,true,false,true,false,false,0,1,false,false,false,false,0,0.0,un,,,true,1771879029,2026-02-23 20:37:09,2026-02-24 04:37:09,popcorn_recaps17,unknown_series,true,true,18,1,"[""tiktok_notyouraveragecrow3.jsonl""]"
7610165182833623830,7609634525609577741,,,false,erickcassar1972,erickcassar1972,false,,,,,0,true,true,false,true,false,false,0,1,false,false,false,false,0,0.0,un,,,true,1771879675,2026-02-23 20:47:55,2026-02-24 04:47:55,popcorn_recaps17,unknown_series,true,true,18,1,"[""tiktok_notyouraveragecrow3.jsonl""]"
7610170811345928968,7609634525609577741,,,false,mamzycollection0,Mamzycollection1,false,,,,,0,true,true,false,true,false,false,0,1,false,false,false,false,0,0.0,un,,,true,1771880991,2026-02-23 21:09:51,2026-02-24 05:09:51,popcorn_recaps17,unknown_series,true,true,18,1,"[""tiktok_notyouraveragecrow3.jsonl""]"
7610177847461872392,7609634525609577741,,,false,mhugonagen,Marion,false,ulaw,ulaw,ulaw,ulaw,4,false,false,false,false,false,false,1,1,false,false,false,false,0,0.0,tl,tl,true,false,1771882619,2026-02-23 21:36:59,2026-02-24 05:36:59,popcorn_recaps17,unknown_series,true,true,18,1,"[""tiktok_notyouraveragecrow3.jsonl""]"
7610186875442561814,7609634525609577741,,,false,saymaakter2018,saymaakter2018,false,,,,,0,true,true,false,true,false,false,0,1,false,false,false,false,0,0.0,un,,,true,1771884731,2026-02-23 22:12:11,2026-02-24 06:12:11,popcorn_recaps17,unknown_series,true,true,18,1,"[""tiktok_notyouraveragecrow3.jsonl""]"
7610193986624832274,7609634525609577741,,,false,ella.veva.ortiz,Ella veva ortiz,false,,,,,0,true,true,false,true,false,false,0,1,false,false,false,false,0,0.0,un,,,true,1771886382,2026-02-23 22:39:42,2026-02-24 06:39:42,popcorn_recaps17,unknown_series,true,true,18,1,"[""tiktok_notyouraveragecrow3.jsonl""]"
7610196348034515733,7609634525609577741,,,false,andrejconocevski,andrejconocevski,false,,,,,0,true,true,false,true,false,false,0,1,false,false,false,false,0,0.0,un,,,true,1771886937,2026-02-23 22:48:57,2026-02-24 06:48:57,popcorn_recaps17,unknown_series,true,true,18,1,"[""tiktok_notyouraveragecrow3.jsonl""]"
7610203492004086536,7609634525609577741,,,false,yllikoci,ylli koçi,false,The G class 6x6,the g class 6x6,the g class 6x6,the g class 6x6,15,false,false,false,false,false,false,1,1,false,false,false,false,0,0.0,en,en,true,false,1771888607,2026-02-23 23:16:47,2026-02-24 07:16:47,popcorn_recaps17,unknown_series,true,true,18,1,"[""tiktok_notyouraveragecrow3.jsonl""]"
7610212069246092040,7609634525609577741,7610161847903650578,جيسوس ؟,true,m7a.l1,مُــحال,false,ههههههههههههههههههههههههههههههههههههههههههههههههههههـه.,ههههههههههههههههههههههههههههههههههههههههههههههههههههـه.,ههههههههههههههههههههههههههههههههههههههههههههههههههههـه.,ههههههههههههههههههههههههههههههههههههههههههههههههههههـه.,55,false,false,false,false,false,false,0,1,false,false,false,false,0,0.0,ar,fa,false,false,1771890591,2026-02-23 23:49:51,2026-02-24 07:49:51,popcorn_recaps17,unknown_series,true,true,18,1,"[""tiktok_notyouraveragecrow3.jsonl""]"
7610213832359658258,7609634525609577741,7610161847903650578,جيسوس ؟,true,_7icoi,M,false,حافظه شكله من كثر عانيت من جيسوس,حافظه شكله من كثر عانيت من جيسوس,حافظه شكله من كثر عانيت من جيسوس,حافظه شكله من كثر عانيت من جيسوس,32,false,false,false,false,false,false,0,1,false,false,false,false,0,0.0,ar,ar,true,false,1771890999,2026-02-23 23:56:39,2026-02-24 07:56:39,popcorn_recaps17,unknown_series,true,true,18,1,"[""tiktok_notyouraveragecrow3.jsonl""]"
7610214905283855126,7609634525609577741,,,false,rose.mary1026,Rose Mary,false,,,,,0,true,true,false,true,false,false,0,1,false,false,false,false,0,0.0,un,,,true,1771891274,2026-02-24 00:01:14,2026-02-24 08:01:14,popcorn_recaps17,unknown_series,true,true,18,1,"[""tiktok_notyouraveragecrow3.jsonl""]"
7610216007991444242,7609634525609577741,,,false,wonderrrwoman1,wonderrrwoman1,false,,,,,0,true,true,false,true,false,false,0,1,false,false,false,false,0,0.0,un,,,true,1771891510,2026-02-24 00:05:10,2026-02-24 08:05:10,popcorn_recaps17,unknown_series,true,true,18,1,"[""tiktok_notyouraveragecrow3.jsonl""]"
7610216359967916822,7609634525609577741,,,false,costaaddict0,costaaddict0,false,,,,,0,true,true,false,true,false,false,0,1,false,false,false,false,0,0.0,un,,,true,1771891600,2026-02-24 00:06:40,2026-02-24 08:06:40,popcorn_recaps17,unknown_series,true,true,18,1,"[""tiktok_notyouraveragecrow3.jsonl""]"
7610220026892796693,7609634525609577741,,,false,agbesisoglo,Agbesi Soglo,false,,,,,0,true,true,false,true,false,false,0,1,false,false,false,false,0,0.0,un,,,true,1771892438,2026-02-24 00:20:38,2026-02-24 08:20:38,popcorn_recaps17,unknown_series,true,true,18,1,"[""tiktok_notyouraveragecrow3.jsonl""]"
7610224435899417351,7609634525609577741,,,false,k.2..official.69,K2 official,false,,,,,0,true,true,false,true,false,false,0,1,false,false,false,false,0,0.0,un,,,true,1771893464,2026-02-24 00:37:44,2026-02-24 08:37:44,popcorn_recaps17,unknown_series,true,true,18,1,"[""tiktok_notyouraveragecrow3.jsonl""]"
7610225427869385479,7609634525609577741,,,false,mouhamed.diallo107,Mouhamed diallo,false,,,,,0,true,true,false,true,false,false,0,1,false,false,false,false,0,0.0,un,,,true,1771893697,2026-02-24 00:41:37,2026-02-24 08:41:37,popcorn_recaps17,unknown_series,true,true,18,1,"[""tiktok_notyouraveragecrow3.jsonl""]"
7610225781923332884,7609634525609577741,,,false,sahaaboo0,〽️🅰👢🎐🎋 SAHAABO🌹,false,,,,,0,true,true,false,true,false,false,0,1,false,false,false,false,0,0.0,un,,,true,1771893788,2026-02-24 00:43:08,2026-02-24 08:43:08,popcorn_recaps17,unknown_series,true,true,18,1,"[""tiktok_notyouraveragecrow3.jsonl""]"
7610230012700984071,7609634525609577741,,,false,great.rocker4,Great Rocker,false,✌✌✌,✌✌✌,:victory_hand::victory_hand::victory_hand:,:victory_hand::victory_hand::victory_hand:,0,false,false,false,true,false,false,0,1,false,false,false,false,0,0.0,un,,,true,1771894765,2026-02-24 00:59:25,2026-02-24 08:59:25,popcorn_recaps17,unknown_series,true,true,18,1,"[""tiktok_notyouraveragecrow3.jsonl""]"
7610237442180285202,7609634525609577741,7610095163030815508,can any one pls tell us the title??,true,defencem,Defence_M,false,Rambo,rambo,rambo,rambo,5,false,false,false,false,false,false,1,3,false,false,false,false,0,0.0,ms,sw,false,false,1771896496,2026-02-24 01:28:16,2026-02-24 09:28:16,popcorn_recaps17,unknown_series,true,true,18,1,"[""tiktok_notyouraveragecrow3.jsonl""]"
7610237583909585682,7609634525609577741,7610025832288060181,Next part,true,defencem,Defence_M,false,movie finishes here,movie finishes here,movie finishes here,movie finishes here,19,false,false,false,false,false,false,1,3,false,false,false,false,0,0.0,en,en,true,false,1771896522,2026-02-24 01:28:42,2026-02-24 09:28:42,popcorn_recaps17,unknown_series,true,true,18,1,"[""tiktok_notyouraveragecrow3.jsonl""]"
7610237588310721288,7609634525609577741,7610158549222703879,Nice car,true,defencem,Defence_M,false,im selling it,im selling it,im selling it,im selling it,13,false,false,false,false,false,false,1,3,false,false,false,false,0,0.0,en,de,false,false,1771896533,2026-02-24 01:28:53,2026-02-24 09:28:53,popcorn_recaps17,unknown_series,true,true,18,1,"[""tiktok_notyouraveragecrow3.jsonl""]"
7610261945179013896,7609634525609577741,,,false,x4p__,💛,false,جيسوس لما كان شباب ,جيسوس لما كان شباب,جيسوس لما كان شباب,جيسوس لما كان شباب,18,false,false,false,false,false,false,0,1,false,false,false,false,0,0.0,ar,ar,true,false,1771902205,2026-02-24 03:03:25,2026-02-24 11:03:25,popcorn_recaps17,unknown_series,true,true,18,1,"[""tiktok_notyouraveragecrow3.jsonl""]"
7610272088104829712,7609634525609577741,,,false,chochaypho,Chơ Gucci,false,,,,,0,true,true,false,true,false,false,0,1,false,false,false,false,0,0.0,un,,,true,1771904583,2026-02-24 03:43:03,2026-02-24 11:43:03,popcorn_recaps17,unknown_series,true,true,18,1,"[""tiktok_notyouraveragecrow3.jsonl""]"
7610291727912485652,7609634525609577741,,,false,luniyraa,luniyraa,false,,,,,0,true,true,false,true,false,false,0,1,false,false,false,false,0,0.0,un,,,true,1771909141,2026-02-24 04:59:01,2026-02-24 12:59:01,popcorn_recaps17,unknown_series,true,true,18,1,"[""tiktok_notyouraveragecrow3.jsonl""]"
7610296753854644999,7609634525609577741,,,false,mnjtn,B Dan 20192020💔,false,,,,,0,true,true,false,true,false,false,0,1,false,false,false,false,0,0.0,un,,,true,1771910307,2026-02-24 05:18:27,2026-02-24 13:18:27,popcorn_recaps17,unknown_series,true,true,18,1,"[""tiktok_notyouraveragecrow3.jsonl""]"
7610298527546245904,7609634525609577741,,,false,jorgeaelizondo1,jorgeaelizondo1,false,,,,,0,true,true,false,true,false,false,0,1,false,false,false,false,0,0.0,un,,,true,1771910723,2026-02-24 05:25:23,2026-02-24 13:25:23,popcorn_recaps17,unknown_series,true,true,18,1,"[""tiktok_notyouraveragecrow3.jsonl""]"
7610302816280691463,7609634525609577741,,,false,analyn.reynante,Analyn Espejo Azcueta,false,,,,,0,true,true,false,true,false,false,0,1,false,false,false,false,0,0.0,un,,,true,1771911718,2026-02-24 05:41:58,2026-02-24 13:41:58,popcorn_recaps17,unknown_series,true,true,18,1,"[""tiktok_notyouraveragecrow3.jsonl""]"
7610304817366450964,7609634525609577741,,,false,user4227696815776,متمرد لا يعرف الرحمه,false,❤️❤️❤️,❤️❤️❤️,:red_heart::red_heart::red_heart:,:red_heart::red_heart::red_heart:,0,false,false,false,true,false,false,0,1,false,false,false,false,0,0.0,un,,,true,1771912187,2026-02-24 05:49:47,2026-02-24 13:49:47,popcorn_recaps17,unknown_series,true,true,18,1,"[""tiktok_notyouraveragecrow3.jsonl""]"
7610305922271314708,7609634525609577741,,,false,nhizami,D luffy,false,Antman episode?,antman episode?,antman episode?,antman episode?,15,false,false,false,false,false,false,1,1,false,false,false,false,0,0.0,en,ca,false,false,1771912439,2026-02-24 05:53:59,2026-02-24 13:53:59,popcorn_recaps17,unknown_series,true,true,18,1,"[""tiktok_notyouraveragecrow3.jsonl""]"
7610319179614946069,7609634525609577741,,,false,rajukarki407,Raju Karki40,false,,,,,0,true,true,false,true,false,false,0,1,false,false,false,false,0,0.0,un,,,true,1771915530,2026-02-24 06:45:30,2026-02-24 14:45:30,popcorn_recaps17,unknown_series,true,true,18,1,"[""tiktok_notyouraveragecrow3.jsonl""]"
7610320548073407240,7609634525609577741,,,false,nugse.araya,Nugse Araya,false,,,,,0,true,true,false,true,false,false,0,1,false,false,false,false,0,0.0,un,,,true,1771915842,2026-02-24 06:50:42,2026-02-24 14:50:42,popcorn_recaps17,unknown_series,true,true,18,1,"[""tiktok_notyouraveragecrow3.jsonl""]"
7610327181768475413,7609634525609577741,,,false,dimotswaledi,De R⭕️ck's Kitchen,false,who heard the insulting words at the beginning ,who heard the insulting words at the beginning,who heard the insulting words at the beginning,who heard the insulting words at the beginning,46,false,false,false,false,false,false,1,1,false,false,false,false,2,1.0986,en,en,true,false,1771917577,2026-02-24 07:19:37,2026-02-24 15:19:37,popcorn_recaps17,unknown_series,true,true,18,1,"[""tiktok_notyouraveragecrow3.jsonl""]"
7610328971960107784,7609634525609577741,,,false,z.qorshe,Mr Qorshe,false,,,,,0,true,true,false,true,false,false,0,1,false,false,false,false,0,0.0,un,,,true,1771917807,2026-02-24 07:23:27,2026-02-24 15:23:27,popcorn_recaps17,unknown_series,true,true,18,1,"[""tiktok_notyouraveragecrow3.jsonl""]"
7610334436085924628,7609634525609577741,,,false,bi.mekan.58,s.Akif,false,filmin adı tehlikeli oyun,filmin adı tehlikeli oyun,filmin adı tehlikeli oyun,filmin adı tehlikeli oyun,25,false,false,false,false,false,false,1,1,false,false,false,false,0,0.0,tr,tr,true,false,1771919084,2026-02-24 07:44:44,2026-02-24 15:44:44,popcorn_recaps17,unknown_series,true,true,18,1,"[""tiktok_notyouraveragecrow3.jsonl""]"
7610337620996162322,7609634525609577741,,,false,ch.shan.kasuri,ch shan kasuri,false,,,,,0,true,true,false,true,false,false,0,2,false,false,false,false,0,0.0,un,,,true,1771919818,2026-02-24 07:56:58,2026-02-24 15:56:58,popcorn_recaps17,unknown_series,true,true,18,1,"[""tiktok_notyouraveragecrow3.jsonl""]"
7610337614613152520,7609634525609577741,,,false,ch.shan.kasuri,ch shan kasuri,false,,,,,0,true,true,false,true,false,false,0,2,false,false,false,false,0,0.0,un,,,true,1771919820,2026-02-24 07:57:00,2026-02-24 15:57:00,popcorn_recaps17,unknown_series,true,true,18,1,"[""tiktok_notyouraveragecrow3.jsonl""]"
7610338186804478740,7609634525609577741,,,false,userlx1sr7j2j3,လဲ့လဲ့,false,,,,,0,true,true,false,true,false,false,0,1,false,false,false,false,0,0.0,un,,,true,1771919954,2026-02-24 07:59:14,2026-02-24 15:59:14,popcorn_recaps17,unknown_series,true,true,18,1,"[""tiktok_notyouraveragecrow3.jsonl""]"
7610339917834797832,7609634525609577741,,,false,pleple6693,pleple6693,false,,,,,0,true,true,false,true,false,false,0,1,false,false,false,false,0,0.0,un,,,true,1771920351,2026-02-24 08:05:51,2026-02-24 16:05:51,popcorn_recaps17,unknown_series,true,true,18,1,"[""tiktok_notyouraveragecrow3.jsonl""]"
7610341755053245204,7609634525609577741,,,false,tasbeeh_wazir,📿P A T H A N☝️,false,why is this isn't in Netflix ,why is this isn't in netflix,why is this isn't in netflix,why is this isn't in netflix,28,false,false,false,false,false,false,1,1,false,false,false,false,0,0.0,en,en,true,false,1771920782,2026-02-24 08:13:02,2026-02-24 16:13:02,popcorn_recaps17,unknown_series,true,true,18,1,"[""tiktok_notyouraveragecrow3.jsonl""]"
7610346952869659413,7609634525609577741,,,false,shafeeq.rehman.786,"^_^Qaidi ;804,,,,/ Gaming,,,,",false,,,,,0,true,true,false,true,false,false,0,1,false,false,false,false,0,0.0,un,,,true,1771921991,2026-02-24 08:33:11,2026-02-24 16:33:11,popcorn_recaps17,unknown_series,true,true,18,1,"[""tiktok_notyouraveragecrow3.jsonl""]"
7610348728499290902,7609634525609577741,,,false,bambimcd,user9394946462435,false,Beyond the Reach,beyond the reach,beyond the reach,beyond the reach,16,false,false,false,false,false,false,1,1,false,false,false,false,0,0.0,en,en,true,false,1771922420,2026-02-24 08:40:20,2026-02-24 16:40:20,popcorn_recaps17,unknown_series,true,true,18,1,"[""tiktok_notyouraveragecrow3.jsonl""]"
7610350249852289799,7609634525609577741,,,false,igish.lama.gosh,iGish Lama Gosh,false,the best part was when he made an espresso from his load box ..,the best part was when he made an espresso from his load box ..,the best part was when he made an espresso from his load box ..,the best part was when he made an espresso from his load box ..,63,false,false,false,false,false,false,1,1,false,false,false,false,0,0.0,en,en,true,false,1771922756,2026-02-24 08:45:56,2026-02-24 16:45:56,popcorn_recaps17,unknown_series,true,true,18,1,"[""tiktok_notyouraveragecrow3.jsonl""]"
7610353611449500434,7609634525609577741,,,false,marks0046,Marks,false,,,,,0,true,true,false,true,false,false,0,1,false,false,false,false,0,0.0,un,,,true,1771923548,2026-02-24 08:59:08,2026-02-24 16:59:08,popcorn_recaps17,unknown_series,true,true,18,1,"[""tiktok_notyouraveragecrow3.jsonl""]"
7610354869430436628,7609634525609577741,,,false,thomasanderson_r,thomasanderson_r,false,So did he not just shoot him directly the first time. No harm in shooting him directly again if he wanted to make sure he is dead.,so did he not just shoot him directly the first time. no harm in shooting him directly again if he wanted to make sure he is dead.,so did he not just shoot him directly the first time. no harm in shooting him directly again if he wanted to make sure he is dead.,so did he not just shoot him directly the first time. no harm in shooting him directly again if he wanted to make sure he is dead.,130,false,false,false,false,false,false,1,1,false,false,false,false,0,0.0,en,en,true,false,1771923840,2026-02-24 09:04:00,2026-02-24 17:04:00,popcorn_recaps17,unknown_series,true,true,18,1,"[""tiktok_notyouraveragecrow3.jsonl""]"
7610369077281948438,7609634525609577741,,,false,mo.bo5s,MO BO5S,false,Low budget movie,low budget movie,low budget movie,low budget movie,16,false,false,false,false,false,false,1,1,false,false,false,false,1,0.6931,en,en,true,false,1771927153,2026-02-24 09:59:13,2026-02-24 17:59:13,popcorn_recaps17,unknown_series,true,true,18,1,"[""tiktok_notyouraveragecrow3.jsonl""]"
7610377699383575316,7609634525609577741,,,false,user61083134901052,شبنم صبا,false,اسم فیلم ¿¿¿¿¿¿¿¿¿,اسم فیلم ¿¿¿¿¿¿¿¿¿,اسم فیلم ¿¿¿¿¿¿¿¿¿,اسم فیلم ¿¿¿¿¿¿¿¿¿,18,false,false,false,false,false,false,0,1,false,false,false,false,0,0.0,fa,ar,false,false,1771929153,2026-02-24 10:32:33,2026-02-24 18:32:33,popcorn_recaps17,unknown_series,true,true,18,1,"[""tiktok_notyouraveragecrow3.jsonl""]"
7610379997295756040,7609634525609577741,,,false,khalidzeer,Khalidzeer,false,,,,,0,true,true,false,true,false,false,0,1,false,false,false,false,0,0.0,un,,,true,1771929682,2026-02-24 10:41:22,2026-02-24 18:41:22,popcorn_recaps17,unknown_series,true,true,18,1,"[""tiktok_notyouraveragecrow3.jsonl""]"
7610380108448285447,7609634525609577741,,,false,sk.pahor,SK Pahore,false,,,,,0,true,true,false,true,false,false,0,1,false,false,false,false,0,0.0,un,,,true,1771929708,2026-02-24 10:41:48,2026-02-24 18:41:48,popcorn_recaps17,unknown_series,true,true,18,1,"[""tiktok_notyouraveragecrow3.jsonl""]"
7610384405534425857,7609634525609577741,,,false,user38380351,علي  الشمري,false,ممكن اسم الفلم,ممكن اسم الفلم,ممكن اسم الفلم,ممكن اسم الفلم,14,false,false,false,false,false,false,0,1,false,false,false,false,0,0.0,ar,ar,true,false,1771930719,2026-02-24 10:58:39,2026-02-24 18:58:39,popcorn_recaps17,unknown_series,true,true,18,1,"[""tiktok_notyouraveragecrow3.jsonl""]"
7610384817281319698,7609634525609577741,,,false,prince17750,❤️‍🩹ꉣꋪ꒐ꋊꉔꏂ👑,false,,,,,0,true,true,false,true,false,false,0,1,false,false,false,false,0,0.0,un,,,true,1771930809,2026-02-24 11:00:09,2026-02-24 19:00:09,popcorn_recaps17,unknown_series,true,true,18,1,"[""tiktok_notyouraveragecrow3.jsonl""]"
7610386596781835028,7609634525609577741,,,false,waccojacco,Letlaka-Noka.,false,title please,title please,title please,title please,12,false,false,false,false,false,false,1,1,false,false,false,false,0,0.0,en,en,true,false,1771931316,2026-02-24 11:08:36,2026-02-24 19:08:36,popcorn_recaps17,unknown_series,true,true,18,1,"[""tiktok_notyouraveragecrow3.jsonl""]"
7610389259971969800,7609634525609577741,,,false,kadiadia60,Kadiadia,false,❤️❤️❤️❤️,❤️❤️❤️❤️,:red_heart::red_heart::red_heart::red_heart:,:red_heart::red_heart::red_heart::red_heart:,0,false,false,false,true,false,false,0,1,false,false,false,false,0,0.0,un,,,true,1771931842,2026-02-24 11:17:22,2026-02-24 19:17:22,popcorn_recaps17,unknown_series,true,true,18,1,"[""tiktok_notyouraveragecrow3.jsonl""]"
7610393473149993748,7609634525609577741,,,false,mansouraloraini,mansouraloraini,false,,,,,0,true,true,false,true,false,false,0,1,false,false,false,false,0,0.0,un,,,true,1771932824,2026-02-24 11:33:44,2026-02-24 19:33:44,popcorn_recaps17,unknown_series,true,true,18,1,"[""tiktok_notyouraveragecrow3.jsonl""]"
7610397883329905425,7609634525609577741,,,false,abdulazizikadeer1,☪️Âbdulziiz🆗☝🏾☪️,false,,,,,0,true,true,false,true,false,false,0,1,false,false,false,false,0,0.0,un,,,true,1771933855,2026-02-24 11:50:55,2026-02-24 19:50:55,popcorn_recaps17,unknown_series,true,true,18,1,"[""tiktok_notyouraveragecrow3.jsonl""]"
7610409388159976200,7609634525609577741,,,false,chenocraza,che azarcon cabato,false,,,,,0,true,true,false,true,false,false,0,1,false,false,false,false,0,0.0,un,,,true,1771936531,2026-02-24 12:35:31,2026-02-24 20:35:31,popcorn_recaps17,unknown_series,true,true,18,1,"[""tiktok_notyouraveragecrow3.jsonl""]"
7610421433847595784,7609634525609577741,,,false,dyqx22k3ikhx,علي السنوسي الزيداني,false,,,,,0,true,true,false,true,false,false,0,1,false,false,false,false,0,0.0,un,,,true,1771939326,2026-02-24 13:22:06,2026-02-24 21:22:06,popcorn_recaps17,unknown_series,true,true,18,1,"[""tiktok_notyouraveragecrow3.jsonl""]"
7610423078707282706,7609634525609577741,,,false,mailkmohamed5,Mailk Mohamed,false,,,,,0,true,true,false,true,false,false,0,1,false,false,false,false,0,0.0,un,,,true,1771939713,2026-02-24 13:28:33,2026-02-24 21:28:33,popcorn_recaps17,unknown_series,true,true,18,1,"[""tiktok_notyouraveragecrow3.jsonl""]"
7610434186581476103,7609634525609577741,7610161847903650578,جيسوس ؟,true,mimi.88o,ميم,false,,,,,0,true,true,false,true,false,false,0,1,false,false,false,false,0,0.0,un,,,true,1771942300,2026-02-24 14:11:40,2026-02-24 22:11:40,popcorn_recaps17,unknown_series,true,true,18,1,"[""tiktok_notyouraveragecrow3.jsonl""]"
7610438926981006101,7609634525609577741,,,false,amogelangjobelore,Amogelang Jobe Lorenzo,false,next pls,next pls,next pls,next pls,8,false,false,false,false,false,false,1,2,false,false,false,false,1,0.6931,en,fr,false,false,1771943476,2026-02-24 14:31:16,2026-02-24 22:31:16,popcorn_recaps17,unknown_series,true,true,18,1,"[""tiktok_notyouraveragecrow3.jsonl""]"
7610441121499808533,7609634525609577741,,,false,nnanaserame1,Nnana Serame,false,movie name is Lone Survivor,movie name is lone survivor,movie name is lone survivor,movie name is lone survivor,27,false,false,false,false,false,false,1,2,false,false,false,false,1,0.6931,en,hr,false,false,1771943913,2026-02-24 14:38:33,2026-02-24 22:38:33,popcorn_recaps17,unknown_series,true,true,18,1,"[""tiktok_notyouraveragecrow3.jsonl""]"
7610451870569808656,7609634525609577741,,,false,akongosa,Sailm,false,next,next,next,next,4,false,false,false,false,false,false,1,1,false,false,false,false,0,0.0,en,cs,false,false,1771946634,2026-02-24 15:23:54,2026-02-24 23:23:54,popcorn_recaps17,unknown_series,true,true,18,1,"[""tiktok_notyouraveragecrow3.jsonl""]"
7610454206575264519,7609634525609577741,,,false,koinania07,koinania,false,funny,funny,funny,funny,5,false,false,false,false,false,false,1,1,false,false,false,false,0,0.0,en,cy,false,false,1771946960,2026-02-24 15:29:20,2026-02-24 23:29:20,popcorn_recaps17,unknown_series,true,true,18,1,"[""tiktok_notyouraveragecrow3.jsonl""]"
7610458636875252487,7609634525609577741,7610095163030815508,can any one pls tell us the title??,true,rezz58_,Rsh,false,Beyond the reach,beyond the reach,beyond the reach,beyond the reach,16,false,false,false,false,false,false,1,1,false,false,false,false,0,0.0,en,en,true,false,1771947988,2026-02-24 15:46:28,2026-02-24 23:46:28,popcorn_recaps17,unknown_series,true,true,18,1,"[""tiktok_notyouraveragecrow3.jsonl""]"
7610459904449381138,7609634525609577741,,,false,swaliif999,🇸🇦 ABDULLHA KSA🇸🇦,false,وش عنده جيسوس,وش عنده جيسوس,وش عنده جيسوس,وش عنده جيسوس,13,false,false,false,false,false,false,0,1,false,false,false,false,0,0.0,ar,fa,false,false,1771948287,2026-02-24 15:51:27,2026-02-24 23:51:27,popcorn_recaps17,unknown_series,true,true,18,1,"[""tiktok_notyouraveragecrow3.jsonl""]"
7610462833176724231,7609634525609577741,,,false,saoud20170,saoud20170,false,Really nice movie,really nice movie,really nice movie,really nice movie,17,false,false,false,false,false,false,1,1,false,false,false,false,0,0.0,en,en,true,false,1771948968,2026-02-24 16:02:48,2026-02-25 00:02:48,popcorn_recaps17,unknown_series,true,true,18,1,"[""tiktok_notyouraveragecrow3.jsonl""]"
7610468167407846162,7609634525609577741,,,false,ryzen_984,Muhammad,false,Lol u can drive the truck ,lol u can drive the truck,lol u can drive the truck,lol u can drive the truck,25,false,false,false,false,false,false,1,1,false,false,false,false,0,0.0,en,en,true,false,1771950210,2026-02-24 16:23:30,2026-02-25 00:23:30,popcorn_recaps17,unknown_series,true,true,18,1,"[""tiktok_notyouraveragecrow3.jsonl""]"
7610473774260945684,7609634525609577741,,,false,darklosf,Fla,false,nome,nome,nome,nome,4,false,false,false,false,false,false,1,1,false,false,false,false,0,0.0,pt,pt,true,false,1771951609,2026-02-24 16:46:49,2026-02-25 00:46:49,popcorn_recaps17,unknown_series,true,true,18,1,"[""tiktok_notyouraveragecrow3.jsonl""]"
7610527671084204808,7609634525609577741,,,false,mcdonald19688,✨💫Mr 🆗 Knight💫✨,false,title please,title please,title please,title please,12,false,false,false,false,false,false,1,1,false,false,false,false,0,0.0,en,en,true,false,1771964064,2026-02-24 20:14:24,2026-02-25 04:14:24,popcorn_recaps17,unknown_series,true,true,18,1,"[""tiktok_notyouraveragecrow3.jsonl""]"
7610530727159644944,7609634525609577741,,,false,cesarfu69,user2194252561056,false,La persecución. Está en Prime,la persecución. está en prime,la persecución. está en prime,la persecución. está en prime,29,false,false,false,false,false,false,1,1,false,false,false,false,2,1.0986,es,es,true,false,1771964779,2026-02-24 20:26:19,2026-02-25 04:26:19,popcorn_recaps17,unknown_series,true,true,18,1,"[""tiktok_notyouraveragecrow3.jsonl""]"
7610622363822588693,7609634525609577741,7610161847903650578,جيسوس ؟,true,a71107,أنس🐌,false,هههههههههه,هههههههههه,هههههههههه,هههههههههه,10,false,false,false,false,false,false,0,1,false,false,false,false,0,0.0,ar,fa,false,false,1771986123,2026-02-25 02:22:03,2026-02-25 10:22:03,popcorn_recaps17,unknown_series,true,true,18,1,"[""tiktok_notyouraveragecrow3.jsonl""]"
7610660057995117319,7609634525609577741,,,false,daweg.john,Bobotak@24,false,next pt,next pt,next pt,next pt,7,false,false,false,false,false,false,1,1,false,false,false,false,0,0.0,en,fr,false,false,1771994895,2026-02-25 04:48:15,2026-02-25 12:48:15,popcorn_recaps17,unknown_series,true,true,18,1,"[""tiktok_notyouraveragecrow3.jsonl""]"
7610693150806278919,7609634525609577741,,,false,user45386589,jully34876,false,nome do filme,nome do filme,nome do filme,nome do filme,13,false,false,false,false,false,false,1,1,false,false,false,false,0,0.0,pt,pt,true,false,1772002603,2026-02-25 06:56:43,2026-02-25 14:56:43,popcorn_recaps17,unknown_series,true,true,18,1,"[""tiktok_notyouraveragecrow3.jsonl""]"
7610730265586025236,7609634525609577741,,,false,kennedychikwayi,0979161671,false,next part,next part,next part,next part,9,false,false,false,false,false,false,1,1,false,false,false,false,1,0.6931,en,fr,false,false,1772011457,2026-02-25 09:24:17,2026-02-25 17:24:17,popcorn_recaps17,unknown_series,true,true,18,1,"[""tiktok_notyouraveragecrow3.jsonl""]"
7610764572328887060,7609634525609577741,,,false,regallax,regallax,false,I didn't know Michael Douglas played an assassin,i didn't know michael douglas played an assassin,i didn't know michael douglas played an assassin,i didn't know michael douglas played an assassin,48,false,false,false,false,false,false,1,1,false,false,false,false,0,0.0,en,en,true,false,1772019226,2026-02-25 11:33:46,2026-02-25 19:33:46,popcorn_recaps17,unknown_series,true,true,18,1,"[""tiktok_notyouraveragecrow3.jsonl""]"
7610795464783430418,7609634525609577741,,,false,mhamadamin745,Mhamad Amin745,false,name move,name move,name move,name move,9,false,false,false,false,false,false,1,1,false,false,false,false,0,0.0,en,sk,false,false,1772026415,2026-02-25 13:33:35,2026-02-25 21:33:35,popcorn_recaps17,unknown_series,true,true,18,1,"[""tiktok_notyouraveragecrow3.jsonl""]"
7610837794017608455,7609634525609577741,7610441121499808533,movie name is Lone Survivor,true,kingandyndaleni,King N,false,It’s not,it’s not,it’s not,it’s not,8,false,false,false,false,false,false,1,1,false,false,false,false,0,0.0,en,en,true,false,1772036269,2026-02-25 16:17:49,2026-02-26 00:17:49,popcorn_recaps17,unknown_series,true,true,18,1,"[""tiktok_notyouraveragecrow3.jsonl""]"
7610839738412974869,7609634525609577741,7610441121499808533,movie name is Lone Survivor,true,nnanaserame1,Nnana Serame,false,"What makes you say that coz I've watched that movie and it's so interesting beside they're promoting that Mercedes G-Wagon with all it features
I'll send you the trailer then daah",what makes you say that coz i've watched that movie and it's so interesting beside they're promoting that mercedes g-wagon with all it features i'll send you the trailer then daah,what makes you say that coz i've watched that movie and it's so interesting beside they're promoting that mercedes g-wagon with all it features i'll send you the trailer then daah,what makes you say that coz i've watched that movie and it's so interesting beside they're promoting that mercedes g-wagon with all it features i'll send you the trailer then daah,179,false,false,false,false,false,false,1,2,false,false,false,false,0,0.0,en,en,true,false,1772036725,2026-02-25 16:25:25,2026-02-26 00:25:25,popcorn_recaps17,unknown_series,true,true,18,1,"[""tiktok_notyouraveragecrow3.jsonl""]"
7611038440147665671,7609634525609577741,,,false,aaryam40,🇸🇦رياح الشمال,false,":اللهم أذق أهل غزة حلاوة الجبر بعد مرارة الصبر،
اللهم أطعمهم من ثمار الجنة، واسقهم من حوض النبي ﷺ،
اللهم ارزقهم فرحة تنسيهم قسوة هذه الأيام الثقيلة،
اللهم اجبر كسر قلوبهم وإجعلهم لقضائك وقدرك صابرين،
يارب كُن معهم وقوّهم وزدهم صبرا وآجرهم على صبرهم،
اللهم أربط على قلوبهم فإنها لا تقوى ولا تستند إلا بك يا الله.اللهم نصرا يليق بجلال وجهك وعظيم سلطانك لأهلنا في غزه اللهم افرغ علي قلوبهم الصبر الجميل اللهم اطعمهم من جوع وأمنهم من خوف",:اللهم أذق أهل غزة حلاوة الجبر بعد مرارة الصبر، اللهم أطعمهم من ثمار الجنة، واسقهم من حوض النبي ﷺ، اللهم ارزقهم فرحة تنسيهم قسوة هذه الأيام الثقيلة، اللهم اجبر كسر قلوبهم وإجعلهم لقضائك وقدرك صابرين، يارب كُن معهم وقوّهم وزدهم صبرا وآجرهم على صبرهم، اللهم أربط على قلوبهم فإنها لا تقوى ولا تستند إلا بك يا الله.اللهم نصرا يليق بجلال وجهك وعظيم سلطانك لأهلنا في غزه اللهم افرغ علي قلوبهم الصبر الجميل اللهم اطعمهم من جوع وأمنهم من خوف,:اللهم أذق أهل غزة حلاوة الجبر بعد مرارة الصبر، اللهم أطعمهم من ثمار الجنة، واسقهم من حوض النبي ﷺ، اللهم ارزقهم فرحة تنسيهم قسوة هذه الأيام الثقيلة، اللهم اجبر كسر قلوبهم وإجعلهم لقضائك وقدرك صابرين، يارب كُن معهم وقوّهم وزدهم صبرا وآجرهم على صبرهم، اللهم أربط على قلوبهم فإنها لا تقوى ولا تستند إلا بك يا الله.اللهم نصرا يليق بجلال وجهك وعظيم سلطانك لأهلنا في غزه اللهم افرغ علي قلوبهم الصبر الجميل اللهم اطعمهم من جوع وأمنهم من خوف,:اللهم أذق أهل غزة حلاوة الجبر بعد مرارة الصبر، اللهم أطعمهم من ثمار الجنة، واسقهم من حوض النبي ﷺ، اللهم ارزقهم فرحة تنسيهم قسوة هذه الأيام الثقيلة، اللهم اجبر كسر قلوبهم وإجعلهم لقضائك وقدرك صابرين، يارب كُن معهم وقوّهم وزدهم صبرا وآجرهم على صبرهم، اللهم أربط على قلوبهم فإنها لا تقوى ولا تستند إلا بك يا الله.اللهم نصرا يليق بجلال وجهك وعظيم سلطانك لأهلنا في غزه اللهم افرغ علي قلوبهم الصبر الجميل اللهم اطعمهم من جوع وأمنهم من خوف,433,false,false,false,false,false,false,0,1,false,false,false,false,1,0.6931,ar,ar,true,false,1772083003,2026-02-26 05:16:43,2026-02-26 13:16:43,popcorn_recaps17,unknown_series,true,true,18,1,"[""tiktok_notyouraveragecrow3.jsonl""]"
7611077951685853970,7609634525609577741,,,false,user134411601880,عبدالله 🇸🇦,false,هذا جيسوس اعتزل التدريب,هذا جيسوس اعتزل التدريب,هذا جيسوس اعتزل التدريب,هذا جيسوس اعتزل التدريب,23,false,false,false,false,false,false,0,1,false,false,false,false,0,0.0,ar,ar,true,false,1772092190,2026-02-26 07:49:50,2026-02-26 15:49:50,popcorn_recaps17,unknown_series,true,true,18,1,"[""tiktok_notyouraveragecrow3.jsonl""]"
7611197970780553991,7609634525609577741,,,false,user33590323518494,مبارك احمد,false,كمل,كمل,كمل,كمل,3,false,false,false,false,false,false,0,1,false,false,false,false,0,0.0,ar,,,true,1772120130,2026-02-26 15:35:30,2026-02-26 23:35:30,popcorn_recaps17,unknown_series,true,true,18,1,"[""tiktok_notyouraveragecrow3.jsonl""]"
7611210322267947798,7609634525609577741,,,false,robinforbes12,robinforbes12,false,they don't write them like that anymore. Iol,they don't write them like that anymore. iol,they don't write them like that anymore. iol,they don't write them like that anymore. iol,44,false,false,false,false,false,false,1,1,false,false,false,false,0,0.0,en,en,true,false,1772123015,2026-02-26 16:23:35,2026-02-27 00:23:35,popcorn_recaps17,unknown_series,true,true,18,1,"[""tiktok_notyouraveragecrow3.jsonl""]"
7611245762202419989,7609634525609577741,,,false,inam7695,Engr Inam ul Haq,false,next,next,next,next,4,false,false,false,false,false,false,1,1,false,false,false,false,0,0.0,en,cs,false,false,1772131260,2026-02-26 18:41:00,2026-02-27 02:41:00,popcorn_recaps17,unknown_series,true,true,18,1,"[""tiktok_notyouraveragecrow3.jsonl""]"
7611307348658209543,7609634525609577741,,,false,lily.mira48,lily mira,false,I want that car,i want that car,i want that car,i want that car,15,false,false,false,false,false,false,1,1,false,false,false,false,0,0.0,en,en,true,false,1772145615,2026-02-26 22:40:15,2026-02-27 06:40:15,popcorn_recaps17,unknown_series,true,true,18,1,"[""tiktok_notyouraveragecrow3.jsonl""]"
7611406125879657238,7609634525609577741,,,false,mariisz8,mariusz,false,jaki tytul,jaki tytul,jaki tytul,jaki tytul,10,false,false,false,false,false,false,1,1,false,false,false,false,0,0.0,pl,fi,false,false,1772168647,2026-02-27 05:04:07,2026-02-27 13:04:07,popcorn_recaps17,unknown_series,true,true,18,1,"[""tiktok_notyouraveragecrow3.jsonl""]"
7611512331798201096,7609634525609577741,,,false,goldiiethato,goldiiethato@gmail.com,false,legends will ask for title ,legends will ask for title,legends will ask for title,legends will ask for title,26,false,false,false,false,false,false,1,1,false,false,false,false,0,0.0,en,da,false,false,1772193525,2026-02-27 11:58:45,2026-02-27 19:58:45,popcorn_recaps17,unknown_series,true,true,18,1,"[""tiktok_notyouraveragecrow3.jsonl""]"
7611611714412593942,7609634525609577741,,,false,henterattila,Henter Attila,false,cimet tud valaki,cimet tud valaki,cimet tud valaki,cimet tud valaki,16,false,false,false,false,false,false,1,1,false,false,false,false,0,0.0,hu,et,false,false,1772216465,2026-02-27 18:21:05,2026-02-28 02:21:05,popcorn_recaps17,unknown_series,true,true,18,1,"[""tiktok_notyouraveragecrow3.jsonl""]"
7611798412645073685,7609634525609577741,,,false,meytampubolon1,mey,false,knpa gak nunggu 2jman baru bangkit tunggu musu pigi jauh,knpa gak nunggu 2jman baru bangkit tunggu musu pigi jauh,knpa gak nunggu 2jman baru bangkit tunggu musu pigi jauh,knpa gak nunggu 2jman baru bangkit tunggu musu pigi jauh,56,false,false,false,false,false,false,1,1,false,false,false,false,0,0.0,id,id,true,false,1772259943,2026-02-28 06:25:43,2026-02-28 14:25:43,popcorn_recaps17,unknown_series,true,true,18,1,"[""tiktok_notyouraveragecrow3.jsonl""]"
7611857341034693398,7609634525609577741,,,false,geoff.hallimond981,Geoff Hallimond,false,good film ,good film,good film,good film,9,false,false,false,false,false,false,1,1,false,false,false,false,0,0.0,en,cy,false,false,1772273664,2026-02-28 10:14:24,2026-02-28 18:14:24,popcorn_recaps17,unknown_series,true,true,18,1,"[""tiktok_notyouraveragecrow3.jsonl""]"
7615337238557328129,7609634525609577741,,,false,ambyarmych,sufyan,false,,,,,0,true,true,false,true,false,false,0,1,false,false,false,false,0,0.0,un,,,true,1773083879,2026-03-09 19:17:59,2026-03-10 03:17:59,popcorn_recaps17,unknown_series,true,true,18,1,"[""tiktok_notyouraveragecrow3.jsonl""]"
7629802627878175495,7609634525609577741,,,false,user9548209676556,lalathom،😍,false,إسم الفلم,إسم الفلم,إسم الفلم,إسم الفلم,9,false,false,false,false,false,false,0,1,false,false,false,false,0,0.0,ar,ar,true,false,1776451991,2026-04-17 18:53:11,2026-04-18 02:53:11,popcorn_recaps17,unknown_series,true,true,18,1,"[""tiktok_notyouraveragecrow3.jsonl""]"
7636598582837625617,7636564649621671188,,,false,arcelita.avila,Arcelita Avila,false,Be strong sr Levste!!,be strong sr levste!!,be strong sr levste!!,be strong sr levste!!,21,false,false,false,false,false,false,1,1,false,false,false,false,14,2.7081,en,da,false,false,1778034200,2026-05-06 02:23:20,2026-05-06 10:23:20,popcorn7615,unknown_series,true,true,18,2,"[""tiktok_notyouraveragecrow1.jsonl"", ""tiktok_notyouraveragecrow3.jsonl""]"
7636599263146001172,7636564649621671188,,,false,rhosedela,rhose reyes,false,my god protect Cong leviste,my god protect cong leviste,my god protect cong leviste,my god protect cong leviste,27,false,false,false,false,false,false,1,1,false,false,false,false,16,2.8332,en,en,true,false,1778034350,2026-05-06 02:25:50,2026-05-06 10:25:50,popcorn7615,unknown_series,true,true,18,2,"[""tiktok_notyouraveragecrow1.jsonl"", ""tiktok_notyouraveragecrow3.jsonl""]"
7636609031994622728,7636564649621671188,,,false,antrollss,monica,false,alam n po kung sino gagawa noon,alam n po kung sino gagawa noon,alam n po kung sino gagawa noon,alam n po kung sino gagawa noon,31,false,false,false,false,false,false,1,1,false,false,false,false,0,0.0,tl,tl,true,false,1778036614,2026-05-06 03:03:34,2026-05-06 11:03:34,popcorn7615,unknown_series,true,true,18,2,"[""tiktok_notyouraveragecrow1.jsonl"", ""tiktok_notyouraveragecrow3.jsonl""]"
7636617673191392018,7636564649621671188,,,false,lulung4,lovely,false,"be strong cong
Allah bless you",be strong cong allah bless you,be strong cong allah bless you,be strong cong allah bless you,30,false,false,false,false,false,false,1,1,false,false,false,false,1,0.6931,en,en,true,false,1778038623,2026-05-06 03:37:03,2026-05-06 11:37:03,popcorn7615,unknown_series,true,true,18,2,"[""tiktok_notyouraveragecrow1.jsonl"", ""tiktok_notyouraveragecrow3.jsonl""]"
7636650208386925333,7636564649621671188,,,false,eros_elleb,eros elleb 💚,false,May God bless and protect you always ,may god bless and protect you always,may god bless and protect you always,may god bless and protect you always,36,false,false,false,false,false,false,1,1,false,false,false,false,17,2.8904,en,en,true,false,1778046205,2026-05-06 05:43:25,2026-05-06 13:43:25,popcorn7615,unknown_series,true,true,18,2,"[""tiktok_notyouraveragecrow1.jsonl"", ""tiktok_notyouraveragecrow3.jsonl""]"
7636655268634592016,7636564649621671188,,,false,ohmyanghel,angge,false,Ang panginoon kakampi mo,ang panginoon kakampi mo,ang panginoon kakampi mo,ang panginoon kakampi mo,24,false,false,false,false,false,false,1,1,false,false,false,false,1,0.6931,tl,tl,true,false,1778047379,2026-05-06 06:02:59,2026-05-06 14:02:59,popcorn7615,unknown_series,true,true,18,2,"[""tiktok_notyouraveragecrow1.jsonl"", ""tiktok_notyouraveragecrow3.jsonl""]"
7636657086307762952,7636564649621671188,,,false,mfaeldonia,Vicky,false,god will always protect you sir,god will always protect you sir,god will always protect you sir,god will always protect you sir,31,false,false,false,false,false,false,1,1,false,false,false,false,6,1.9459,en,en,true,false,1778047802,2026-05-06 06:10:02,2026-05-06 14:10:02,popcorn7615,unknown_series,true,true,18,2,"[""tiktok_notyouraveragecrow1.jsonl"", ""tiktok_notyouraveragecrow3.jsonl""]"
7636675389586440961,7636564649621671188,,,false,fhadzriemor27,RIEMOR F🤟 🦅🤟😼🙊,false,God protect the good men,god protect the good men,god protect the good men,god protect the good men,24,false,false,false,false,false,false,1,1,false,false,false,false,8,2.1972,en,en,true,false,1778052076,2026-05-06 07:21:16,2026-05-06 15:21:16,popcorn7615,unknown_series,true,true,18,2,"[""tiktok_notyouraveragecrow1.jsonl"", ""tiktok_notyouraveragecrow3.jsonl""]"
7636702433388790548,7636564649621671188,,,false,vilmamina3,maria mina,false,god protect po,god protect po,god protect po,god protect po,14,false,false,false,false,false,false,1,1,false,false,false,false,0,0.0,tl,pl,false,false,1778058356,2026-05-06 09:05:56,2026-05-06 17:05:56,popcorn7615,unknown_series,true,true,18,2,"[""tiktok_notyouraveragecrow1.jsonl"", ""tiktok_notyouraveragecrow3.jsonl""]"
7636714230281224980,7636564649621671188,,,false,kerimamesa,evelynmesa35,false,mang ingat ka po cong..leviste,mang ingat ka po cong..leviste,mang ingat ka po cong..leviste,mang ingat ka po cong..leviste,30,false,false,false,false,false,false,1,1,false,false,false,false,0,0.0,tl,tl,true,false,1778061111,2026-05-06 09:51:51,2026-05-06 17:51:51,popcorn7615,unknown_series,true,true,18,2,"[""tiktok_notyouraveragecrow1.jsonl"", ""tiktok_notyouraveragecrow3.jsonl""]"
7636751050079437585,7636564649621671188,,,false,micajannapj8,micajannaPj8,false,mabutikang tao idol,mabutikang tao idol,mabutikang tao idol,mabutikang tao idol,19,false,false,false,false,false,false,1,1,false,false,false,false,0,0.0,tl,tl,true,false,1778069686,2026-05-06 12:14:46,2026-05-06 20:14:46,popcorn7615,unknown_series,true,true,18,2,"[""tiktok_notyouraveragecrow1.jsonl"", ""tiktok_notyouraveragecrow3.jsonl""]"
7636754311586677512,7636564649621671188,,,false,tiktokerchallenge8,Leah,false,tama,tama,tama,tama,4,false,false,false,false,false,false,1,1,false,false,false,false,0,0.0,ms,id,false,false,1778070432,2026-05-06 12:27:12,2026-05-06 20:27:12,popcorn7615,unknown_series,true,true,18,2,"[""tiktok_notyouraveragecrow1.jsonl"", ""tiktok_notyouraveragecrow3.jsonl""]"
7636791062040855303,7636564649621671188,,,false,michaelalegria7,Michael A De Guzman,false,pag may nangyare sau..ibig sabihin lng yan na totoo ang mga sinasabi mo...subra natong mga nangyayare..grabing administration nato..,pag may nangyare sau..ibig sabihin lng yan na totoo ang mga sinasabi mo...subra natong mga nangyayare..grabing administration nato..,pag may nangyare sau..ibig sabihin lng yan na totoo ang mga sinasabi mo...subra natong mga nangyayare..grabing administration nato..,pag may nangyare sau..ibig sabihin lng yan na totoo ang mga sinasabi mo...subra natong mga nangyayare..grabing administration nato..,132,false,false,false,false,false,false,1,1,false,false,false,false,0,0.0,tl,tl,true,false,1778078987,2026-05-06 14:49:47,2026-05-06 22:49:47,popcorn7615,unknown_series,true,true,18,2,"[""tiktok_notyouraveragecrow1.jsonl"", ""tiktok_notyouraveragecrow3.jsonl""]"
7636793503741838088,7636564649621671188,,,false,langga647,Langga Caleon Balbastro Baldonas,false,be strong..,be strong..,be strong..,be strong..,11,false,false,false,false,false,false,1,1,false,false,false,false,0,0.0,en,da,false,false,1778079555,2026-05-06 14:59:15,2026-05-06 22:59:15,popcorn7615,unknown_series,true,true,18,2,"[""tiktok_notyouraveragecrow1.jsonl"", ""tiktok_notyouraveragecrow3.jsonl""]"
7636848527234368273,7636564649621671188,,,false,bnbshop4k,BnB Shop 4k,false,The truth will always prevail,the truth will always prevail,the truth will always prevail,the truth will always prevail,29,false,false,false,false,false,false,1,1,false,false,false,false,0,0.0,en,en,true,false,1778092377,2026-05-06 18:32:57,2026-05-07 02:32:57,popcorn7615,unknown_series,true,true,18,2,"[""tiktok_notyouraveragecrow1.jsonl"", ""tiktok_notyouraveragecrow3.jsonl""]"
7636933653499183892,7636564649621671188,,,false,user4629623777613,Ana Marie,false,keep safe  truth will always prevail,keep safe truth will always prevail,keep safe truth will always prevail,keep safe truth will always prevail,35,false,false,false,false,false,false,1,1,false,false,false,false,0,0.0,en,en,true,false,1778112209,2026-05-07 00:03:29,2026-05-07 08:03:29,popcorn7615,unknown_series,true,true,18,2,"[""tiktok_notyouraveragecrow1.jsonl"", ""tiktok_notyouraveragecrow3.jsonl""]"
7637111091332924176,7636564649621671188,,,false,lianas298,LIANA'S,false,god always protect cong leviste,god always protect cong leviste,god always protect cong leviste,god always protect cong leviste,31,false,false,false,false,false,false,1,1,false,false,false,false,0,0.0,en,en,true,false,1778153505,2026-05-07 11:31:45,2026-05-07 19:31:45,popcorn7615,unknown_series,true,true,18,2,"[""tiktok_notyouraveragecrow1.jsonl"", ""tiktok_notyouraveragecrow3.jsonl""]"
7637340164365681426,7636564649621671188,,,false,tessmacabenta5,tessmacabenta5,false,panig lang sa tama Leveste go go lang,panig lang sa tama leveste go go lang,panig lang sa tama leveste go go lang,panig lang sa tama leveste go go lang,37,false,false,false,false,false,false,1,1,false,false,false,false,0,0.0,tl,tl,true,false,1778206839,2026-05-08 02:20:39,2026-05-08 10:20:39,popcorn7615,unknown_series,true,true,18,2,"[""tiktok_notyouraveragecrow1.jsonl"", ""tiktok_notyouraveragecrow3.jsonl""]"
7638944678817596180,7636564649621671188,,,false,qwertyiiop16,🫶Hello kitty  official🫶,false,good job Leviste ,good job leviste,good job leviste,good job leviste,16,false,false,false,false,false,false,1,1,false,false,false,false,2,1.0986,en,sl,false,false,1778580421,2026-05-12 10:07:01,2026-05-12 18:07:01,popcorn7615,unknown_series,true,true,18,2,"[""tiktok_notyouraveragecrow1.jsonl"", ""tiktok_notyouraveragecrow3.jsonl""]"
7639217679705883410,7636564649621671188,,,false,myshell386,RichLove,false,LORD Protect this young man Cong.Leviste,lord protect this young man cong.leviste,lord protect this young man cong.leviste,lord protect this young man cong.leviste,40,false,false,false,false,false,false,1,1,false,false,false,false,1,0.6931,en,en,true,false,1778643980,2026-05-13 03:46:20,2026-05-13 11:46:20,popcorn7615,unknown_series,true,true,18,2,"[""tiktok_notyouraveragecrow1.jsonl"", ""tiktok_notyouraveragecrow3.jsonl""]"
7639665539865920263,7636564649621671188,,,false,nannette010,Nannette,false,amen,amen,amen,amen,4,false,false,false,false,false,false,1,1,false,false,false,false,0,0.0,es,ca,false,false,1778748253,2026-05-14 08:44:13,2026-05-14 16:44:13,popcorn7615,unknown_series,true,true,18,2,"[""tiktok_notyouraveragecrow1.jsonl"", ""tiktok_notyouraveragecrow3.jsonl""]"
7639844420480729877,7636564649621671188,,,false,mahalko1692,mahalko,false,,,,,0,true,true,false,true,false,false,0,1,false,false,false,false,0,0.0,un,,,true,1778789908,2026-05-14 20:18:28,2026-05-15 04:18:28,popcorn7615,unknown_series,true,true,18,2,"[""tiktok_notyouraveragecrow1.jsonl"", ""tiktok_notyouraveragecrow3.jsonl""]"
7640761914590970645,7636564649621671188,,,false,pombe.nalorey,Pombe Nalorey,false,,,,,0,true,true,false,true,false,false,0,1,false,false,false,false,0,0.0,un,,,true,1779003530,2026-05-17 07:38:50,2026-05-17 15:38:50,popcorn7615,unknown_series,true,true,18,2,"[""tiktok_notyouraveragecrow1.jsonl"", ""tiktok_notyouraveragecrow3.jsonl""]"
7640780496636592912,7636564649621671188,,,false,sam8913pa,sam8913,false,,,,,0,true,true,false,true,false,false,0,1,false,false,false,false,0,0.0,un,,,true,1779007858,2026-05-17 08:50:58,2026-05-17 16:50:58,popcorn7615,unknown_series,true,true,18,2,"[""tiktok_notyouraveragecrow1.jsonl"", ""tiktok_notyouraveragecrow3.jsonl""]"
7640851015826801428,7636564649621671188,,,false,prl3647,💔 👼🤍,false,,,,,0,true,true,false,true,false,false,0,1,false,false,false,false,0,0.0,un,,,true,1779024274,2026-05-17 13:24:34,2026-05-17 21:24:34,popcorn7615,unknown_series,true,true,18,2,"[""tiktok_notyouraveragecrow1.jsonl"", ""tiktok_notyouraveragecrow3.jsonl""]"
7641076470580921105,7636564649621671188,,,false,jane49304,jane,false,GOD BLESS YOU CONG LEVISTE,god bless you cong leviste,god bless you cong leviste,god bless you cong leviste,26,false,false,false,false,false,false,1,1,false,false,false,true,3,1.3863,en,en,true,false,1779076770,2026-05-18 03:59:30,2026-05-18 11:59:30,popcorn7615,unknown_series,true,true,18,2,"[""tiktok_notyouraveragecrow1.jsonl"", ""tiktok_notyouraveragecrow3.jsonl""]"
7641182275589833473,7636564649621671188,,,false,miggy_whisky0812,Miggy Pango & Whisky Botchog,false,May all the protection from Divine forces be with you sir…,may all the protection from divine forces be with you sir…,may all the protection from divine forces be with you sir…,may all the protection from divine forces be with you sir…,58,false,false,false,false,false,false,1,1,false,false,false,true,3,1.3863,en,en,true,false,1779101400,2026-05-18 10:50:00,2026-05-18 18:50:00,popcorn7615,unknown_series,true,true,18,2,"[""tiktok_notyouraveragecrow1.jsonl"", ""tiktok_notyouraveragecrow3.jsonl""]"
7641348369588192021,7636564649621671188,,,false,jake08.gutchie,𝙋𝙝𝙚𝙣❤️𝙆𝙞𝙢,false,May Tao to na pinagkatiwalaan na pag may mangyare dito matic may magpa palabas ,may tao to na pinagkatiwalaan na pag may mangyare dito matic may magpa palabas,may tao to na pinagkatiwalaan na pag may mangyare dito matic may magpa palabas,may tao to na pinagkatiwalaan na pag may mangyare dito matic may magpa palabas,78,false,false,false,false,false,false,1,1,false,false,false,true,2,1.0986,tl,tl,true,false,1779140082,2026-05-18 21:34:42,2026-05-19 05:34:42,popcorn7615,unknown_series,true,true,18,2,"[""tiktok_notyouraveragecrow1.jsonl"", ""tiktok_notyouraveragecrow3.jsonl""]"
7641854064569402130,7636564649621671188,,,false,joyannevangelista2,arjoy,false,Lord protektahan nyo po ang mga taong may malasakit Sa mga Pilipino,lord protektahan nyo po ang mga taong may malasakit sa mga pilipino,lord protektahan nyo po ang mga taong may malasakit sa mga pilipino,lord protektahan nyo po ang mga taong may malasakit sa mga pilipino,67,false,false,false,false,false,false,1,1,false,false,false,true,2,1.0986,tl,tl,true,false,1779257811,2026-05-20 06:16:51,2026-05-20 14:16:51,popcorn7615,unknown_series,true,true,18,2,"[""tiktok_notyouraveragecrow1.jsonl"", ""tiktok_notyouraveragecrow3.jsonl""]"
7642312445352117013,7636564649621671188,,,false,user20846097699255,hanie,false,ingat po,ingat po,ingat po,ingat po,8,false,false,false,false,false,false,1,1,false,false,false,false,0,0.0,tl,tl,true,false,1779364538,2026-05-21 11:55:38,2026-05-21 19:55:38,popcorn7615,unknown_series,true,true,18,2,"[""tiktok_notyouraveragecrow1.jsonl"", ""tiktok_notyouraveragecrow3.jsonl""]"
7642540083124536082,7636564649621671188,,,false,user783960996,Cheeeze,false,,,,,0,true,true,false,true,false,false,0,1,false,false,false,false,0,0.0,un,,,true,1779417544,2026-05-22 02:39:04,2026-05-22 10:39:04,popcorn7615,unknown_series,true,true,18,2,"[""tiktok_notyouraveragecrow1.jsonl"", ""tiktok_notyouraveragecrow3.jsonl""]"
7642637071316075285,7636564649621671188,,,false,gela77752,gela777,false,The Truth Will Reveal Itself...,the truth will reveal itself...,the truth will reveal itself...,the truth will reveal itself...,31,false,false,false,false,false,false,1,1,false,false,false,false,0,0.0,en,en,true,false,1779440131,2026-05-22 08:55:31,2026-05-22 16:55:31,popcorn7615,unknown_series,true,true,18,2,"[""tiktok_notyouraveragecrow1.jsonl"", ""tiktok_notyouraveragecrow3.jsonl""]"
7644170624071664401,7636564649621671188,,,false,evagenanda,evz,false,Tama lng na masabe mo sa esang safe na Lugar,tama lng na masabe mo sa esang safe na lugar,tama lng na masabe mo sa esang safe na lugar,tama lng na masabe mo sa esang safe na lugar,44,false,false,false,false,false,false,1,1,false,false,false,true,1,0.6931,tl,tl,true,false,1779797176,2026-05-26 12:06:16,2026-05-26 20:06:16,popcorn7615,unknown_series,true,true,18,2,"[""tiktok_notyouraveragecrow1.jsonl"", ""tiktok_notyouraveragecrow3.jsonl""]"
7644202167332750100,7636564649621671188,,,false,cina7268,cina,false,,,,,0,true,true,false,true,false,false,0,1,false,false,false,false,0,0.0,un,,,true,1779804531,2026-05-26 14:08:51,2026-05-26 22:08:51,popcorn7615,unknown_series,true,true,18,2,"[""tiktok_notyouraveragecrow1.jsonl"", ""tiktok_notyouraveragecrow3.jsonl""]"
7646351659882332948,7636564649621671188,,,false,metchel271,Metchel,false,ingat po kayo sir ❤️❤️❤️❤️,ingat po kayo sir ❤️❤️❤️❤️,ingat po kayo sir :red_heart::red_heart::red_heart::red_heart:,ingat po kayo sir :red_heart::red_heart::red_heart::red_heart:,17,false,false,false,false,false,false,1,1,false,false,false,false,0,0.0,tl,tl,true,false,1780304988,2026-06-01 09:09:48,2026-06-01 17:09:48,popcorn7615,unknown_series,true,true,18,2,"[""tiktok_notyouraveragecrow1.jsonl"", ""tiktok_notyouraveragecrow3.jsonl""]"
7646751125097628434,7636564649621671188,,,false,nanitteamigo,Nanitte Amigo,false,,,,,0,true,true,false,true,false,false,0,1,false,false,false,false,0,0.0,un,,,true,1780397996,2026-06-02 10:59:56,2026-06-02 18:59:56,popcorn7615,unknown_series,true,true,18,2,"[""tiktok_notyouraveragecrow1.jsonl"", ""tiktok_notyouraveragecrow3.jsonl""]"
7646759084687688469,7636564649621671188,,,false,diosdadapresbiter5,Juice,false,,,,,0,true,true,false,true,false,false,0,1,false,false,false,true,1,0.6931,un,,,true,1780399856,2026-06-02 11:30:56,2026-06-02 19:30:56,popcorn7615,unknown_series,true,true,18,2,"[""tiktok_notyouraveragecrow1.jsonl"", ""tiktok_notyouraveragecrow3.jsonl""]"
7647518183192216340,7636564649621671188,,,false,masondesalisa,Mason Karet ❤️🇵🇭,false,very good ❤️❤️❤️,very good ❤️❤️❤️,very good :red_heart::red_heart::red_heart:,very good :red_heart::red_heart::red_heart:,9,false,false,false,false,false,false,1,1,false,false,false,false,0,0.0,en,af,false,false,1780576593,2026-06-04 12:36:33,2026-06-04 20:36:33,popcorn7615,unknown_series,true,true,18,2,"[""tiktok_notyouraveragecrow1.jsonl"", ""tiktok_notyouraveragecrow3.jsonl""]"
7647527112396555026,7636564649621671188,,,false,imrich.2026,Leng Primero🌿 I'mRich2026,false,grabe na talaga ,grabe na talaga,grabe na talaga,grabe na talaga,15,false,false,false,false,false,false,1,1,false,false,false,false,0,0.0,tl,tl,true,false,1780578669,2026-06-04 13:11:09,2026-06-04 21:11:09,popcorn7615,unknown_series,true,true,18,2,"[""tiktok_notyouraveragecrow1.jsonl"", ""tiktok_notyouraveragecrow3.jsonl""]"
7647779250540954386,7636564649621671188,,,false,kapeng.pe,𝔈𝔰𝔭𝔯𝔢𝔰𝔰𝔬,false,Ilabas mo na boss at least kong mamatay kaman may prensipyo ka naman,ilabas mo na boss at least kong mamatay kaman may prensipyo ka naman,ilabas mo na boss at least kong mamatay kaman may prensipyo ka naman,ilabas mo na boss at least kong mamatay kaman may prensipyo ka naman,68,false,false,false,false,false,false,1,1,false,false,false,false,0,0.0,tl,tl,true,false,1780637382,2026-06-05 05:29:42,2026-06-05 13:29:42,popcorn7615,unknown_series,true,true,18,2,"[""tiktok_notyouraveragecrow1.jsonl"", ""tiktok_notyouraveragecrow3.jsonl""]"
7647805580266324754,7636564649621671188,,,false,jedsmocha,📌Jed'*'🎀,false,grabe na pananakot ng mga buhaya..,grabe na pananakot ng mga buhaya..,grabe na pananakot ng mga buhaya..,grabe na pananakot ng mga buhaya..,34,false,false,false,false,false,false,1,1,false,false,false,false,1,0.6931,tl,tl,true,false,1780643507,2026-06-05 07:11:47,2026-06-05 15:11:47,popcorn7615,unknown_series,true,true,18,2,"[""tiktok_notyouraveragecrow1.jsonl"", ""tiktok_notyouraveragecrow3.jsonl""]"
7647816287644631816,7636564649621671188,,,false,firstaidkitt12,firstaidkitt12,false,,,,,0,true,true,false,true,false,false,0,1,false,false,false,false,0,0.0,un,,,true,1780645997,2026-06-05 07:53:17,2026-06-05 15:53:17,popcorn7615,unknown_series,true,true,18,2,"[""tiktok_notyouraveragecrow1.jsonl"", ""tiktok_notyouraveragecrow3.jsonl""]"
7647949994268623632,7636564649621671188,,,false,mistyblack21,MistyBlack21,false,,,,,0,true,true,false,true,false,false,0,1,false,false,false,true,1,0.6931,un,,,true,1780677165,2026-06-05 16:32:45,2026-06-06 00:32:45,popcorn7615,unknown_series,true,true,18,2,"[""tiktok_notyouraveragecrow1.jsonl"", ""tiktok_notyouraveragecrow3.jsonl""]"
7648427577028346641,7636564649621671188,,,false,sibylline2,Leah🦋,false,Dear Lord please protect Cong Leviste. ,dear lord please protect cong leviste.,dear lord please protect cong leviste.,dear lord please protect cong leviste.,38,false,false,false,false,false,false,1,1,false,false,false,false,0,0.0,en,en,true,false,1780788449,2026-06-06 23:27:29,2026-06-07 07:27:29,popcorn7615,unknown_series,true,true,18,2,"[""tiktok_notyouraveragecrow1.jsonl"", ""tiktok_notyouraveragecrow3.jsonl""]"
7649104621583303442,7636564649621671188,,,false,asiluperez,asiluperez,false,,,,,0,true,true,false,true,false,false,0,1,false,false,false,true,1,0.6931,un,,,true,1780945964,2026-06-08 19:12:44,2026-06-09 03:12:44,popcorn7615,unknown_series,true,true,18,2,"[""tiktok_notyouraveragecrow1.jsonl"", ""tiktok_notyouraveragecrow3.jsonl""]"
7649970961932321553,7636564649621671188,,,false,emzzzo9,EmZZZ,false,❤️❤️❤️,❤️❤️❤️,:red_heart::red_heart::red_heart:,:red_heart::red_heart::red_heart:,0,false,false,false,true,false,false,0,1,false,false,false,false,0,0.0,un,,,true,1781147673,2026-06-11 03:14:33,2026-06-11 11:14:33,popcorn7615,unknown_series,true,true,18,2,"[""tiktok_notyouraveragecrow1.jsonl"", ""tiktok_notyouraveragecrow3.jsonl""]"
7650267535010513684,7636564649621671188,,,false,fouzziboloto,Tok🖤💛🤍,false,Nkakahiyang bayan napilipinas ng dahl lng s mga maletang deniliver s mga matataas n mga politiko ai ngkagulo na dhl s nkaupo ngayon n president ng pinas ang gulo ntin sobrng nkakahiya nkakahiya,nkakahiyang bayan napilipinas ng dahl lng s mga maletang deniliver s mga matataas n mga politiko ai ngkagulo na dhl s nkaupo ngayon n president ng pinas ang gulo ntin sobrng nkakahiya nkakahiya,nkakahiyang bayan napilipinas ng dahl lng s mga maletang deniliver s mga matataas n mga politiko ai ngkagulo na dhl s nkaupo ngayon n president ng pinas ang gulo ntin sobrng nkakahiya nkakahiya,nkakahiyang bayan napilipinas ng dahl lng s mga maletang deniliver s mga matataas n mga politiko ai ngkagulo na dhl s nkaupo ngayon n president ng pinas ang gulo ntin sobrng nkakahiya nkakahiya,193,false,false,false,false,false,false,1,2,false,false,false,true,1,0.6931,tl,tl,true,false,1781216729,2026-06-11 22:25:29,2026-06-12 06:25:29,popcorn7615,unknown_series,true,true,18,2,"[""tiktok_notyouraveragecrow1.jsonl"", ""tiktok_notyouraveragecrow3.jsonl""]"
7650268067827057428,7636564649621671188,,,false,fouzziboloto,Tok🖤💛🤍,false,Ngkakagulo tyong lht s loob ng pilipinas.pilipino mga pilipinas gumising kyong lht n bbm gumising kyo at intndhin ntin ang nangyyring pinaglalaban ng anti currupt icipn ntin pera ng bayan ang nawala,ngkakagulo tyong lht s loob ng pilipinas.pilipino mga pilipinas gumising kyong lht n bbm gumising kyo at intndhin ntin ang nangyyring pinaglalaban ng anti currupt icipn ntin pera ng bayan ang nawala,ngkakagulo tyong lht s loob ng pilipinas.pilipino mga pilipinas gumising kyong lht n bbm gumising kyo at intndhin ntin ang nangyyring pinaglalaban ng anti currupt icipn ntin pera ng bayan ang nawala,ngkakagulo tyong lht s loob ng pilipinas.pilipino mga pilipinas gumising kyong lht n bbm gumising kyo at intndhin ntin ang nangyyring pinaglalaban ng anti currupt icipn ntin pera ng bayan ang nawala,198,false,false,false,false,false,false,1,2,false,false,false,true,1,0.6931,tl,tl,true,false,1781216861,2026-06-11 22:27:41,2026-06-12 06:27:41,popcorn7615,unknown_series,true,true,18,2,"[""tiktok_notyouraveragecrow1.jsonl"", ""tiktok_notyouraveragecrow3.jsonl""]"
7654891736972428040,7636564649621671188,,,false,wendy.ignacio7,Wendy Ignacio,false,mag iingat po kayu Cong leveste,mag iingat po kayu cong leveste,mag iingat po kayu cong leveste,mag iingat po kayu cong leveste,31,false,false,false,false,false,false,1,1,false,false,false,true,1,0.6931,tl,tl,true,false,1782293382,2026-06-24 09:29:42,2026-06-24 17:29:42,popcorn7615,unknown_series,true,true,18,2,"[""tiktok_notyouraveragecrow1.jsonl"", ""tiktok_notyouraveragecrow3.jsonl""]"
7677804739896148756,7677602720970198290,,,false,thiriyathaw1,thawthaw,false,အဆက်,အဆက်,အဆက်,အဆက်,4,false,false,false,false,false,false,0,1,false,false,false,false,1,0.6931,my,,,true,1787628247,2026-08-25 03:24:07,2026-08-25 11:24:07,popcorn.by.z,unknown_series,true,true,17,1,"[""tiktok_notyouraveragecrow2.jsonl""]"
7677806527960417044,7677602720970198290,,,false,kyawm334,ko soe,false,တင္ေပးပါ,တင္ေပးပါ,တင္ေပးပါ,တင္ေပးပါ,8,false,false,false,false,false,false,0,1,false,false,false,false,1,0.6931,my,,,true,1787628647,2026-08-25 03:30:47,2026-08-25 11:30:47,popcorn.by.z,unknown_series,true,true,17,1,"[""tiktok_notyouraveragecrow2.jsonl""]"
7677812211759006484,7677602720970198290,,,false,user4463183017406,user4463183017406,false,အဆက်,အဆက်,အဆက်,အဆက်,4,false,false,false,false,false,false,0,1,false,false,false,false,1,0.6931,my,,,true,1787629987,2026-08-25 03:53:07,2026-08-25 11:53:07,popcorn.by.z,unknown_series,true,true,17,1,"[""tiktok_notyouraveragecrow2.jsonl""]"
7677846370589672200,7677602720970198290,,,false,zawthanwin,Ko Zaw,false,အဆက်,အဆက်,အဆက်,အဆက်,4,false,false,false,false,false,false,0,1,false,false,false,false,2,1.0986,my,,,true,1787637923,2026-08-25 06:05:23,2026-08-25 14:05:23,popcorn.by.z,unknown_series,true,true,17,1,"[""tiktok_notyouraveragecrow2.jsonl""]"
7677848217791103751,7677602720970198290,,,false,hninyahmone94,💦Hnin YaHmone Htwe👀🫂,false,အဆက်တင်ပေးပါ,အဆက်တင်ပေးပါ,အဆက်တင်ပေးပါ,အဆက်တင်ပေးပါ,12,false,false,false,false,false,false,1,2,false,false,false,true,6,1.9459,my,,,true,1787638358,2026-08-25 06:12:38,2026-08-25 14:12:38,popcorn.by.z,unknown_series,true,true,17,1,"[""tiktok_notyouraveragecrow2.jsonl""]"
7677861789023617810,7677602720970198290,,,false,flower.love263,flower love,false,အဆက်လေး,အဆက်လေး,အဆက်လေး,အဆက်လေး,7,false,false,false,false,false,false,0,1,false,false,false,false,2,1.0986,my,,,true,1787641516,2026-08-25 07:05:16,2026-08-25 15:05:16,popcorn.by.z,unknown_series,true,true,17,1,"[""tiktok_notyouraveragecrow2.jsonl""]"
7677863767274832658,7677602720970198290,7677848217791103751,အဆက်တင်ပေးပါ,true,popcorn.by.z,Popcorn by Z,false,တင်ထားပါတယ်ဗျ,တင်ထားပါတယ်ဗျ,တင်ထားပါတယ်ဗျ,တင်ထားပါတယ်ဗျ,13,false,false,false,false,false,false,0,3,false,false,false,false,3,1.3863,my,,,true,1787641974,2026-08-25 07:12:54,2026-08-25 15:12:54,popcorn.by.z,unknown_series,true,true,17,1,"[""tiktok_notyouraveragecrow2.jsonl""]"
7677863779569566471,7677602720970198290,7677846370589672200,အဆက်,true,popcorn.by.z,Popcorn by Z,false,တင်ထားပါတယ်ဗျ,တင်ထားပါတယ်ဗျ,တင်ထားပါတယ်ဗျ,တင်ထားပါတယ်ဗျ,13,false,false,false,false,false,false,0,3,false,false,false,false,0,0.0,my,,,true,1787641982,2026-08-25 07:13:02,2026-08-25 15:13:02,popcorn.by.z,unknown_series,true,true,17,1,"[""tiktok_notyouraveragecrow2.jsonl""]"
7677863802197689106,7677602720970198290,7677812211759006484,အဆက်,true,popcorn.by.z,Popcorn by Z,false,တင်ထားပါတယ်ဗျ,တင်ထားပါတယ်ဗျ,တင်ထားပါတယ်ဗျ,တင်ထားပါတယ်ဗျ,13,false,false,false,false,false,false,0,3,false,false,false,false,0,0.0,my,,,true,1787641990,2026-08-25 07:13:10,2026-08-25 15:13:10,popcorn.by.z,unknown_series,true,true,17,1,"[""tiktok_notyouraveragecrow2.jsonl""]"
7677872576354829077,7677602720970198290,,,false,inani.mater,Inani Mater,false,အဆက်,အဆက်,အဆက်,အဆက်,4,false,false,false,false,false,false,0,1,false,false,false,false,2,1.0986,my,,,true,1787644036,2026-08-25 07:47:16,2026-08-25 15:47:16,popcorn.by.z,unknown_series,true,true,17,1,"[""tiktok_notyouraveragecrow2.jsonl""]"
7677879716392665863,7677602720970198290,,,false,sayaruwinhling,SayarUwinHling,false,အဆက်,အဆက်,အဆက်,အဆက်,4,false,false,false,false,false,false,0,1,false,false,false,false,2,1.0986,my,,,true,1787645687,2026-08-25 08:14:47,2026-08-25 16:14:47,popcorn.by.z,unknown_series,true,true,17,1,"[""tiktok_notyouraveragecrow2.jsonl""]"
7677886059120673543,7677602720970198290,,,false,user1481979193787,user1481979193787,false,အဆက်,အဆက်,အဆက်,အဆက်,4,false,false,false,false,false,false,0,1,false,false,false,false,1,0.6931,my,,,true,1787647165,2026-08-25 08:39:25,2026-08-25 16:39:25,popcorn.by.z,unknown_series,true,true,17,1,"[""tiktok_notyouraveragecrow2.jsonl""]"
7677894391306453768,7677602720970198290,,,false,uwine91,အချစ်မရှိသေးတဲ့နှလုံးသား,false,❤️❤️❤️❤️❤️❤️❤️❤️ဆက်တင်ပါ,❤️❤️❤️❤️❤️❤️❤️❤️ဆက်တင်ပါ,:red_heart::red_heart::red_heart::red_heart::red_heart::red_heart::red_heart::red_heart:ဆက်တင်ပါ,:red_heart::red_heart::red_heart::red_heart::red_heart::red_heart::red_heart::red_heart:ဆက်တင်ပါ,8,false,false,false,false,false,false,0,1,false,false,false,false,1,0.6931,my,,,true,1787649103,2026-08-25 09:11:43,2026-08-25 17:11:43,popcorn.by.z,unknown_series,true,true,17,1,"[""tiktok_notyouraveragecrow2.jsonl""]"
7677897381610046215,7677602720970198290,,,false,user8799038272776,နန်းခမ်း အိန်,false,အဆက်,အဆက်,အဆက်,အဆက်,4,false,false,false,false,false,false,0,1,false,false,false,false,1,0.6931,my,,,true,1787649801,2026-08-25 09:23:21,2026-08-25 17:23:21,popcorn.by.z,unknown_series,true,true,17,1,"[""tiktok_notyouraveragecrow2.jsonl""]"
7677897520333406984,7677602720970198290,,,false,khinemarcho94,သဘာဝ,false,အဆက်,အဆက်,အဆက်,အဆက်,4,false,false,false,false,false,false,0,1,false,false,false,false,1,0.6931,my,,,true,1787649839,2026-08-25 09:23:59,2026-08-25 17:23:59,popcorn.by.z,unknown_series,true,true,17,1,"[""tiktok_notyouraveragecrow2.jsonl""]"
7677906770815927056,7677602720970198290,,,false,pyaepyaeu.zin,pyaepyae😘😘😘,false,အဆက်,အဆက်,အဆက်,အဆက်,4,false,false,false,false,false,false,0,1,false,false,false,false,1,0.6931,my,,,true,1787651988,2026-08-25 09:59:48,2026-08-25 17:59:48,popcorn.by.z,unknown_series,true,true,17,1,"[""tiktok_notyouraveragecrow2.jsonl""]"
7677907743391826695,7677602720970198290,,,false,mg.ko941,mg ko,false,အဆက်,အဆက်,အဆက်,အဆက်,4,false,false,false,false,false,false,0,1,false,false,false,false,1,0.6931,my,,,true,1787652216,2026-08-25 10:03:36,2026-08-25 18:03:36,popcorn.by.z,unknown_series,true,true,17,1,"[""tiktok_notyouraveragecrow2.jsonl""]"
7677912846660027156,7677602720970198290,,,false,dawsandarkyi7,Daw San,false,အဆက်,အဆက်,အဆက်,အဆက်,4,false,false,false,false,false,false,0,1,false,false,false,false,1,0.6931,my,,,true,1787653407,2026-08-25 10:23:27,2026-08-25 18:23:27,popcorn.by.z,unknown_series,true,true,17,1,"[""tiktok_notyouraveragecrow2.jsonl""]"
7677930490532676373,7677602720970198290,,,false,kozaw5837,KoZaw,false,အဆက်,အဆက်,အဆက်,အဆက်,4,false,false,false,false,false,false,0,1,false,false,false,false,1,0.6931,my,,,true,1787657516,2026-08-25 11:31:56,2026-08-25 19:31:56,popcorn.by.z,unknown_series,true,true,17,1,"[""tiktok_notyouraveragecrow2.jsonl""]"
7677939513554322177,7677602720970198290,,,false,thuya123438,thuya1234@,false,hiအဆက်လေတင်ပေဘာအုပ်,hiအဆက်လေတင်ပေဘာအုပ်,hiအဆက်လေတင်ပေဘာအုပ်,hiအဆက်လေတင်ပေဘာအုပ်,19,false,false,false,false,false,false,1,1,false,false,false,false,2,1.0986,my,,,true,1787659609,2026-08-25 12:06:49,2026-08-25 20:06:49,popcorn.by.z,unknown_series,true,true,17,1,"[""tiktok_notyouraveragecrow2.jsonl""]"
7677941104021521170,7677602720970198290,7677848217791103751,အဆက်တင်ပေးပါ,true,myo.naing687,Myo Naing,false,ဘယ်မှာတင်ထားတာလဲ ဘယ်မှာလိုက်ကြည့်ရမှာလား,ဘယ်မှာတင်ထားတာလဲ ဘယ်မှာလိုက်ကြည့်ရမှာလား,ဘယ်မှာတင်ထားတာလဲ ဘယ်မှာလိုက်ကြည့်ရမှာလား,ဘယ်မှာတင်ထားတာလဲ ဘယ်မှာလိုက်ကြည့်ရမှာလား,40,false,false,false,false,false,false,0,2,false,false,false,false,0,0.0,my,,,true,1787659985,2026-08-25 12:13:05,2026-08-25 20:13:05,popcorn.by.z,unknown_series,true,true,17,1,"[""tiktok_notyouraveragecrow2.jsonl""]"
7677944578662040338,7677602720970198290,7677848217791103751,အဆက်တင်ပေးပါ,true,hninyahmone94,💦Hnin YaHmone Htwe👀🫂,false,အရှေ့ဆုံးက vd .,အရှေ့ဆုံးက vd .,အရှေ့ဆုံးက vd .,အရှေ့ဆုံးက vd .,15,false,false,false,false,false,false,1,2,false,false,false,false,1,0.6931,my,,,true,1787660790,2026-08-25 12:26:30,2026-08-25 20:26:30,popcorn.by.z,unknown_series,true,true,17,1,"[""tiktok_notyouraveragecrow2.jsonl""]"
7677945605050745607,7677602720970198290,7677848217791103751,အဆက်တင်ပေးပါ,true,myo.naing687,Myo Naing,false,နောက်ထပ်အဆက်တွေရှိလျှင် တင်ပေးပါလားဗျာ သဘောကျလို့ပါ,နောက်ထပ်အဆက်တွေရှိလျှင် တင်ပေးပါလားဗျာ သဘောကျလို့ပါ,နောက်ထပ်အဆက်တွေရှိလျှင် တင်ပေးပါလားဗျာ သဘောကျလို့ပါ,နောက်ထပ်အဆက်တွေရှိလျှင် တင်ပေးပါလားဗျာ သဘောကျလို့ပါ,51,false,false,false,false,false,false,0,2,false,false,false,false,0,0.0,my,,,true,1787661030,2026-08-25 12:30:30,2026-08-25 20:30:30,popcorn.by.z,unknown_series,true,true,17,1,"[""tiktok_notyouraveragecrow2.jsonl""]"
7677950369582957333,7677602720970198290,,,false,user63910420349900,မြန်အောင်သားလေး,false,အဆက်,အဆက်,အဆက်,အဆက်,4,false,false,false,false,false,false,0,1,false,false,false,false,2,1.0986,my,,,true,1787662139,2026-08-25 12:48:59,2026-08-25 20:48:59,popcorn.by.z,unknown_series,true,true,17,1,"[""tiktok_notyouraveragecrow2.jsonl""]"
7677952721453859591,7677602720970198290,,,false,gamming.content,nevada  furits,false,ဟာ,ဟာ,ဟာ,ဟာ,2,false,false,false,true,false,false,0,1,false,false,false,false,2,1.0986,my,,,true,1787662681,2026-08-25 12:58:01,2026-08-25 20:58:01,popcorn.by.z,unknown_series,true,true,17,1,"[""tiktok_notyouraveragecrow2.jsonl""]"
7677961820203647760,7677602720970198290,,,false,unyi829,UNyi,false,အဆက်,အဆက်,အဆက်,အဆက်,4,false,false,false,false,false,false,0,1,false,false,false,false,0,0.0,my,,,true,1787664800,2026-08-25 13:33:20,2026-08-25 21:33:20,popcorn.by.z,unknown_series,true,true,17,1,"[""tiktok_notyouraveragecrow2.jsonl""]"
7677992124796879636,7677602720970198290,,,false,user4719277587332,ချစ်တယ်မ,false,အဆက်,အဆက်,အဆက်,အဆက်,4,false,false,false,false,false,false,0,1,false,false,false,false,0,0.0,my,,,true,1787671858,2026-08-25 15:30:58,2026-08-25 23:30:58,popcorn.by.z,unknown_series,true,true,17,1,"[""tiktok_notyouraveragecrow2.jsonl""]"
7677992590272463624,7677602720970198290,,,false,zaico656,zaico,false,အဆက်,အဆက်,အဆက်,အဆက်,4,false,false,false,false,false,false,0,1,false,false,false,false,0,0.0,my,,,true,1787671966,2026-08-25 15:32:46,2026-08-25 23:32:46,popcorn.by.z,unknown_series,true,true,17,1,"[""tiktok_notyouraveragecrow2.jsonl""]"
7678005451100275476,7677602720970198290,,,false,user6151930204,Anti Aye,false,အဆက်,အဆက်,အဆက်,အဆက်,4,false,false,false,false,false,false,0,1,false,false,false,false,0,0.0,my,,,true,1787674967,2026-08-25 16:22:47,2026-08-26 00:22:47,popcorn.by.z,unknown_series,true,true,17,1,"[""tiktok_notyouraveragecrow2.jsonl""]"
7678178603654054657,7677602720970198290,,,false,april.kyaw023,April Kyaw,false,အဆက်,အဆက်,အဆက်,အဆက်,4,false,false,false,false,false,false,0,1,false,false,false,false,0,0.0,my,,,true,1787715466,2026-08-26 03:37:46,2026-08-26 11:37:46,popcorn.by.z,unknown_series,true,true,17,1,"[""tiktok_notyouraveragecrow2.jsonl""]"
7678181597778117394,7677602720970198290,,,false,ukyaw.zaw3,Ukyaw Zaw,false,အဆက့,အဆက့,အဆက့,အဆက့,4,false,false,false,false,false,false,0,1,false,false,false,false,0,0.0,my,,,true,1787715974,2026-08-26 03:46:14,2026-08-26 11:46:14,popcorn.by.z,unknown_series,true,true,17,1,"[""tiktok_notyouraveragecrow2.jsonl""]"
7678237481905439508,7677602720970198290,,,false,mmkkm770,mmkkm770,false,အဆက်,အဆက်,အဆက်,အဆက်,4,false,false,false,false,false,false,0,1,false,false,false,false,0,0.0,my,,,true,1787728996,2026-08-26 07:23:16,2026-08-26 15:23:16,popcorn.by.z,unknown_series,true,true,17,1,"[""tiktok_notyouraveragecrow2.jsonl""]"
7678242904289100565,7677602720970198290,,,false,oozin1857,Oo Zin,false,အဆက်,အဆက်,အဆက်,အဆက်,4,false,false,false,false,false,false,0,1,false,false,false,false,0,0.0,my,,,true,1787730451,2026-08-26 07:47:31,2026-08-26 15:47:31,popcorn.by.z,unknown_series,true,true,17,1,"[""tiktok_notyouraveragecrow2.jsonl""]"
7678244940564464391,7677602720970198290,,,false,zawla63,la pyae,false,,,,,0,true,true,false,true,false,false,0,1,false,false,false,false,0,0.0,un,,,true,1787730721,2026-08-26 07:52:01,2026-08-26 15:52:01,popcorn.by.z,unknown_series,true,true,17,1,"[""tiktok_notyouraveragecrow2.jsonl""]"
7678250174057743122,7677602720970198290,,,false,user9184484731586,သန္တာကျော်,false,,,,,0,true,true,false,true,false,false,0,1,false,false,false,false,0,0.0,un,,,true,1787731940,2026-08-26 08:12:20,2026-08-26 16:12:20,popcorn.by.z,unknown_series,true,true,17,1,"[""tiktok_notyouraveragecrow2.jsonl""]"
7678270668706824961,7677602720970198290,,,false,daw.naing391,Daw Naing,false,အဆက်,အဆက်,အဆက်,အဆက်,4,false,false,false,false,false,false,0,1,false,false,false,false,0,0.0,my,,,true,1787736712,2026-08-26 09:31:52,2026-08-26 17:31:52,popcorn.by.z,unknown_series,true,true,17,1,"[""tiktok_notyouraveragecrow2.jsonl""]"
7678287819970036501,7677602720970198290,,,false,mimiaung682,mimiaung,false,,,,,0,true,true,false,true,false,false,0,1,false,false,false,false,0,0.0,un,,,true,1787740709,2026-08-26 10:38:29,2026-08-26 18:38:29,popcorn.by.z,unknown_series,true,true,17,1,"[""tiktok_notyouraveragecrow2.jsonl""]"
7678289216330138388,7677602720970198290,,,false,user614017733,Ko Soe,false,,,,,0,true,true,false,true,false,false,0,1,false,false,false,false,0,0.0,un,,,true,1787741038,2026-08-26 10:43:58,2026-08-26 18:43:58,popcorn.by.z,unknown_series,true,true,17,1,"[""tiktok_notyouraveragecrow2.jsonl""]"
7678304240448848658,7677602720970198290,,,false,oo.zaw.lay68,oo zaw lay,false,အဆက်,အဆက်,အဆက်,အဆက်,4,false,false,false,false,false,false,0,1,false,false,false,false,0,0.0,my,,,true,1787744531,2026-08-26 11:42:11,2026-08-26 19:42:11,popcorn.by.z,unknown_series,true,true,17,1,"[""tiktok_notyouraveragecrow2.jsonl""]"
7678304662446260999,7677602720970198290,,,false,aung.myat.htat,Aung Myat Htat,false,,,,,0,true,true,false,true,false,false,0,1,false,false,false,false,0,0.0,un,,,true,1787744634,2026-08-26 11:43:54,2026-08-26 19:43:54,popcorn.by.z,unknown_series,true,true,17,1,"[""tiktok_notyouraveragecrow2.jsonl""]"
7678308815876834056,7677602720970198290,,,false,zaw.zaw.aung2480,ZawZawaung,false,အဆက်လေးဗျ,အဆက်လေးဗျ,အဆက်လေးဗျ,အဆက်လေးဗျ,9,false,false,false,false,false,false,0,1,false,false,false,false,0,0.0,my,,,true,1787745598,2026-08-26 11:59:58,2026-08-26 19:59:58,popcorn.by.z,unknown_series,true,true,17,1,"[""tiktok_notyouraveragecrow2.jsonl""]"
7678321098169287444,7677602720970198290,,,false,user8716173058064,user8716173058064,false,,,,,0,true,true,false,true,false,false,0,1,false,false,false,false,0,0.0,un,,,true,1787748456,2026-08-26 12:47:36,2026-08-26 20:47:36,popcorn.by.z,unknown_series,true,true,17,1,"[""tiktok_notyouraveragecrow2.jsonl""]"
7678325055638717192,7677602720970198290,,,false,user6107233077407,U Kyaw,false,အဆက်,အဆက်,အဆက်,အဆက်,4,false,false,false,false,false,false,0,1,false,false,false,false,0,0.0,my,,,true,1787749380,2026-08-26 13:03:00,2026-08-26 21:03:00,popcorn.by.z,unknown_series,true,true,17,1,"[""tiktok_notyouraveragecrow2.jsonl""]"
7678339686615941905,7677602720970198290,,,false,zs.z04,Rose,false,,,,,0,true,true,false,true,false,false,0,1,false,false,false,false,0,0.0,un,,,true,1787752795,2026-08-26 13:59:55,2026-08-26 21:59:55,popcorn.by.z,unknown_series,true,true,17,1,"[""tiktok_notyouraveragecrow2.jsonl""]"
7678342714313179925,7677602720970198290,,,false,hight962,( PUBG )  BL (DN  )💧💦🌈☀️☄️,false,,,,,0,true,true,false,true,false,false,0,1,false,false,false,false,0,0.0,un,,,true,1787753495,2026-08-26 14:11:35,2026-08-26 22:11:35,popcorn.by.z,unknown_series,true,true,17,1,"[""tiktok_notyouraveragecrow2.jsonl""]"
7678347363107635988,7677602720970198290,,,false,user5816301447210,ဘဝသမားလေးကျန်တော်,false,,,,,0,true,true,false,true,false,false,0,1,false,false,false,false,0,0.0,un,,,true,1787754575,2026-08-26 14:29:35,2026-08-26 22:29:35,popcorn.by.z,unknown_series,true,true,17,1,"[""tiktok_notyouraveragecrow2.jsonl""]"
7678370804854620949,7677602720970198290,,,false,aye.mi.san156,Aye mi san🥰😘,false,,,,,0,true,true,false,true,false,false,0,1,false,false,false,false,0,0.0,un,,,true,1787760036,2026-08-26 16:00:36,2026-08-27 00:00:36,popcorn.by.z,unknown_series,true,true,17,1,"[""tiktok_notyouraveragecrow2.jsonl""]"
7678393588053590792,7677602720970198290,,,false,ko.toe9079,☬♆❃𝔗𝔬𝔢 ♚𝔊𝔶𝔦❃♆☬ツ,false,,,,,0,true,true,false,true,false,false,0,2,false,false,false,false,0,0.0,un,,,true,1787765333,2026-08-26 17:28:53,2026-08-27 01:28:53,popcorn.by.z,unknown_series,true,true,17,1,"[""tiktok_notyouraveragecrow2.jsonl""]"
7678393721762956050,7677602720970198290,,,false,ko.toe9079,☬♆❃𝔗𝔬𝔢 ♚𝔊𝔶𝔦❃♆☬ツ,false,,,,,0,true,true,false,true,false,false,0,2,false,false,false,false,0,0.0,un,,,true,1787765361,2026-08-26 17:29:21,2026-08-27 01:29:21,popcorn.by.z,unknown_series,true,true,17,1,"[""tiktok_notyouraveragecrow2.jsonl""]"
7678397562483032852,7677602720970198290,,,false,user1910212470625,tuntunwin,false,အဆတ်,အဆတ်,အဆတ်,အဆတ်,4,false,false,false,false,false,false,0,1,false,false,false,false,0,0.0,my,,,true,1787766258,2026-08-26 17:44:18,2026-08-27 01:44:18,popcorn.by.z,unknown_series,true,true,17,1,"[""tiktok_notyouraveragecrow2.jsonl""]"
7678402787436561170,7677602720970198290,,,false,chaw.suu12,Chaw suu,false,အဆက်,အဆက်,အဆက်,အဆက်,4,false,false,false,false,false,false,0,1,false,false,false,false,0,0.0,my,,,true,1787767471,2026-08-26 18:04:31,2026-08-27 02:04:31,popcorn.by.z,unknown_series,true,true,17,1,"[""tiktok_notyouraveragecrow2.jsonl""]"
7678499029832090376,7677602720970198290,,,false,jame.00758,Zaw Thit Oo,false,အဆက်,အဆက်,အဆက်,အဆက်,4,false,false,false,false,false,false,0,1,false,false,false,false,0,0.0,my,,,true,1787789901,2026-08-27 00:18:21,2026-08-27 08:18:21,popcorn.by.z,unknown_series,true,true,17,1,"[""tiktok_notyouraveragecrow2.jsonl""]"
7678517933606028039,7677602720970198290,,,false,tk5ftbbgssgkfy,🤫NayLinTun🫶🇩🇪🫡✝️,false,,,,,0,true,true,false,true,false,false,0,1,false,false,false,false,0,0.0,un,,,true,1787794292,2026-08-27 01:31:32,2026-08-27 09:31:32,popcorn.by.z,unknown_series,true,true,17,1,"[""tiktok_notyouraveragecrow2.jsonl""]"
7678539983334998792,7677602720970198290,,,false,pyae.phyo8675,RoNALD,false,အဆက်,အဆက်,အဆက်,အဆက်,4,false,false,false,false,false,false,0,1,false,false,false,false,0,0.0,my,,,true,1787799430,2026-08-27 02:57:10,2026-08-27 10:57:10,popcorn.by.z,unknown_series,true,true,17,1,"[""tiktok_notyouraveragecrow2.jsonl""]"
7678570965185594132,7677602720970198290,,,false,nainggyi8587,Naing Gyi,false,,,,,0,true,true,false,true,false,false,0,1,false,false,false,false,0,0.0,un,,,true,1787806634,2026-08-27 04:57:14,2026-08-27 12:57:14,popcorn.by.z,unknown_series,true,true,17,1,"[""tiktok_notyouraveragecrow2.jsonl""]"
7678572109442466567,7677602720970198290,,,false,user7848585181149,user7848585181149,false,အဆက်,အဆက်,အဆက်,အဆက်,4,false,false,false,false,false,false,0,1,false,false,false,false,0,0.0,my,,,true,1787807118,2026-08-27 05:05:18,2026-08-27 13:05:18,popcorn.by.z,unknown_series,true,true,17,1,"[""tiktok_notyouraveragecrow2.jsonl""]"
7678575135057740565,7677602720970198290,,,false,user3185508481567,ကိုစိုင်း,false,☺️☺️☺️☺️☺️☺️☺️☺️,☺️☺️☺️☺️☺️☺️☺️☺️,:smiling_face::smiling_face::smiling_face::smiling_face::smiling_face::smiling_face::smiling_face::smiling_face:,:smiling_face::smiling_face::smiling_face::smiling_face::smiling_face::smiling_face::smiling_face::smiling_face:,0,false,false,false,true,false,false,0,1,false,false,false,false,0,0.0,un,,,true,1787807773,2026-08-27 05:16:13,2026-08-27 13:16:13,popcorn.by.z,unknown_series,true,true,17,1,"[""tiktok_notyouraveragecrow2.jsonl""]"
7678588915636994823,7677602720970198290,,,false,daw.hla.hla.win0102,KOKoသိပ်ချစ်ရတဲ့ဇနီလေးပါ,false,အဆက်,အဆက်,အဆက်,အဆက်,4,false,false,false,false,false,false,0,1,false,false,false,false,0,0.0,my,,,true,1787810815,2026-08-27 06:06:55,2026-08-27 14:06:55,popcorn.by.z,unknown_series,true,true,17,1,"[""tiktok_notyouraveragecrow2.jsonl""]"
7678588337285055253,7677602720970198290,,,false,winkowinkoko072,winkowinkoko072,false,အဆက်,အဆက်,အဆက်,အဆက်,4,false,false,false,false,false,false,0,1,false,false,false,false,0,0.0,my,,,true,1787810909,2026-08-27 06:08:29,2026-08-27 14:08:29,popcorn.by.z,unknown_series,true,true,17,1,"[""tiktok_notyouraveragecrow2.jsonl""]"
7678594029450347284,7677602720970198290,,,false,naysan9202,ဆောက်လုပ်ရေးသမားကိုကျော်ကြီး,false,အဆက်လေးတင်ပေးပါ,အဆက်လေးတင်ပေးပါ,အဆက်လေးတင်ပေးပါ,အဆက်လေးတင်ပေးပါ,15,false,false,false,false,false,false,0,1,false,false,false,false,0,0.0,my,,,true,1787812015,2026-08-27 06:26:55,2026-08-27 14:26:55,popcorn.by.z,unknown_series,true,true,17,1,"[""tiktok_notyouraveragecrow2.jsonl""]"
7678670990402880276,7677602720970198290,,,false,wawa06006,ပဲခူးသူလေး,false,❤️❤️❤️,❤️❤️❤️,:red_heart::red_heart::red_heart:,:red_heart::red_heart::red_heart:,0,false,false,false,true,false,false,0,1,false,false,false,false,0,0.0,un,,,true,1787829926,2026-08-27 11:25:26,2026-08-27 19:25:26,popcorn.by.z,unknown_series,true,true,17,1,"[""tiktok_notyouraveragecrow2.jsonl""]"
7678690875945960212,7677602720970198290,,,false,san.win5344,San Win,false,မဆက်,မဆက်,မဆက်,မဆက်,4,false,false,false,false,false,false,0,1,false,false,false,false,0,0.0,my,,,true,1787834553,2026-08-27 12:42:33,2026-08-27 20:42:33,popcorn.by.z,unknown_series,true,true,17,1,"[""tiktok_notyouraveragecrow2.jsonl""]"
7678703762753405712,7677602720970198290,,,false,user038760317,အရိုးလေး,false,,,,,0,true,true,false,true,false,false,0,1,false,false,false,false,0,0.0,un,,,true,1787837549,2026-08-27 13:32:29,2026-08-27 21:32:29,popcorn.by.z,unknown_series,true,true,17,1,"[""tiktok_notyouraveragecrow2.jsonl""]"
7678704932271178503,7677602720970198290,,,false,nayyankaungset7,Nayyan74,false,,,,,0,true,true,false,true,false,false,0,1,false,false,false,false,0,0.0,un,,,true,1787837822,2026-08-27 13:37:02,2026-08-27 21:37:02,popcorn.by.z,unknown_series,true,true,17,1,"[""tiktok_notyouraveragecrow2.jsonl""]"
7678731178211296020,7677602720970198290,,,false,chaw.lay863,DoDoအပိုင်ဗျာ့,false,,,,,0,true,true,false,true,false,false,0,1,false,false,false,false,0,0.0,un,,,true,1787843932,2026-08-27 15:18:52,2026-08-27 23:18:52,popcorn.by.z,unknown_series,true,true,17,1,"[""tiktok_notyouraveragecrow2.jsonl""]"
7678748235154080532,7677602720970198290,,,false,kyaw.kyaw7220,kyaw kyaw,false,အစက်,အစက်,အစက်,အစက်,4,false,false,false,false,false,false,0,1,false,false,false,false,0,0.0,my,,,true,1787847912,2026-08-27 16:25:12,2026-08-28 00:25:12,popcorn.by.z,unknown_series,true,true,17,1,"[""tiktok_notyouraveragecrow2.jsonl""]"
7678905641998189328,7677602720970198290,,,false,kabyrmami3,W.T.H,false,အဆက်,အဆက်,အဆက်,အဆက်,4,false,false,false,false,false,false,0,1,false,false,false,false,0,0.0,my,,,true,1787884611,2026-08-28 02:36:51,2026-08-28 10:36:51,popcorn.by.z,unknown_series,true,true,17,1,"[""tiktok_notyouraveragecrow2.jsonl""]"
7678950372103504658,7677602720970198290,,,false,user9234876587002,ဘဝသမားလေး မှုံကြီး,false,,,,,0,true,true,false,true,false,false,0,1,false,false,false,false,0,0.0,un,,,true,1787894977,2026-08-28 05:29:37,2026-08-28 13:29:37,popcorn.by.z,unknown_series,true,true,17,1,"[""tiktok_notyouraveragecrow2.jsonl""]"
7679080861916906260,7677602720970198290,,,false,sunphyokyaw,Thet Ko,false,အဆက်,အဆက်,အဆက်,အဆက်,4,false,false,false,false,false,false,0,1,false,false,false,false,0,0.0,my,,,true,1787925352,2026-08-28 13:55:52,2026-08-28 21:55:52,popcorn.by.z,unknown_series,true,true,17,1,"[""tiktok_notyouraveragecrow2.jsonl""]"
7679282213973115666,7677602720970198290,,,false,htet.aung.ko.htet,htet aung Ko htet,false,,,,,0,true,true,false,true,false,false,0,1,false,false,false,false,0,0.0,un,,,true,1787972241,2026-08-29 02:57:21,2026-08-29 10:57:21,popcorn.by.z,unknown_series,true,true,17,1,"[""tiktok_notyouraveragecrow2.jsonl""]"
7679363442986418962,7677602720970198290,,,false,myat.moe223,Myat Moe,false,,,,,0,true,true,false,true,false,false,0,1,false,false,false,false,0,0.0,un,,,true,1787991154,2026-08-29 08:12:34,2026-08-29 16:12:34,popcorn.by.z,unknown_series,true,true,17,1,"[""tiktok_notyouraveragecrow2.jsonl""]"
7679462438999884564,7677602720970198290,7677961820203647760,အဆက်,true,win..naing..oo,win.  Naing.  Oo,false,))))))))))))),))))))))))))),))))))))))))),))))))))))))),13,false,false,false,false,false,false,0,1,false,false,false,false,0,0.0,un,,,true,1788014201,2026-08-29 14:36:41,2026-08-29 22:36:41,popcorn.by.z,unknown_series,true,true,17,1,"[""tiktok_notyouraveragecrow2.jsonl""]"
7679659695351431953,7677602720970198290,,,false,phyolay004ibj,Phyo Wai,false,အဆက်လုပ်ပါအုံးဗျ,အဆက်လုပ်ပါအုံးဗျ,အဆက်လုပ်ပါအုံးဗျ,အဆက်လုပ်ပါအုံးဗျ,16,false,false,false,false,false,false,0,1,false,false,false,false,0,0.0,my,,,true,1788060153,2026-08-30 03:22:33,2026-08-30 11:22:33,popcorn.by.z,unknown_series,true,true,17,1,"[""tiktok_notyouraveragecrow2.jsonl""]"
7679797543735313172,7677602720970198290,,,false,soetunnaingww,Travel,false,,,,,0,true,true,false,true,false,false,0,1,false,false,false,false,0,0.0,un,,,true,1788092215,2026-08-30 12:16:55,2026-08-30 20:16:55,popcorn.by.z,unknown_series,true,true,17,1,"[""tiktok_notyouraveragecrow2.jsonl""]"
7679819347908379393,7677602720970198290,,,false,ookyawkyaw997,Ookyawkyaw,false,အဆက်,အဆက်,အဆက်,အဆက်,4,false,false,false,false,false,false,0,1,false,false,false,false,0,0.0,my,,,true,1788097293,2026-08-30 13:41:33,2026-08-30 21:41:33,popcorn.by.z,unknown_series,true,true,17,1,"[""tiktok_notyouraveragecrow2.jsonl""]"
7679830252587565825,7677602720970198290,,,false,james347267,james,false,ဆက်,ဆက်,ဆက်,ဆက်,3,false,false,false,false,false,false,0,1,false,false,false,false,0,0.0,my,,,true,1788099829,2026-08-30 14:23:49,2026-08-30 22:23:49,popcorn.by.z,unknown_series,true,true,17,1,"[""tiktok_notyouraveragecrow2.jsonl""]"
7680029688971232020,7677602720970198290,,,false,aumg.gyi820,aung gyi,false,အဆက်,အဆက်,အဆက်,အဆက်,4,false,false,false,false,false,false,0,1,false,false,false,false,0,0.0,my,,,true,1788146288,2026-08-31 03:18:08,2026-08-31 11:18:08,popcorn.by.z,unknown_series,true,true,17,1,"[""tiktok_notyouraveragecrow2.jsonl""]"
7680194392754389768,7677602720970198290,,,false,shwethaelay204,śĥwë țĥåē làÿ🔑❇🗨🔕,false,,,,,0,true,true,false,true,false,false,0,1,false,false,false,false,0,0.0,un,,,true,1788184616,2026-08-31 13:56:56,2026-08-31 21:56:56,popcorn.by.z,unknown_series,true,true,17,1,"[""tiktok_notyouraveragecrow2.jsonl""]"
7680416570133005076,7677602720970198290,,,false,h_09698,"h_""",false,တင်ပေးပါ,တင်ပေးပါ,တင်ပေးပါ,တင်ပေးပါ,8,false,false,false,false,false,false,0,1,false,false,false,false,0,0.0,my,,,true,1788236357,2026-09-01 04:19:17,2026-09-01 12:19:17,popcorn.by.z,unknown_series,true,true,17,1,"[""tiktok_notyouraveragecrow2.jsonl""]"
7682264479463752466,7677602720970198290,,,false,kaungsoelay4570,Soe Soe,false,အဆက်လေး,အဆက်လေး,အဆက်လေး,အဆက်လေး,7,false,false,false,false,false,false,0,1,false,false,false,false,0,0.0,my,,,true,1788666600,2026-09-06 03:50:00,2026-09-06 11:50:00,popcorn.by.z,unknown_series,true,true,17,1,"[""tiktok_notyouraveragecrow2.jsonl""]"
7682613590294397716,7677602720970198290,,,false,thanopcf7xg,သပြေကန်းသားလေး,false,အစက်,အစက်,အစက်,အစက်,4,false,false,false,false,false,false,0,1,false,false,false,false,0,0.0,my,,,true,1788747904,2026-09-07 02:25:04,2026-09-07 10:25:04,popcorn.by.z,unknown_series,true,true,17,1,"[""tiktok_notyouraveragecrow2.jsonl""]"
7691316547772072710,7677602720970198290,,,false,wys2738,MG ICE,false,အဆက်လေး,အဆက်လေး,အဆက်လေး,အဆက်လေး,7,false,false,false,false,false,false,0,1,false,false,false,false,0,0.0,my,,,true,1790774192,2026-09-30 13:16:32,2026-09-30 21:16:32,popcorn.by.z,unknown_series,true,true,17,1,"[""tiktok_notyouraveragecrow2.jsonl""]"
7686342629685248782,7686339862995291422,,,false,dontbetonme,Don’t bet on me,false,"Ok but to be fair I’ve been dressing a lot of different ways since middle school and people still think I’m gay  (I’m not, I’ve tried)","ok but to be fair i’ve been dressing a lot of different ways since middle school and people still think i’m gay (i’m not, i’ve tried)","ok but to be fair i’ve been dressing a lot of different ways since middle school and people still think i’m gay (i’m not, i’ve tried)","ok but to be fair i’ve been dressing a lot of different ways since middle school and people still think i’m gay (i’m not, i’ve tried)",133,false,false,false,false,false,false,1,1,false,false,false,false,62,4.1431,en,en,true,false,1789616147,2026-09-17 03:35:47,2026-09-17 11:35:47,popcorngirlfriend,unknown_series,true,true,16,1,"[""tiktok_notyouraveragecrow1.jsonl""]"
7686344246231859998,7686339862995291422,7686342629685248782,"Ok but to be fair I’ve been dressing a lot of different ways since middle school and people still think I’m gay  (I’m not, I’ve tried)",true,popcorngirlfriend,popcorngirlfriend,false,"hahhahahaha i salute you for your service, nothing but love for my straight girlies ","hahhahahaha i salute you for your service, nothing but love for my straight girlies","hahhahahaha i salute you for your service, nothing but love for my straight girlies","hahhahahaha i salute you for your service, nothing but love for my straight girlies",83,false,false,false,false,false,false,1,1,false,false,false,false,15,2.7726,en,en,true,false,1789616507,2026-09-17 03:41:47,2026-09-17 11:41:47,popcorngirlfriend,unknown_series,true,true,16,1,"[""tiktok_notyouraveragecrow1.jsonl""]"
7686357148720366349,7686339862995291422,,,false,smiledarlingblog,Courtney,false,For real!! I can’t tell who I can hit on anymore [Tears of joy],for real!! i can’t tell who i can hit on anymore [tears of joy],for real!! i can’t tell who i can hit on anymore [tears of joy],for real!! i can’t tell who i can hit on anymore [tears of joy],63,false,false,false,false,false,false,1,1,false,false,false,false,10,2.3979,en,en,true,false,1789619544,2026-09-17 04:32:24,2026-09-17 12:32:24,popcorngirlfriend,unknown_series,true,true,16,1,"[""tiktok_notyouraveragecrow1.jsonl""]"
7686395722997285646,7686339862995291422,,,false,anthony.m330,Anthony M,false,she can do it though,she can do it though,she can do it though,she can do it though,20,false,false,false,false,false,false,1,1,false,false,false,false,4,1.6094,en,en,true,false,1789628651,2026-09-17 07:04:11,2026-09-17 15:04:11,popcorngirlfriend,unknown_series,true,true,16,1,"[""tiktok_notyouraveragecrow1.jsonl""]"
7686476373439218462,7686339862995291422,,,false,bubbles7301,bubbles,false,But I’m a tomboy  idk how to dress “straight” ,but i’m a tomboy idk how to dress “straight”,but i’m a tomboy idk how to dress “straight”,but i’m a tomboy idk how to dress “straight”,44,false,false,false,false,false,false,1,2,false,false,false,false,1640,7.4031,en,en,true,false,1789647303,2026-09-17 12:15:03,2026-09-17 20:15:03,popcorngirlfriend,unknown_series,true,true,16,1,"[""tiktok_notyouraveragecrow1.jsonl""]"
7686484110386332447,7686339862995291422,,,false,_maki_97,_Хтонь_97(!),false,"What does it even mean to ""dress like a lesbian""? By what standards do we define this? Dress however you want and however you like","what does it even mean to ""dress like a lesbian""? by what standards do we define this? dress however you want and however you like","what does it even mean to ""dress like a lesbian""? by what standards do we define this? dress however you want and however you like","what does it even mean to ""dress like a lesbian""? by what standards do we define this? dress however you want and however you like",130,false,false,false,false,false,false,1,1,false,false,false,false,28,3.3673,en,en,true,false,1789649097,2026-09-17 12:44:57,2026-09-17 20:44:57,popcorngirlfriend,unknown_series,true,true,16,1,"[""tiktok_notyouraveragecrow1.jsonl""]"
7686494246648840974,7686339862995291422,,,false,ventiicecold,Power Puff,false,Im in my Adam Sandler era ,im in my adam sandler era,im in my adam sandler era,im in my adam sandler era,25,false,false,false,false,false,false,1,1,false,false,false,false,12,2.5649,en,tr,false,false,1789651469,2026-09-17 13:24:29,2026-09-17 21:24:29,popcorngirlfriend,unknown_series,true,true,16,1,"[""tiktok_notyouraveragecrow1.jsonl""]"
7686506934765437726,7686339862995291422,,,false,jessperfectpairevents,LifewithJess,false,"Ok… but I’m a female, happily married to a man and you’re just gorgeous. It’s your fault ","ok… but i’m a female, happily married to a man and you’re just gorgeous. it’s your fault","ok… but i’m a female, happily married to a man and you’re just gorgeous. it’s your fault","ok… but i’m a female, happily married to a man and you’re just gorgeous. it’s your fault",88,false,false,false,false,false,false,1,1,false,false,false,false,5,1.7918,en,en,true,false,1789654408,2026-09-17 14:13:28,2026-09-17 22:13:28,popcorngirlfriend,unknown_series,true,true,16,1,"[""tiktok_notyouraveragecrow1.jsonl""]"
7686510656175112974,7686339862995291422,7686476373439218462,But I’m a tomboy  idk how to dress “straight” ,true,vickyarana,I am Vee ✨️,false,,,,,0,true,true,false,true,false,false,0,1,false,false,false,false,2,1.0986,un,,,true,1789655279,2026-09-17 14:27:59,2026-09-17 22:27:59,popcorngirlfriend,unknown_series,true,true,16,1,"[""tiktok_notyouraveragecrow1.jsonl""]"
7686513359081177869,7686339862995291422,,,false,marypowers69,RileyRey,false,"I’ve been dressing like Adam Sandler since day one and I’m Bi, so it fits","i’ve been dressing like adam sandler since day one and i’m bi, so it fits","i’ve been dressing like adam sandler since day one and i’m bi, so it fits","i’ve been dressing like adam sandler since day one and i’m bi, so it fits",73,false,false,false,false,false,false,1,1,false,false,false,false,1,0.6931,en,da,false,false,1789655905,2026-09-17 14:38:25,2026-09-17 22:38:25,popcorngirlfriend,unknown_series,true,true,16,1,"[""tiktok_notyouraveragecrow1.jsonl""]"
7686530243310355231,7686339862995291422,,,false,worldpancake,WorldPancake,false,let people dress however they feel comfortable,let people dress however they feel comfortable,let people dress however they feel comfortable,let people dress however they feel comfortable,46,false,false,false,false,false,false,1,1,false,false,false,false,1462,7.2882,en,en,true,false,1789659861,2026-09-17 15:44:21,2026-09-17 23:44:21,popcorngirlfriend,unknown_series,true,true,16,1,"[""tiktok_notyouraveragecrow1.jsonl""]"
7686535123571639071,7686339862995291422,7686530243310355231,let people dress however they feel comfortable,true,lemonfoxi2,lemon,false,no,no,no,no,2,false,false,false,true,false,false,1,1,false,false,false,false,34,3.5553,en,,,true,1789660973,2026-09-17 16:02:53,2026-09-18 00:02:53,popcorngirlfriend,unknown_series,true,true,16,1,"[""tiktok_notyouraveragecrow1.jsonl""]"
7686566932296008461,7686339862995291422,,,false,neonwhiskersss,neonwhiskerss,false,,,,,0,true,true,false,true,false,false,0,1,false,false,false,false,92,4.5326,un,,,true,1789668360,2026-09-17 18:06:00,2026-09-18 02:06:00,popcorngirlfriend,unknown_series,true,true,16,1,"[""tiktok_notyouraveragecrow1.jsonl""]"
7686570351043756830,7686339862995291422,7686530243310355231,let people dress however they feel comfortable,true,ispookybytes,ispookybytes,false,Well then cry about it,well then cry about it,well then cry about it,well then cry about it,22,false,false,false,false,false,false,1,1,false,false,false,false,44,3.8067,en,en,true,false,1789669156,2026-09-17 18:19:16,2026-09-18 02:19:16,popcorngirlfriend,unknown_series,true,true,16,1,"[""tiktok_notyouraveragecrow1.jsonl""]"
7686579273540862751,7686339862995291422,,,false,anne_polska,Anne Polska,false,As a Tomboy from the 90s who is straight ...I'll continue dressing for my comfort ✌️,as a tomboy from the 90s who is straight ...i'll continue dressing for my comfort ✌️,as a tomboy from the 90s who is straight ...i'll continue dressing for my comfort :victory_hand:,as a tomboy from the 90s who is straight ...i'll continue dressing for my comfort :victory_hand:,81,false,false,false,false,false,false,1,1,false,false,false,false,7,2.0794,en,en,true,false,1789671268,2026-09-17 18:54:28,2026-09-18 02:54:28,popcorngirlfriend,unknown_series,true,true,16,1,"[""tiktok_notyouraveragecrow1.jsonl""]"
7686585520046474015,7686339862995291422,7686530243310355231,let people dress however they feel comfortable,true,nearlyheadlessnat,NearlyHeadlessNat,false,No absolutely not,no absolutely not,no absolutely not,no absolutely not,17,false,false,false,false,false,false,1,1,false,false,false,false,6,1.9459,en,it,false,false,1789672697,2026-09-17 19:18:17,2026-09-18 03:18:17,popcorngirlfriend,unknown_series,true,true,16,1,"[""tiktok_notyouraveragecrow1.jsonl""]"
7686594711293281038,7686339862995291422,,,false,cristineblt,Tay ⁷,false,No my lesbian look is my best look ,no my lesbian look is my best look,no my lesbian look is my best look,no my lesbian look is my best look,34,false,false,false,false,false,false,1,1,false,false,false,false,493,6.2025,en,en,true,false,1789674825,2026-09-17 19:53:45,2026-09-18 03:53:45,popcorngirlfriend,unknown_series,true,true,16,1,"[""tiktok_notyouraveragecrow1.jsonl""]"
7686636625716396814,7686339862995291422,,,false,itsmeeejessica29,ItsMeeeJessica,false,Gender clothes is a construct. I’ve always just more boyish and I’m a straight person.,gender clothes is a construct. i’ve always just more boyish and i’m a straight person.,gender clothes is a construct. i’ve always just more boyish and i’m a straight person.,gender clothes is a construct. i’ve always just more boyish and i’m a straight person.,86,false,false,false,false,false,false,1,1,false,false,false,false,74,4.3175,en,en,true,false,1789684609,2026-09-17 22:36:49,2026-09-18 06:36:49,popcorngirlfriend,unknown_series,true,true,16,1,"[""tiktok_notyouraveragecrow1.jsonl""]"
7686637364718387998,7686339862995291422,,,false,breezy12,AintEZbeingBreezy,false,I unfortunately love men AND I dress as a tom boy or Adam Sandler.,i unfortunately love men and i dress as a tom boy or adam sandler.,i unfortunately love men and i dress as a tom boy or adam sandler.,i unfortunately love men and i dress as a tom boy or adam sandler.,66,false,false,false,false,false,false,1,1,false,false,false,false,24,3.2189,en,en,true,false,1789684754,2026-09-17 22:39:14,2026-09-18 06:39:14,popcorngirlfriend,unknown_series,true,true,16,1,"[""tiktok_notyouraveragecrow1.jsonl""]"
7686648621655245598,7686339862995291422,,,false,its_mary_darling,Mary Kate,false,We’re all at least a little bit gay~ lesbihonest,we’re all at least a little bit gay~ lesbihonest,we’re all at least a little bit gay~ lesbihonest,we’re all at least a little bit gay~ lesbihonest,48,false,false,false,false,false,false,1,1,false,false,false,false,2,1.0986,en,en,true,false,1789687365,2026-09-17 23:22:45,2026-09-18 07:22:45,popcorngirlfriend,unknown_series,true,true,16,1,"[""tiktok_notyouraveragecrow1.jsonl""]"
7686666785765131030,7686339862995291422,,,false,den.veeer,𝕯𝖊𝖓,false,or maybe we stop putting labels to clothing,or maybe we stop putting labels to clothing,or maybe we stop putting labels to clothing,or maybe we stop putting labels to clothing,43,false,false,false,false,false,false,1,4,false,false,false,false,2860,7.9589,en,en,true,false,1789691772,2026-09-18 00:36:12,2026-09-18 08:36:12,popcorngirlfriend,unknown_series,true,true,16,1,"[""tiktok_notyouraveragecrow1.jsonl""]"
7686675423447384862,7686339862995291422,,,false,heyitsheidy111,Heidy,false,What do I do if I’m bi,what do i do if i’m bi,what do i do if i’m bi,what do i do if i’m bi,22,false,false,false,false,false,false,1,1,false,false,false,false,1,0.6931,en,cy,false,false,1789693616,2026-09-18 01:06:56,2026-09-18 09:06:56,popcorngirlfriend,unknown_series,true,true,16,1,"[""tiktok_notyouraveragecrow1.jsonl""]"
7686678384260203294,7686339862995291422,,,false,abgaymeer,EsemSolon,false,we gotta really stopp basing our gender identity based on clothing mannn :),we gotta really stopp basing our gender identity based on clothing man :),we gotta really stopp basing our gender identity based on clothing man :),we gotta really stopp basing our gender identity based on clothing man :),75,false,false,false,false,false,false,1,3,false,false,false,false,62,4.1431,en,en,true,false,1789694292,2026-09-18 01:18:12,2026-09-18 09:18:12,popcorngirlfriend,unknown_series,true,true,16,1,"[""tiktok_notyouraveragecrow1.jsonl""]"
7686677553898193686,7686339862995291422,7686666785765131030,or maybe we stop putting labels to clothing,true,marshmaiiow934,Marshmallow,false,no,no,no,no,2,false,false,false,true,false,false,1,1,false,false,false,false,28,3.3673,en,,,true,1789694305,2026-09-18 01:18:25,2026-09-18 09:18:25,popcorngirlfriend,unknown_series,true,true,16,1,"[""tiktok_notyouraveragecrow1.jsonl""]"
7686695372996330271,7686339862995291422,7686476373439218462,But I’m a tomboy  idk how to dress “straight” ,true,supercluster637,SuperCluster,false,Fitted clothing for women is the easiest way to dress straight for a women.,fitted clothing for women is the easiest way to dress straight for a women.,fitted clothing for women is the easiest way to dress straight for a women.,fitted clothing for women is the easiest way to dress straight for a women.,75,false,false,false,false,false,false,1,3,false,false,false,false,5,1.7918,en,en,true,false,1789698267,2026-09-18 02:24:27,2026-09-18 10:24:27,popcorngirlfriend,unknown_series,true,true,16,1,"[""tiktok_notyouraveragecrow1.jsonl""]"
7686701567840305950,7686339862995291422,,,false,thingsandstuff193,ThingsandStuff19,false,Im too fat for crop tops. So…,im too fat for crop tops. so…,im too fat for crop tops. so…,im too fat for crop tops. so…,29,false,false,false,false,false,false,1,1,false,false,false,false,7,2.0794,en,en,true,false,1789699706,2026-09-18 02:48:26,2026-09-18 10:48:26,popcorngirlfriend,unknown_series,true,true,16,1,"[""tiktok_notyouraveragecrow1.jsonl""]"
7686718201820168990,7686339862995291422,,,false,laurafragosohiller,Laura Fragoso Hiller,false,You’re right. My husband already lets me know I look like a hot coastal lesbian every time I wear linen. I think he’s jealous I could probably pull more girls than him but siiiiigh. Yes. I’ll stop.,you’re right. my husband already lets me know i look like a hot coastal lesbian every time i wear linen. i think he’s jealous i could probably pull more girls than him but sigh. yes. i’ll stop.,you’re right. my husband already lets me know i look like a hot coastal lesbian every time i wear linen. i think he’s jealous i could probably pull more girls than him but sigh. yes. i’ll stop.,you’re right. my husband already lets me know i look like a hot coastal lesbian every time i wear linen. i think he’s jealous i could probably pull more girls than him but sigh. yes. i’ll stop.,197,false,false,false,false,false,false,1,1,false,false,false,false,4,1.6094,en,en,true,false,1789703580,2026-09-18 03:53:00,2026-09-18 11:53:00,popcorngirlfriend,unknown_series,true,true,16,1,"[""tiktok_notyouraveragecrow1.jsonl""]"
7686723115904910111,7686339862995291422,,,false,eveie_1111,eveie,false,but i like jorts,but i like jorts,but i like jorts,but i like jorts,16,false,false,false,false,false,false,1,1,false,false,false,false,56,4.0431,en,no,false,false,1789704733,2026-09-18 04:12:13,2026-09-18 12:12:13,popcorngirlfriend,unknown_series,true,true,16,1,"[""tiktok_notyouraveragecrow1.jsonl""]"
7686724582317327135,7686339862995291422,,,false,xiaoshadow2,venti⁷,false,erm no? i’ll dress how i want,erm no? i’ll dress how i want,erm no? i’ll dress how i want,erm no? i’ll dress how i want,29,false,false,false,false,false,false,1,2,false,false,false,false,397,5.9865,en,cy,false,false,1789705078,2026-09-18 04:17:58,2026-09-18 12:17:58,popcorngirlfriend,unknown_series,true,true,16,1,"[""tiktok_notyouraveragecrow1.jsonl""]"
7686729877227668254,7686339862995291422,7686530243310355231,let people dress however they feel comfortable,true,insearchoftheantidote,insearchoftheantidote,false,No! did you just hear what she just said??? A MAN ,no! did you just hear what she just said??? a man,no! did you just hear what she just said??? a man,no! did you just hear what she just said??? a man,49,false,false,true,false,false,false,1,1,false,false,false,false,13,2.6391,en,en,true,false,1789706304,2026-09-18 04:38:24,2026-09-18 12:38:24,popcorngirlfriend,unknown_series,true,true,16,1,"[""tiktok_notyouraveragecrow1.jsonl""]"
7686761640902181663,7686339862995291422,7686476373439218462,But I’m a tomboy  idk how to dress “straight” ,true,bubbles7301,bubbles,false,But I hate fitted clothing. It’s so uncomfortable ,but i hate fitted clothing. it’s so uncomfortable,but i hate fitted clothing. it’s so uncomfortable,but i hate fitted clothing. it’s so uncomfortable,49,false,false,false,false,false,false,1,2,false,false,false,false,12,2.5649,en,en,true,false,1789713787,2026-09-18 06:43:07,2026-09-18 14:43:07,popcorngirlfriend,unknown_series,true,true,16,1,"[""tiktok_notyouraveragecrow1.jsonl""]"
7686783675681489696,7686339862995291422,7686476373439218462,But I’m a tomboy  idk how to dress “straight” ,true,josiiemarie,Josie ﾒ𝟶,false,Why should she change her style to appease men if it makes her uncomfortable?,why should she change her style to appease men if it makes her uncomfortable?,why should she change her style to appease men if it makes her uncomfortable?,why should she change her style to appease men if it makes her uncomfortable?,77,false,false,false,false,false,false,1,2,false,false,false,false,33,3.5264,en,en,true,false,1789718827,2026-09-18 08:07:07,2026-09-18 16:07:07,popcorngirlfriend,unknown_series,true,true,16,1,"[""tiktok_notyouraveragecrow1.jsonl""]"
7686802536468054806,7686339862995291422,7686724582317327135,erm no? i’ll dress how i want,true,mariinna_cm,Marina,false,leave,leave,leave,leave,5,false,false,false,false,false,false,1,1,false,false,false,false,9,2.3026,en,fr,false,false,1789723211,2026-09-18 09:20:11,2026-09-18 17:20:11,popcorngirlfriend,unknown_series,true,true,16,1,"[""tiktok_notyouraveragecrow1.jsonl""]"
7686819208403469078,7686339862995291422,,,false,xshaddx,🇪🇺Shadd🏳️‍🌈(she/they),false,I’m honestly this close to wearing a fake mustache just to be left alone. ,i’m honestly this close to wearing a fake mustache just to be left alone.,i’m honestly this close to wearing a fake mustache just to be left alone.,i’m honestly this close to wearing a fake mustache just to be left alone.,73,false,false,false,false,false,false,1,1,false,false,false,false,4,1.6094,en,en,true,false,1789727111,2026-09-18 10:25:11,2026-09-18 18:25:11,popcorngirlfriend,unknown_series,true,true,16,1,"[""tiktok_notyouraveragecrow1.jsonl""]"
7686823526004196128,7686339862995291422,7686678384260203294,we gotta really stopp basing our gender identity based on clothing mannn :),true,flickthebean01_,🐝,false,shes talking about sexualities not gender,shes talking about sexualities not gender,shes talking about sexualities not gender,shes talking about sexualities not gender,41,false,false,false,false,false,false,1,3,false,false,false,false,2,1.0986,en,en,true,false,1789728121,2026-09-18 10:42:01,2026-09-18 18:42:01,popcorngirlfriend,unknown_series,true,true,16,1,"[""tiktok_notyouraveragecrow1.jsonl""]"
7686850296488411936,7686339862995291422,7686476373439218462,But I’m a tomboy  idk how to dress “straight” ,true,josiiemarie,Josie ﾒ𝟶,false,Sorry I meant appeal,sorry i meant appeal,sorry i meant appeal,sorry i meant appeal,20,false,false,false,false,false,false,1,2,false,false,false,false,2,1.0986,en,en,true,false,1789734329,2026-09-18 12:25:29,2026-09-18 20:25:29,popcorngirlfriend,unknown_series,true,true,16,1,"[""tiktok_notyouraveragecrow1.jsonl""]"
7686858039644144414,7686339862995291422,7686476373439218462,But I’m a tomboy  idk how to dress “straight” ,true,supercluster637,SuperCluster,false,Well if you wondered how to dress straight fitted clothing is it at the easiest form for women. it is suppose to show your figure your bust and butt. You will get attention from men maybe even approached if some dude is up for it.,well if you wondered how to dress straight fitted clothing is it at the easiest form for women. it is suppose to show your figure your bust and butt. you will get attention from men maybe even approached if some dude is up for it.,well if you wondered how to dress straight fitted clothing is it at the easiest form for women. it is suppose to show your figure your bust and butt. you will get attention from men maybe even approached if some dude is up for it.,well if you wondered how to dress straight fitted clothing is it at the easiest form for women. it is suppose to show your figure your bust and butt. you will get attention from men maybe even approached if some dude is up for it.,230,false,false,false,false,false,false,1,3,false,false,false,false,2,1.0986,en,en,true,false,1789736193,2026-09-18 12:56:33,2026-09-18 20:56:33,popcorngirlfriend,unknown_series,true,true,16,1,"[""tiktok_notyouraveragecrow1.jsonl""]"
7686858411632673566,7686339862995291422,7686476373439218462,But I’m a tomboy  idk how to dress “straight” ,true,supercluster637,SuperCluster,false,Well she said she doesn’t know how to dress straight I just answered her question if it’s uncomfortable than she doesn’t have to do it.,well she said she doesn’t know how to dress straight i just answered her question if it’s uncomfortable than she doesn’t have to do it.,well she said she doesn’t know how to dress straight i just answered her question if it’s uncomfortable than she doesn’t have to do it.,well she said she doesn’t know how to dress straight i just answered her question if it’s uncomfortable than she doesn’t have to do it.,135,false,false,false,false,false,false,1,3,false,false,false,false,2,1.0986,en,en,true,false,1789736278,2026-09-18 12:57:58,2026-09-18 20:57:58,popcorngirlfriend,unknown_series,true,true,16,1,"[""tiktok_notyouraveragecrow1.jsonl""]"
7686912592124248865,7686339862995291422,,,false,laura.lgs17,✨Laura✨,false,"And also, when I see a girl looking like a lesbian and there actually straight. That a different kind of pain. ","and also, when i see a girl looking like a lesbian and there actually straight. that a different kind of pain.","and also, when i see a girl looking like a lesbian and there actually straight. that a different kind of pain.","and also, when i see a girl looking like a lesbian and there actually straight. that a different kind of pain.",110,false,false,false,false,false,false,1,1,false,false,false,false,4,1.6094,en,en,true,false,1789748829,2026-09-18 16:27:09,2026-09-19 00:27:09,popcorngirlfriend,unknown_series,true,true,16,1,"[""tiktok_notyouraveragecrow1.jsonl""]"
7686941335005283102,7686339862995291422,,,false,kt_tarr,KT 🦋,false,I can’t help guys are gay ,i can’t help guys are gay,i can’t help guys are gay,i can’t help guys are gay,25,false,false,false,false,false,false,1,1,false,false,false,false,4,1.6094,en,cy,false,false,1789755554,2026-09-18 18:19:14,2026-09-19 02:19:14,popcorngirlfriend,unknown_series,true,true,16,1,"[""tiktok_notyouraveragecrow1.jsonl""]"
7686974172827878174,7686339862995291422,7686530243310355231,let people dress however they feel comfortable,true,terrydingle1,terrydingle1,false,wow,wow,wow,wow,3,false,false,false,false,false,false,2,2,false,false,false,false,1,0.6931,en,,,true,1789763168,2026-09-18 20:26:08,2026-09-19 04:26:08,popcorngirlfriend,unknown_series,true,true,16,1,"[""tiktok_notyouraveragecrow1.jsonl""]"
7686974122321330974,7686339862995291422,7686530243310355231,let people dress however they feel comfortable,true,terrydingle1,terrydingle1,false,wowww,wow,wow,wow,5,false,false,false,false,false,false,2,2,false,false,false,false,1,0.6931,en,,,true,1789763170,2026-09-18 20:26:10,2026-09-19 04:26:10,popcorngirlfriend,unknown_series,true,true,16,1,"[""tiktok_notyouraveragecrow1.jsonl""]"
7686983407280096031,7686339862995291422,,,false,jordynmiller_,Jordyn Miller,false,No,no,no,no,2,false,false,false,true,false,false,1,1,false,false,false,false,4,1.6094,en,,,true,1789765334,2026-09-18 21:02:14,2026-09-19 05:02:14,popcorngirlfriend,unknown_series,true,true,16,1,"[""tiktok_notyouraveragecrow1.jsonl""]"
7687015709663281950,7686339862995291422,,,false,anniefinberg,Annie Finberg,false,Sorryyyyyy cant stop it’s a vibe,sorry cant stop it’s a vibe,sorry cant stop it’s a vibe,sorry cant stop it’s a vibe,32,false,false,false,false,false,false,1,1,false,false,false,false,1,0.6931,en,en,true,false,1789772884,2026-09-18 23:08:04,2026-09-19 07:08:04,popcorngirlfriend,unknown_series,true,true,16,1,"[""tiktok_notyouraveragecrow1.jsonl""]"
7687050822614942485,7686339862995291422,7686724582317327135,erm no? i’ll dress how i want,true,_makarose,Makayla ⚢,false,it’s a joke ,it’s a joke,it’s a joke,it’s a joke,11,false,false,false,false,false,false,1,2,false,false,false,true,20,3.0445,en,fi,false,false,1789781021,2026-09-19 01:23:41,2026-09-19 09:23:41,popcorngirlfriend,unknown_series,true,true,16,1,"[""tiktok_notyouraveragecrow1.jsonl""]"
7687055744495895327,7686339862995291422,7686724582317327135,erm no? i’ll dress how i want,true,xiaoshadow2,venti⁷,false,a lot of people arnt,a lot of people arnt,a lot of people arnt,a lot of people arnt,20,false,false,false,false,false,false,1,2,false,false,false,false,3,1.3863,en,en,true,false,1789782175,2026-09-19 01:42:55,2026-09-19 09:42:55,popcorngirlfriend,unknown_series,true,true,16,1,"[""tiktok_notyouraveragecrow1.jsonl""]"
7687063825664770836,7686339862995291422,7686724582317327135,erm no? i’ll dress how i want,true,_makarose,Makayla ⚢,false,But the thing about her is that she is,but the thing about her is that she is,but the thing about her is that she is,but the thing about her is that she is,38,false,false,false,false,false,false,1,2,false,false,false,false,5,1.7918,en,en,true,false,1789784039,2026-09-19 02:13:59,2026-09-19 10:13:59,popcorngirlfriend,unknown_series,true,true,16,1,"[""tiktok_notyouraveragecrow1.jsonl""]"
7687082566335644424,7686339862995291422,7686724582317327135,erm no? i’ll dress how i want,true,tuttoefiume,iara,false,someone got their feelings hurt,someone got their feelings hurt,someone got their feelings hurt,someone got their feelings hurt,31,false,false,false,false,false,false,1,1,false,false,false,false,24,3.2189,en,en,true,false,1789788391,2026-09-19 03:26:31,2026-09-19 11:26:31,popcorngirlfriend,unknown_series,true,true,16,1,"[""tiktok_notyouraveragecrow1.jsonl""]"
7687100684961973000,7686339862995291422,7686530243310355231,let people dress however they feel comfortable,true,.splattsfx,hadeel,false,"Let people make jokes holy shit, obviously she doesn’t think this will convince everyone to change their styles u guys r so annoying","let people make jokes holy shit, obviously she doesn’t think this will convince everyone to change their styles u guys r so annoying","let people make jokes holy shit, obviously she doesn’t think this will convince everyone to change their styles u guys r so annoying","let people make jokes holy shit, obviously she doesn’t think this will convince everyone to change their styles u guys r so annoying",132,false,false,false,false,false,false,1,1,false,false,false,false,3,1.3863,en,en,true,false,1789792613,2026-09-19 04:36:53,2026-09-19 12:36:53,popcorngirlfriend,unknown_series,true,true,16,1,"[""tiktok_notyouraveragecrow1.jsonl""]"
7687112260964270864,7686339862995291422,7686530243310355231,let people dress however they feel comfortable,true,that.blue.roan,Gemma & Gage,false,"No, we actually just passed a law about it and the punishment is life in prison","no, we actually just passed a law about it and the punishment is life in prison","no, we actually just passed a law about it and the punishment is life in prison","no, we actually just passed a law about it and the punishment is life in prison",79,false,false,false,false,false,false,1,1,false,false,false,false,2,1.0986,en,en,true,false,1789795307,2026-09-19 05:21:47,2026-09-19 13:21:47,popcorngirlfriend,unknown_series,true,true,16,1,"[""tiktok_notyouraveragecrow1.jsonl""]"
7687120294985663263,7686339862995291422,,,false,igotlostintexas,Yajaira Martinez445,false,I’m married and tired  and flat chested. Ima keep wearing my over size Ts and bagggy pants .,i’m married and tired and flat chested. ima keep wearing my over size ts and bagy pants .,i’m married and tired and flat chested. ima keep wearing my over size ts and bagy pants .,i’m married and tired and flat chested. ima keep wearing my over size ts and bagy pants .,91,false,false,false,false,false,false,1,1,false,false,false,false,7,2.0794,en,en,true,false,1789797311,2026-09-19 05:55:11,2026-09-19 13:55:11,popcorngirlfriend,unknown_series,true,true,16,1,"[""tiktok_notyouraveragecrow1.jsonl""]"
7687155129608586015,7686339862995291422,,,false,theseventhfriend,˗ˏˋ ♡ ˎˊ˗,false,It’s so comfy tho  does my long almond nails balance it out? and my pink lipstick? ,it’s so comfy tho does my long almond nails balance it out? and my pink lipstick?,it’s so comfy tho does my long almond nails balance it out? and my pink lipstick?,it’s so comfy tho does my long almond nails balance it out? and my pink lipstick?,81,false,false,false,false,false,false,1,1,false,false,false,false,1,0.6931,en,en,true,false,1789805437,2026-09-19 08:10:37,2026-09-19 16:10:37,popcorngirlfriend,unknown_series,true,true,16,1,"[""tiktok_notyouraveragecrow1.jsonl""]"
7687196474421986066,7686339862995291422,7686666785765131030,or maybe we stop putting labels to clothing,true,allzlana,allzlana,false,"no, it has a historical and cultural meaning","no, it has a historical and cultural meaning","no, it has a historical and cultural meaning","no, it has a historical and cultural meaning",44,false,false,false,false,false,false,1,8,false,false,false,false,64,4.1744,en,en,true,false,1789814929,2026-09-19 10:48:49,2026-09-19 18:48:49,popcorngirlfriend,unknown_series,true,true,16,1,"[""tiktok_notyouraveragecrow1.jsonl""]"
7687219395945743126,7686339862995291422,7686666785765131030,or maybe we stop putting labels to clothing,true,your._l0cal_.idi0t,Stefi,false,boxers don’t have historical or cultural meaning,boxers don’t have historical or cultural meaning,boxers don’t have historical or cultural meaning,boxers don’t have historical or cultural meaning,48,false,false,false,false,false,false,1,1,false,false,false,false,33,3.5264,en,en,true,false,1789820279,2026-09-19 12:17:59,2026-09-19 20:17:59,popcorngirlfriend,unknown_series,true,true,16,1,"[""tiktok_notyouraveragecrow1.jsonl""]"
7687269679412806423,7686339862995291422,7686666785765131030,or maybe we stop putting labels to clothing,true,den.veeer,𝕯𝖊𝖓,false,"find me one piece of clothing that is culturally exclusive to lesbian, I'll wait","find me one piece of clothing that is culturally exclusive to lesbian, i'll wait","find me one piece of clothing that is culturally exclusive to lesbian, i'll wait","find me one piece of clothing that is culturally exclusive to lesbian, i'll wait",80,false,false,false,false,false,false,1,4,false,false,false,false,33,3.5264,en,en,true,false,1789831972,2026-09-19 15:32:52,2026-09-19 23:32:52,popcorngirlfriend,unknown_series,true,true,16,1,"[""tiktok_notyouraveragecrow1.jsonl""]"
7687269785403147030,7686339862995291422,7686666785765131030,or maybe we stop putting labels to clothing,true,den.veeer,𝕯𝖊𝖓,false,"I am completely relax, my statement couldn't have been more calm actually","i am completely relax, my statement couldn't have been more calm actually","i am completely relax, my statement couldn't have been more calm actually","i am completely relax, my statement couldn't have been more calm actually",73,false,false,false,false,false,false,1,4,false,false,false,false,4,1.6094,en,en,true,false,1789832001,2026-09-19 15:33:21,2026-09-19 23:33:21,popcorngirlfriend,unknown_series,true,true,16,1,"[""tiktok_notyouraveragecrow1.jsonl""]"
7687273836965888781,7686339862995291422,7686594711293281038,No my lesbian look is my best look ,true,bklyncullie,AmC,false,"Same I blame Wildfang, their stuff is half my wardrobe. But also I’m old / very far out of your threat pool so I feel like I get a pass.","same i blame wildfang, their stuff is half my wardrobe. but also i’m old / very far out of your threat pool so i feel like i get a pass.","same i blame wildfang, their stuff is half my wardrobe. but also i’m old / very far out of your threat pool so i feel like i get a pass.","same i blame wildfang, their stuff is half my wardrobe. but also i’m old / very far out of your threat pool so i feel like i get a pass.",136,false,false,false,false,false,false,1,1,false,false,false,false,1,0.6931,en,en,true,false,1789832946,2026-09-19 15:49:06,2026-09-19 23:49:06,popcorngirlfriend,unknown_series,true,true,16,1,"[""tiktok_notyouraveragecrow1.jsonl""]"
7687275666883166983,7686339862995291422,7686666785765131030,or maybe we stop putting labels to clothing,true,allzlana,allzlana,false,"masculine presenting lesbians for example, have suffered MURDER through out our queer history, I am not the one that’s gonna educate you on this topic, jf you actually care, you’re gonna do it on your own, I gave you a good start so google is free","masculine presenting lesbians for example, have suffered murder through out our queer history, i am not the one that’s gonna educate you on this topic, jf you actually care, you’re gonna do it on your own, i gave you a good start so google is free","masculine presenting lesbians for example, have suffered murder through out our queer history, i am not the one that’s gonna educate you on this topic, jf you actually care, you’re gonna do it on your own, i gave you a good start so google is free","masculine presenting lesbians for example, have suffered murder through out our queer history, i am not the one that’s gonna educate you on this topic, jf you actually care, you’re gonna do it on your own, i gave you a good start so google is free",247,false,false,false,false,false,false,1,8,false,false,false,false,15,2.7726,en,en,true,false,1789833354,2026-09-19 15:55:54,2026-09-19 23:55:54,popcorngirlfriend,unknown_series,true,true,16,1,"[""tiktok_notyouraveragecrow1.jsonl""]"
7687297769111651094,7686339862995291422,7686666785765131030,or maybe we stop putting labels to clothing,true,den.veeer,𝕯𝖊𝖓,false,"how does this have anything to do with clothing being exclusive to one specific sexuality or gender? it's not a knowledge issue here you are talking nonsense, clothing is not exclusive to one sexuality","how does this have anything to do with clothing being exclusive to one specific sexuality or gender? it's not a knowledge issue here you are talking nonsense, clothing is not exclusive to one sexuality","how does this have anything to do with clothing being exclusive to one specific sexuality or gender? it's not a knowledge issue here you are talking nonsense, clothing is not exclusive to one sexuality","how does this have anything to do with clothing being exclusive to one specific sexuality or gender? it's not a knowledge issue here you are talking nonsense, clothing is not exclusive to one sexuality",201,false,false,false,false,false,false,1,4,false,false,false,false,13,2.6391,en,en,true,false,1789838516,2026-09-19 17:21:56,2026-09-20 01:21:56,popcorngirlfriend,unknown_series,true,true,16,1,"[""tiktok_notyouraveragecrow1.jsonl""]"
7687307133864706824,7686339862995291422,7686666785765131030,or maybe we stop putting labels to clothing,true,allzlana,allzlana,false,you’re just ignorant atp lmao,you’re just ignorant atp lmao,you’re just ignorant atp lmao,you’re just ignorant atp lmao,29,false,false,false,false,false,false,1,8,false,false,false,false,12,2.5649,en,fr,false,false,1789840683,2026-09-19 17:58:03,2026-09-20 01:58:03,popcorngirlfriend,unknown_series,true,true,16,1,"[""tiktok_notyouraveragecrow1.jsonl""]"
7687324872364507924,7686339862995291422,7686530243310355231,let people dress however they feel comfortable,true,ggzx_3,ggzx_1,false,It's a joke pancake,it's a joke pancake,it's a joke pancake,it's a joke pancake,19,false,false,false,false,false,false,1,1,false,false,false,false,3,1.3863,en,sl,false,false,1789844821,2026-09-19 19:07:01,2026-09-20 03:07:01,popcorngirlfriend,unknown_series,true,true,16,1,"[""tiktok_notyouraveragecrow1.jsonl""]"
7687327516981953298,7686339862995291422,7686666785765131030,or maybe we stop putting labels to clothing,true,moony.automne,"Love forever, Sara⭑",false,"yep but not only when it's convenient for some people and more if they're normative, lesbians have been single out for decades due to their cloches when they are non normatives while straight women do it to look cool. She's joking, everyone can use whatever they want but just question about it","yep but not only when it's convenient for some people and more if they're normative, lesbians have been single out for decades due to their cloches when they are non normatives while straight women do it to look cool. she's joking, everyone can use whatever they want but just question about it","yep but not only when it's convenient for some people and more if they're normative, lesbians have been single out for decades due to their cloches when they are non normatives while straight women do it to look cool. she's joking, everyone can use whatever they want but just question about it","yep but not only when it's convenient for some people and more if they're normative, lesbians have been single out for decades due to their cloches when they are non normatives while straight women do it to look cool. she's joking, everyone can use whatever they want but just question about it",294,false,false,false,false,false,false,1,1,false,false,false,false,2,1.0986,en,en,true,false,1789845426,2026-09-19 19:17:06,2026-09-20 03:17:06,popcorngirlfriend,unknown_series,true,true,16,1,"[""tiktok_notyouraveragecrow1.jsonl""]"
7687370044711551765,7686339862995291422,,,false,npk1719,npk1719,false,I totally agree because I’m confused then enraged when a man hits on me.,i totally agree because i’m confused then enraged when a man hits on me.,i totally agree because i’m confused then enraged when a man hits on me.,i totally agree because i’m confused then enraged when a man hits on me.,72,false,false,false,false,false,false,1,1,false,false,false,false,4,1.6094,en,en,true,false,1789855336,2026-09-19 22:02:16,2026-09-20 06:02:16,popcorngirlfriend,unknown_series,true,true,16,1,"[""tiktok_notyouraveragecrow1.jsonl""]"
7687413538209760033,7686339862995291422,,,false,mi_a3108,Mia,false,Straight af but I‘ll not stop Like These outfits Are so wowi,straight af but i‘ll not stop like these outfits are so wowi,straight af but i‘ll not stop like these outfits are so wowi,straight af but i‘ll not stop like these outfits are so wowi,60,false,false,false,false,false,false,1,1,false,false,false,false,4,1.6094,en,en,true,false,1789865512,2026-09-20 00:51:52,2026-09-20 08:51:52,popcorngirlfriend,unknown_series,true,true,16,1,"[""tiktok_notyouraveragecrow1.jsonl""]"
7687439421112779521,7686339862995291422,7686666785765131030,or maybe we stop putting labels to clothing,true,user112007301987,user112007301987,false,Google is free,google is free,google is free,google is free,14,false,false,false,false,false,false,1,1,false,false,false,false,10,2.3979,en,en,true,false,1789871480,2026-09-20 02:31:20,2026-09-20 10:31:20,popcorngirlfriend,unknown_series,true,true,16,1,"[""tiktok_notyouraveragecrow1.jsonl""]"
7687690043674231582,7686339862995291422,7686678384260203294,we gotta really stopp basing our gender identity based on clothing mannn :),true,abgaymeer,EsemSolon,false,eaxtly so what does gay look like? and what does dressing like a lesbian mean?????? And what does that have to do with someone you’re attracted with???,eaxtly so what does gay look like? and what does dressing like a lesbian mean?????? and what does that have to do with someone you’re attracted with???,eaxtly so what does gay look like? and what does dressing like a lesbian mean?????? and what does that have to do with someone you’re attracted with???,eaxtly so what does gay look like? and what does dressing like a lesbian mean?????? and what does that have to do with someone you’re attracted with???,151,false,false,true,false,false,false,1,3,false,false,false,false,4,1.6094,en,en,true,false,1789929842,2026-09-20 18:44:02,2026-09-21 02:44:02,popcorngirlfriend,unknown_series,true,true,16,1,"[""tiktok_notyouraveragecrow1.jsonl""]"
7687739118521418518,7686339862995291422,,,false,gabsprofile,orgabsm,false,this goes for the girls too! i cant go and hit on a visibly queer dressed woman and she’ll hit me with “im straight”,this goes for the girls too! i cant go and hit on a visibly queer dressed woman and she’ll hit me with “im straight”,this goes for the girls too! i cant go and hit on a visibly queer dressed woman and she’ll hit me with “im straight”,this goes for the girls too! i cant go and hit on a visibly queer dressed woman and she’ll hit me with “im straight”,116,false,false,false,false,false,false,1,1,false,false,false,false,5,1.7918,en,en,true,false,1789941298,2026-09-20 21:54:58,2026-09-21 05:54:58,popcorngirlfriend,unknown_series,true,true,16,1,"[""tiktok_notyouraveragecrow1.jsonl""]"
7687806609477976846,7686339862995291422,,,false,deannaa.corbinn,deanna,false,unfortunately its comfier and i choose comfort.,unfortunately its comfier and i choose comfort.,unfortunately its comfier and i choose comfort.,unfortunately its comfier and i choose comfort.,47,false,false,false,false,false,false,1,1,false,false,false,false,1,0.6931,en,en,true,false,1789956990,2026-09-21 02:16:30,2026-09-21 10:16:30,popcorngirlfriend,unknown_series,true,true,16,1,"[""tiktok_notyouraveragecrow1.jsonl""]"
7687872642850226946,7686339862995291422,7687739118521418518,this goes for the girls too! i cant go and hit on a visibly queer dressed woman and she’ll hit me with “im straight”,true,elinna633,elina,false,She probably wasn’t interested in you,she probably wasn’t interested in you,she probably wasn’t interested in you,she probably wasn’t interested in you,37,false,false,false,false,false,false,1,1,false,false,false,false,1,0.6931,en,en,true,false,1789972377,2026-09-21 06:32:57,2026-09-21 14:32:57,popcorngirlfriend,unknown_series,true,true,16,1,"[""tiktok_notyouraveragecrow1.jsonl""]"
7687907577032098582,7686339862995291422,,,false,lulibaui,lulibaui,false,"I wear sun dresses and skirts but whaaat? Girls, wear whatever you want, you are not responsible for mans behavior","i wear sun dresses and skirts but what? girls, wear whatever you want, you are not responsible for mans behavior","i wear sun dresses and skirts but what? girls, wear whatever you want, you are not responsible for mans behavior","i wear sun dresses and skirts but what? girls, wear whatever you want, you are not responsible for mans behavior",114,false,false,false,false,false,false,1,1,false,false,false,false,4,1.6094,en,en,true,false,1789980518,2026-09-21 08:48:38,2026-09-21 16:48:38,popcorngirlfriend,unknown_series,true,true,16,1,"[""tiktok_notyouraveragecrow1.jsonl""]"
7687921895275053856,7686339862995291422,7686666785765131030,or maybe we stop putting labels to clothing,true,aisha.png0,aisha🐈‍⬛🕯️🍁,false,‘queer history’ wrap it up,‘queer history’ wrap it up,‘queer history’ wrap it up,‘queer history’ wrap it up,26,false,false,false,false,false,false,1,4,false,false,false,false,4,1.6094,en,en,true,false,1789983857,2026-09-21 09:44:17,2026-09-21 17:44:17,popcorngirlfriend,unknown_series,true,true,16,1,"[""tiktok_notyouraveragecrow1.jsonl""]"
7687922176834241312,7686339862995291422,7686666785765131030,or maybe we stop putting labels to clothing,true,aisha.png0,aisha🐈‍⬛🕯️🍁,false,"omg your comment is exactly like that one video was talking about  wokeness and superiority complex but not willing to ‘educate’ others, aka performative.","omg your comment is exactly like that one video was talking about wokeness and superiority complex but not willing to ‘educate’ others, aka performative.","omg your comment is exactly like that one video was talking about wokeness and superiority complex but not willing to ‘educate’ others, aka performative.","omg your comment is exactly like that one video was talking about wokeness and superiority complex but not willing to ‘educate’ others, aka performative.",153,false,false,false,false,false,false,1,4,false,false,false,false,2,1.0986,en,en,true,false,1789983923,2026-09-21 09:45:23,2026-09-21 17:45:23,popcorngirlfriend,unknown_series,true,true,16,1,"[""tiktok_notyouraveragecrow1.jsonl""]"
7687950801163551521,7686339862995291422,,,false,sidney_life,Sidney,false,"I‘m into women and I always get perceived as straight. Just let people wear whatever they want,clothes have nothing to do with sexuality","i‘m into women and i always get perceived as straight. just let people wear whatever they want,clothes have nothing to do with sexuality","i‘m into women and i always get perceived as straight. just let people wear whatever they want,clothes have nothing to do with sexuality","i‘m into women and i always get perceived as straight. just let people wear whatever they want,clothes have nothing to do with sexuality",136,false,false,false,false,false,false,1,1,false,false,false,false,15,2.7726,en,en,true,false,1789990565,2026-09-21 11:36:05,2026-09-21 19:36:05,popcorngirlfriend,unknown_series,true,true,16,1,"[""tiktok_notyouraveragecrow1.jsonl""]"
7687950958839481095,7686339862995291422,7686666785765131030,or maybe we stop putting labels to clothing,true,allzlana,allzlana,false,"no girl, there’s a lot of stuff to search, I can’t fill you up from one comment, and also that person was not willing to genuinely learn, but was arguing with me just to prove themselves right, why would I waste my time on someone that doesn’t actually give a sh about the topic, stfu and stop being homophobic","no girl, there’s a lot of stuff to search, i can’t fill you up from one comment, and also that person was not willing to genuinely learn, but was arguing with me just to prove themselves right, why would i waste my time on someone that doesn’t actually give a sh about the topic, stfu and stop being homophobic","no girl, there’s a lot of stuff to search, i can’t fill you up from one comment, and also that person was not willing to genuinely learn, but was arguing with me just to prove themselves right, why would i waste my time on someone that doesn’t actually give a sh about the topic, stfu and stop being homophobic","no girl, there’s a lot of stuff to search, i can’t fill you up from one comment, and also that person was not willing to genuinely learn, but was arguing with me just to prove themselves right, why would i waste my time on someone that doesn’t actually give a sh about the topic, stfu and stop being homophobic",310,false,false,false,false,false,false,1,8,false,false,false,false,4,1.6094,en,en,true,false,1789990576,2026-09-21 11:36:16,2026-09-21 19:36:16,popcorngirlfriend,unknown_series,true,true,16,1,"[""tiktok_notyouraveragecrow1.jsonl""]"
7687951190726165256,7686339862995291422,7686666785765131030,or maybe we stop putting labels to clothing,true,allzlana,allzlana,false,"and it’s not a superiority complex if I just want to protect my people and community, don’t know if you have a community to protect but if you do, you should understand","and it’s not a superiority complex if i just want to protect my people and community, don’t know if you have a community to protect but if you do, you should understand","and it’s not a superiority complex if i just want to protect my people and community, don’t know if you have a community to protect but if you do, you should understand","and it’s not a superiority complex if i just want to protect my people and community, don’t know if you have a community to protect but if you do, you should understand",168,false,false,false,false,false,false,1,8,false,false,false,false,3,1.3863,en,en,true,false,1789990640,2026-09-21 11:37:20,2026-09-21 19:37:20,popcorngirlfriend,unknown_series,true,true,16,1,"[""tiktok_notyouraveragecrow1.jsonl""]"
7687951354170868498,7686339862995291422,7686666785765131030,or maybe we stop putting labels to clothing,true,allzlana,allzlana,false,"i mean??? even homophobic people know about that term, are you living under a roch","i mean??? even homophobic people know about that term, are you living under a roch","i mean??? even homophobic people know about that term, are you living under a roch","i mean??? even homophobic people know about that term, are you living under a roch",82,false,false,true,false,false,false,1,8,false,false,false,false,3,1.3863,en,en,true,false,1789990676,2026-09-21 11:37:56,2026-09-21 19:37:56,popcorngirlfriend,unknown_series,true,true,16,1,"[""tiktok_notyouraveragecrow1.jsonl""]"
7687968667317912353,7686339862995291422,7686666785765131030,or maybe we stop putting labels to clothing,true,aisha.png0,aisha🐈‍⬛🕯️🍁,false,apparently not knowing and not being interested in queer history is homophobic now? just proving my point by the way . superiority complex at its finest. ill just call you racist and call it a day.,apparently not knowing and not being interested in queer history is homophobic now? just proving my point by the way . superiority complex at its finest. ill just call you racist and call it a day.,apparently not knowing and not being interested in queer history is homophobic now? just proving my point by the way . superiority complex at its finest. ill just call you racist and call it a day.,apparently not knowing and not being interested in queer history is homophobic now? just proving my point by the way . superiority complex at its finest. ill just call you racist and call it a day.,197,false,false,false,false,false,false,1,4,false,false,false,false,4,1.6094,en,en,true,false,1789994728,2026-09-21 12:45:28,2026-09-21 20:45:28,popcorngirlfriend,unknown_series,true,true,16,1,"[""tiktok_notyouraveragecrow1.jsonl""]"
7687969009832592160,7686339862995291422,7686666785765131030,or maybe we stop putting labels to clothing,true,aisha.png0,aisha🐈‍⬛🕯️🍁,false,also there are not any clothes that are inherently ‘queer’. its not like cultural attire.,also there are not any clothes that are inherently ‘queer’. its not like cultural attire.,also there are not any clothes that are inherently ‘queer’. its not like cultural attire.,also there are not any clothes that are inherently ‘queer’. its not like cultural attire.,89,false,false,false,false,false,false,1,4,false,false,false,false,3,1.3863,en,en,true,false,1789994799,2026-09-21 12:46:39,2026-09-21 20:46:39,popcorngirlfriend,unknown_series,true,true,16,1,"[""tiktok_notyouraveragecrow1.jsonl""]"
7688081957502272287,7686339862995291422,7686594711293281038,No my lesbian look is my best look ,true,scooby5947,jerry,false,Ew,ew,ew,ew,2,false,false,false,true,false,false,1,1,false,false,false,false,1,0.6931,en,,,true,1790021113,2026-09-21 20:05:13,2026-09-22 04:05:13,popcorngirlfriend,unknown_series,true,true,16,1,"[""tiktok_notyouraveragecrow1.jsonl""]"
7688185827550249746,7686339862995291422,7686666785765131030,or maybe we stop putting labels to clothing,true,allzlana,allzlana,false,"you’re literally so dense it’s hilarious, you are homophobic for that one comment, making fun of the term “queer history”, don’t act stupid","you’re literally so dense it’s hilarious, you are homophobic for that one comment, making fun of the term “queer history”, don’t act stupid","you’re literally so dense it’s hilarious, you are homophobic for that one comment, making fun of the term “queer history”, don’t act stupid","you’re literally so dense it’s hilarious, you are homophobic for that one comment, making fun of the term “queer history”, don’t act stupid",139,false,false,false,false,false,false,1,8,false,false,false,false,3,1.3863,en,en,true,false,1790045277,2026-09-22 02:47:57,2026-09-22 10:47:57,popcorngirlfriend,unknown_series,true,true,16,1,"[""tiktok_notyouraveragecrow1.jsonl""]"
7688186190127219464,7686339862995291422,7686666785765131030,or maybe we stop putting labels to clothing,true,allzlana,allzlana,false,"and you would know how? if you know nothing about a topic you should not talk about it lmao, I never said it’s cultural attire, that is not the only way clothing can be important to a community and its history, you just want to argue bro gtfo","and you would know how? if you know nothing about a topic you should not talk about it lmao, i never said it’s cultural attire, that is not the only way clothing can be important to a community and its history, you just want to argue bro gtfo","and you would know how? if you know nothing about a topic you should not talk about it lmao, i never said it’s cultural attire, that is not the only way clothing can be important to a community and its history, you just want to argue bro gtfo","and you would know how? if you know nothing about a topic you should not talk about it lmao, i never said it’s cultural attire, that is not the only way clothing can be important to a community and its history, you just want to argue bro gtfo",242,false,false,false,false,false,false,1,8,false,false,false,false,3,1.3863,en,en,true,false,1790045372,2026-09-22 02:49:32,2026-09-22 10:49:32,popcorngirlfriend,unknown_series,true,true,16,1,"[""tiktok_notyouraveragecrow1.jsonl""]"
7688676031734137633,7686339862995291422,7686678384260203294,we gotta really stopp basing our gender identity based on clothing mannn :),true,flickthebean01_,🐝,false,"okay so i totally get what you mean and i agree to a degree BUT, theres always been tiny stuff gay people add to their outfits so that other gay people know. its just nice seeing another person from your community, someone you can relate to. the only example i could think of rn in the moment are carabiners, or cuffed jeans were also big at some point but again i do get what you mean. wearing something obviously doesnt make you gay but some people genuinely get offended when a gay person hits on them","okay so i totally get what you mean and i agree to a degree but, theres always been tiny stuff gay people add to their outfits so that other gay people know. its just nice seeing another person from your community, someone you can relate to. the only example i could think of rn in the moment are carabiners, or cuffed jeans were also big at some point but again i do get what you mean. wearing something obviously doesnt make you gay but some people genuinely get offended when a gay person hits on them","okay so i totally get what you mean and i agree to a degree but, theres always been tiny stuff gay people add to their outfits so that other gay people know. its just nice seeing another person from your community, someone you can relate to. the only example i could think of rn in the moment are carabiners, or cuffed jeans were also big at some point but again i do get what you mean. wearing something obviously doesnt make you gay but some people genuinely get offended when a gay person hits on them","okay so i totally get what you mean and i agree to a degree but, theres always been tiny stuff gay people add to their outfits so that other gay people know. its just nice seeing another person from your community, someone you can relate to. the only example i could think of rn in the moment are carabiners, or cuffed jeans were also big at some point but again i do get what you mean. wearing something obviously doesnt make you gay but some people genuinely get offended when a gay person hits on them",504,false,false,false,false,false,false,1,3,false,false,false,false,1,0.6931,en,en,true,false,1790159432,2026-09-23 10:30:32,2026-09-23 18:30:32,popcorngirlfriend,unknown_series,true,true,16,1,"[""tiktok_notyouraveragecrow1.jsonl""]"
7688823020207964958,7686339862995291422,7686678384260203294,we gotta really stopp basing our gender identity based on clothing mannn :),true,abgaymeer,EsemSolon,false,And that’s conforming to the norm and sterotypes ,and that’s conforming to the norm and sterotypes,and that’s conforming to the norm and sterotypes,and that’s conforming to the norm and sterotypes,48,false,false,false,false,false,false,1,3,false,false,false,false,1,0.6931,en,en,true,false,1790193660,2026-09-23 20:01:00,2026-09-24 04:01:00,popcorngirlfriend,unknown_series,true,true,16,1,"[""tiktok_notyouraveragecrow1.jsonl""]"
7689473945594708769,7686339862995291422,7686678384260203294,we gotta really stopp basing our gender identity based on clothing mannn :),true,flickthebean01_,🐝,false,no its not,no its not,no its not,no its not,10,false,false,false,false,false,false,1,3,false,false,false,false,1,0.6931,en,lv,false,false,1790345196,2026-09-25 14:06:36,2026-09-25 22:06:36,popcorngirlfriend,unknown_series,true,true,16,1,"[""tiktok_notyouraveragecrow1.jsonl""]"
7689634454872245006,7686339862995291422,7686666785765131030,or maybe we stop putting labels to clothing,true,orangutanmucus,Orangutanmucus69,false,Dressing masculine is one of the easiest things to accidentally do its j a regular shirt and baggy pants,dressing masculine is one of the easiest things to accidentally do its j a regular shirt and baggy pants,dressing masculine is one of the easiest things to accidentally do its j a regular shirt and baggy pants,dressing masculine is one of the easiest things to accidentally do its j a regular shirt and baggy pants,104,false,false,false,false,false,false,1,1,false,false,false,false,5,1.7918,en,en,true,false,1790382568,2026-09-26 00:29:28,2026-09-26 08:29:28,popcorngirlfriend,unknown_series,true,true,16,1,"[""tiktok_notyouraveragecrow1.jsonl""]"
7689989667245228830,7686339862995291422,,,false,_candyfire_,CandyFire,false,"""why do people think I'm a lesbian?"" then this be how I dress...im sorrryyy[Crying]","""why do people think i'm a lesbian?"" then this be how i dress...im sory[crying]","""why do people think i'm a lesbian?"" then this be how i dress...im sory[crying]","""why do people think i'm a lesbian?"" then this be how i dress...im sory[crying]",83,false,false,false,false,false,false,1,1,false,false,false,false,1,0.6931,en,en,true,false,1790465274,2026-09-26 23:27:54,2026-09-27 07:27:54,popcorngirlfriend,unknown_series,true,true,16,1,"[""tiktok_notyouraveragecrow1.jsonl""]"
7690038115147612942,7686339862995291422,,,false,em8land,_e l l i e_,false,I’m sorry but it’s comfy. And I have no issue being mistaken for a lesbian,i’m sorry but it’s comfy. and i have no issue being mistaken for a lesbian,i’m sorry but it’s comfy. and i have no issue being mistaken for a lesbian,i’m sorry but it’s comfy. and i have no issue being mistaken for a lesbian,74,false,false,false,false,false,false,1,1,false,false,false,false,4,1.6094,en,en,true,false,1790476584,2026-09-27 02:36:24,2026-09-27 10:36:24,popcorngirlfriend,unknown_series,true,true,16,1,"[""tiktok_notyouraveragecrow1.jsonl""]"
7690316169249719070,7686339862995291422,,,false,aishuadd,"Aishwarya, MD 🪷 dance & life",false,But it’s so comfy ,but it’s so comfy,but it’s so comfy,but it’s so comfy,17,false,false,false,false,false,false,1,1,false,false,false,false,0,0.0,en,en,true,false,1790541294,2026-09-27 20:34:54,2026-09-28 04:34:54,popcorngirlfriend,unknown_series,true,true,16,1,"[""tiktok_notyouraveragecrow1.jsonl""]"
7690332709377868574,7686339862995291422,7686594711293281038,No my lesbian look is my best look ,true,partyqhi,a l y a !,false,ofc the bts fan says this,ofc the bts fan says this,ofc the bts fan says this,ofc the bts fan says this,25,false,false,false,false,false,false,1,1,false,false,false,false,1,0.6931,en,en,true,false,1790545146,2026-09-27 21:39:06,2026-09-28 05:39:06,popcorngirlfriend,unknown_series,true,true,16,1,"[""tiktok_notyouraveragecrow1.jsonl""]"
7690374677239513887,7686339862995291422,,,false,kawaiikaabii,Chiko,false,if ur talking about dressing likemasc tomboys exist,if ur talking about dressing likemasc tomboys exist,if ur talking about dressing likemasc tomboys exist,if ur talking about dressing likemasc tomboys exist,51,false,false,false,false,false,false,1,1,false,false,false,false,1,0.6931,en,en,true,false,1790554910,2026-09-28 00:21:50,2026-09-28 08:21:50,popcorngirlfriend,unknown_series,true,true,16,1,"[""tiktok_notyouraveragecrow1.jsonl""]"
7690396500103742222,7686339862995291422,,,false,dorafromeddyr,Ddddoorrraaaa456,false,,,,,0,true,true,false,true,false,false,0,1,false,false,false,false,0,0.0,un,,,true,1790560026,2026-09-28 01:47:06,2026-09-28 09:47:06,popcorngirlfriend,unknown_series,true,true,16,1,"[""tiktok_notyouraveragecrow1.jsonl""]"
7690403677236380429,7686339862995291422,,,false,mwangetomlinson,Joyce Tomlinson UGC,false,Ah,ah,ah,ah,2,false,false,false,true,false,false,1,1,false,false,false,false,0,0.0,so,,,true,1790561667,2026-09-28 02:14:27,2026-09-28 10:14:27,popcorngirlfriend,unknown_series,true,true,16,1,"[""tiktok_notyouraveragecrow1.jsonl""]"
7690408022149530382,7686339862995291422,,,false,j3ssyj3ss,Jessica Paola,false,Sorry to break it to you love but it’s the fact that you are gorgeous! Absolutely nothing to do with what you are wearing,sorry to break it to you love but it’s the fact that you are gorgeous! absolutely nothing to do with what you are wearing,sorry to break it to you love but it’s the fact that you are gorgeous! absolutely nothing to do with what you are wearing,sorry to break it to you love but it’s the fact that you are gorgeous! absolutely nothing to do with what you are wearing,121,false,false,false,false,false,false,1,1,false,false,false,false,2,1.0986,en,en,true,false,1790562673,2026-09-28 02:31:13,2026-09-28 10:31:13,popcorngirlfriend,unknown_series,true,true,16,1,"[""tiktok_notyouraveragecrow1.jsonl""]"
7690418465911374605,7686339862995291422,,,false,deez_nuts_bounce_on_em,Ty🇸🇻,false,Chat im too insecure to wear anything else,chat im too insecure to wear anything else,chat im too insecure to wear anything else,chat im too insecure to wear anything else,42,false,false,false,false,false,false,1,1,false,false,false,false,0,0.0,en,en,true,false,1790565134,2026-09-28 03:12:14,2026-09-28 11:12:14,popcorngirlfriend,unknown_series,true,true,16,1,"[""tiktok_notyouraveragecrow1.jsonl""]"
7690526601872769810,7686339862995291422,,,false,sagittarius_theo,Sagittarius_Theo,false,I was dressing like lesbian ever since I was 12. It was called tomboy style not lesbian style,i was dressing like lesbian ever since i was 12. it was called tomboy style not lesbian style,i was dressing like lesbian ever since i was 12. it was called tomboy style not lesbian style,i was dressing like lesbian ever since i was 12. it was called tomboy style not lesbian style,93,false,false,false,false,false,false,1,1,false,false,false,false,5,1.7918,en,en,true,false,1790590274,2026-09-28 10:11:14,2026-09-28 18:11:14,popcorngirlfriend,unknown_series,true,true,16,1,"[""tiktok_notyouraveragecrow1.jsonl""]"
7690541649689363231,7686339862995291422,,,false,belinda_0076,Beli,false,What that mean?? we just dress comfortable,what that mean?? we just dress comfortable,what that mean?? we just dress comfortable,what that mean?? we just dress comfortable,42,false,false,false,false,false,false,1,1,false,false,false,false,5,1.7918,en,en,true,false,1790593849,2026-09-28 11:10:49,2026-09-28 19:10:49,popcorngirlfriend,unknown_series,true,true,16,1,"[""tiktok_notyouraveragecrow1.jsonl""]"
7690556455464223502,7686339862995291422,7690526601872769810,I was dressing like lesbian ever since I was 12. It was called tomboy style not lesbian style,true,mimi2sea,⋆｡˚꒰ঌ angel ໒꒱˚｡⋆,false,real,real,real,real,4,false,false,false,false,false,false,1,1,false,false,false,false,1,0.6931,en,ro,false,false,1790597291,2026-09-28 12:08:11,2026-09-28 20:08:11,popcorngirlfriend,unknown_series,true,true,16,1,"[""tiktok_notyouraveragecrow1.jsonl""]"
7690562862179386130,7686339862995291422,,,false,afazzaroonie,Amy,false,This is not it,this is not it,this is not it,this is not it,14,false,false,false,false,false,false,1,1,false,false,false,false,5,1.7918,en,en,true,false,1790598712,2026-09-28 12:31:52,2026-09-28 20:31:52,popcorngirlfriend,unknown_series,true,true,16,1,"[""tiktok_notyouraveragecrow1.jsonl""]"
7690565570932884246,7686339862995291422,7686476373439218462,But I’m a tomboy  idk how to dress “straight” ,true,venni.lilja,Venni,false,Maybe she doesnt wanna dress for men?,maybe she doesnt wanna dress for men?,maybe she doesnt wanna dress for men?,maybe she doesnt wanna dress for men?,37,false,false,false,false,false,false,1,2,false,false,false,false,1,0.6931,en,en,true,false,1790599376,2026-09-28 12:42:56,2026-09-28 20:42:56,popcorngirlfriend,unknown_series,true,true,16,1,"[""tiktok_notyouraveragecrow1.jsonl""]"
7690566071547790102,7686339862995291422,7686530243310355231,let people dress however they feel comfortable,true,venni.lilja,Venni,false,Clothes have nothing to do with your sexuality and people should be allowed to dress however they want to.,clothes have nothing to do with your sexuality and people should be allowed to dress however they want to.,clothes have nothing to do with your sexuality and people should be allowed to dress however they want to.,clothes have nothing to do with your sexuality and people should be allowed to dress however they want to.,106,false,false,false,false,false,false,1,2,false,false,false,false,0,0.0,en,en,true,false,1790599484,2026-09-28 12:44:44,2026-09-28 20:44:44,popcorngirlfriend,unknown_series,true,true,16,1,"[""tiktok_notyouraveragecrow1.jsonl""]"
7690570214660113159,7686339862995291422,,,false,h348y5,H3629J,false,,,,,0,true,true,false,true,false,false,0,1,false,false,false,false,0,0.0,un,,,true,1790600432,2026-09-28 13:00:32,2026-09-28 21:00:32,popcorngirlfriend,unknown_series,true,true,16,1,"[""tiktok_notyouraveragecrow1.jsonl""]"
7690573118359814942,7686339862995291422,,,false,_estefanyy_1,ACE,false,Is not my fault TT I just like dressing comfy ,is not my fault tt i just like dressing comfy,is not my fault tt i just like dressing comfy,is not my fault tt i just like dressing comfy,45,false,false,false,false,false,false,1,1,false,false,false,false,0,0.0,en,no,false,false,1790601131,2026-09-28 13:12:11,2026-09-28 21:12:11,popcorngirlfriend,unknown_series,true,true,16,1,"[""tiktok_notyouraveragecrow1.jsonl""]"
7690625508501095181,7686339862995291422,,,false,ameliiee042403,ameliee_isabel,false,Well coz u so gorgeous love!! ,well coz u so gorgeous love!!,well coz u so gorgeous love!!,well coz u so gorgeous love!!,29,false,false,false,false,false,false,1,1,false,false,false,false,0,0.0,en,en,true,false,1790613340,2026-09-28 16:35:40,2026-09-29 00:35:40,popcorngirlfriend,unknown_series,true,true,16,1,"[""tiktok_notyouraveragecrow1.jsonl""]"
7690648078983119624,7686339862995291422,,,false,sofirivasr,Sophiaa,false,Im sorry girl its more comfy,im sorry girl its more comfy,im sorry girl its more comfy,im sorry girl its more comfy,28,false,false,false,false,false,false,1,1,false,false,false,false,0,0.0,un,en,false,false,1790618556,2026-09-28 18:02:36,2026-09-29 02:02:36,popcorngirlfriend,unknown_series,true,true,16,1,"[""tiktok_notyouraveragecrow1.jsonl""]"
7690672096300516110,7686339862995291422,,,false,morgt1991,MOrgBorg,false,Straight woman are co-opting our culture,straight woman are co-opting our culture,straight woman are co-opting our culture,straight woman are co-opting our culture,40,false,false,false,false,false,false,1,1,false,false,false,false,1,0.6931,un,en,false,false,1790624155,2026-09-28 19:35:55,2026-09-29 03:35:55,popcorngirlfriend,unknown_series,true,true,16,1,"[""tiktok_notyouraveragecrow1.jsonl""]"
7690956706771321608,7686339862995291422,,,false,gldnbrclt,🗡️,false,"Yeah, nobody care about it","yeah, nobody care about it","yeah, nobody care about it","yeah, nobody care about it",26,false,false,false,false,false,false,1,1,false,false,false,false,0,0.0,en,en,true,false,1790690412,2026-09-29 14:00:12,2026-09-29 22:00:12,popcorngirlfriend,unknown_series,true,true,16,1,"[""tiktok_notyouraveragecrow1.jsonl""]"
7691017090696692483,7686339862995291422,,,false,karisolstad,Kari,false,I had no idea you could «dress as a lesbian»,i had no idea you could «dress as a lesbian»,i had no idea you could «dress as a lesbian»,i had no idea you could «dress as a lesbian»,44,false,false,false,false,false,false,1,1,false,false,false,false,0,0.0,en,en,true,false,1790704492,2026-09-29 17:54:52,2026-09-30 01:54:52,popcorngirlfriend,unknown_series,true,true,16,1,"[""tiktok_notyouraveragecrow1.jsonl""]"
7691017262137361183,7686339862995291422,,,false,dianagaffney409,dianagaffney409,false,didn't know lesbians had their own clothing line ,didn't know lesbians had their own clothing line,didn't know lesbians had their own clothing line,didn't know lesbians had their own clothing line,48,false,false,false,false,false,false,1,1,false,false,false,false,0,0.0,en,en,true,false,1790704570,2026-09-29 17:56:10,2026-09-30 01:56:10,popcorngirlfriend,unknown_series,true,true,16,1,"[""tiktok_notyouraveragecrow1.jsonl""]"
7691038500393599774,7686339862995291422,,,false,gh0st_t0wn007,vanvaren,false,"i wear males clothing ""looking gay"" so I don't get sexualized & hit on","i wear males clothing ""looking gay"" so i don't get sexualized & hit on","i wear males clothing ""looking gay"" so i don't get sexualized & hit on","i wear males clothing ""looking gay"" so i don't get sexualized & hit on",70,false,false,false,false,false,false,1,1,false,false,false,false,0,0.0,en,en,true,false,1790709488,2026-09-29 19:18:08,2026-09-30 03:18:08,popcorngirlfriend,unknown_series,true,true,16,1,"[""tiktok_notyouraveragecrow1.jsonl""]"
7691047940392518406,7686339862995291422,,,false,h2oreminder,Marianne,false,But wait. Over 40. We just wear what we want.,but wait. over 40. we just wear what we want.,but wait. over 40. we just wear what we want.,but wait. over 40. we just wear what we want.,45,false,false,false,false,false,false,1,1,false,false,false,false,0,0.0,en,en,true,false,1790711685,2026-09-29 19:54:45,2026-09-30 03:54:45,popcorngirlfriend,unknown_series,true,true,16,1,"[""tiktok_notyouraveragecrow1.jsonl""]"
7691063271001309960,7686339862995291422,,,false,wiki.almond,wiki almond,false,That’s because we don’t want them hitting on us..ifykyk,that’s because we don’t want them hitting on us..ifykyk,that’s because we don’t want them hitting on us..ifykyk,that’s because we don’t want them hitting on us..ifykyk,55,false,false,false,false,false,false,1,1,false,false,false,false,0,0.0,en,en,true,false,1790715238,2026-09-29 20:53:58,2026-09-30 04:53:58,popcorngirlfriend,unknown_series,true,true,16,1,"[""tiktok_notyouraveragecrow1.jsonl""]"
7691066129061561121,7686339862995291422,,,false,mal.aa90,Shamal,false,But dressing like a boy has always been the most comfy way of dressing,but dressing like a boy has always been the most comfy way of dressing,but dressing like a boy has always been the most comfy way of dressing,but dressing like a boy has always been the most comfy way of dressing,70,false,false,false,false,false,false,1,1,false,false,false,false,0,0.0,en,en,true,false,1790715890,2026-09-29 21:04:50,2026-09-30 05:04:50,popcorngirlfriend,unknown_series,true,true,16,1,"[""tiktok_notyouraveragecrow1.jsonl""]"
7691066998932374286,7686339862995291422,,,false,savethebees457,savethebees,false,To be fair men will hit on anyone,to be fair men will hit on anyone,to be fair men will hit on anyone,to be fair men will hit on anyone,33,false,false,false,false,false,false,1,1,false,false,false,false,0,0.0,en,en,true,false,1790716150,2026-09-29 21:09:10,2026-09-30 05:09:10,popcorngirlfriend,unknown_series,true,true,16,1,"[""tiktok_notyouraveragecrow1.jsonl""]"
7691072224392856328,7686339862995291422,,,false,derryade,derya,false,Now girls blame us too? i hate being alive,now girls blame us too? i hate being alive,now girls blame us too? i hate being alive,now girls blame us too? i hate being alive,42,false,false,false,false,false,false,1,1,false,false,false,false,0,0.0,en,en,true,false,1790717330,2026-09-29 21:28:50,2026-09-30 05:28:50,popcorngirlfriend,unknown_series,true,true,16,1,"[""tiktok_notyouraveragecrow1.jsonl""]"
7691072611275604768,7686339862995291422,,,false,linzi479,Linzi Unleashed ✨🏳️‍🌈,false,Men will hit on every girl they see. They don't care if you're gay. They're vile.,men will hit on every girl they see. they don't care if you're gay. they're vile.,men will hit on every girl they see. they don't care if you're gay. they're vile.,men will hit on every girl they see. they don't care if you're gay. they're vile.,81,false,false,false,false,false,false,1,1,false,false,false,false,0,0.0,en,en,true,false,1790717418,2026-09-29 21:30:18,2026-09-30 05:30:18,popcorngirlfriend,unknown_series,true,true,16,1,"[""tiktok_notyouraveragecrow1.jsonl""]"
7691072562075779854,7686339862995291422,,,false,gena.hayes5,Gena Hayes,false,Girl that’s not bc of us they jus like ts ,girl that’s not bc of us they jus like ts,girl that’s not bc of us they jus like ts,girl that’s not bc of us they jus like ts,41,false,false,false,false,false,false,1,1,false,false,false,false,0,0.0,en,en,true,false,1790717424,2026-09-29 21:30:24,2026-09-30 05:30:24,popcorngirlfriend,unknown_series,true,true,16,1,"[""tiktok_notyouraveragecrow1.jsonl""]"
7691075486474126100,7686339862995291422,,,false,dannitta385,Dany,false,Babe we don't wanna be straight anymore[Risa aprobada][Conmovedor],babe we don't wanna be straight anymore[risa aprobada][conmovedor],babe we don't wanna be straight anymore[risa aprobada][conmovedor],babe we don't wanna be straight anymore[risa aprobada][conmovedor],66,false,false,false,false,false,false,1,1,false,false,false,false,0,0.0,en,en,true,false,1790718080,2026-09-29 21:41:20,2026-09-30 05:41:20,popcorngirlfriend,unknown_series,true,true,16,1,"[""tiktok_notyouraveragecrow1.jsonl""]"
7691078887438713631,7686339862995291422,,,false,lyrae.arriola,Lyrae Arriola,false,,,,,0,true,true,false,true,false,false,0,1,false,false,false,false,0,0.0,un,,,true,1790718873,2026-09-29 21:54:33,2026-09-30 05:54:33,popcorngirlfriend,unknown_series,true,true,16,1,"[""tiktok_notyouraveragecrow1.jsonl""]"
7688424981596668705,7688423532987944224,,,false,fynni002,🤾‍♂️Fynn💯💣,false,erster,erster,erster,erster,6,false,false,false,false,false,false,1,1,false,false,false,false,3,1.3863,de,da,false,false,1790100958,2026-09-22 18:15:58,2026-09-23 02:15:58,popcornphilosoph,unknown_series,true,true,16,1,"[""tiktok_notyouraveragecrow1.jsonl""]"
7688425035513529120,7688423532987944224,,,false,aring1419,Äring,false,Ja Safe,ja safe,ja safe,ja safe,7,false,false,false,false,false,false,1,1,false,false,false,false,0,0.0,de,fi,false,false,1790100960,2026-09-22 18:16:00,2026-09-23 02:16:00,popcornphilosoph,unknown_series,true,true,16,1,"[""tiktok_notyouraveragecrow1.jsonl""]"
7688425207837606688,7688423532987944224,7688424981596668705,erster,true,joscha11,@humor.joscha,false,how to rob a bank,how to rob a bank,how to rob a bank,how to rob a bank,17,false,false,false,false,false,false,1,1,false,false,false,false,1,0.6931,en,so,false,false,1790101011,2026-09-22 18:16:51,2026-09-23 02:16:51,popcornphilosoph,unknown_series,true,true,16,1,"[""tiktok_notyouraveragecrow1.jsonl""]"
7688425542324585249,7688423532987944224,,,false,sabito_weakhero.robloxcc,Spidey JoJo,false,Peak,peak,peak,peak,4,false,false,false,false,false,false,1,1,false,false,false,false,3,1.3863,en,et,false,false,1790101089,2026-09-22 18:18:09,2026-09-23 02:18:09,popcornphilosoph,unknown_series,true,true,16,1,"[""tiktok_notyouraveragecrow1.jsonl""]"
7688425924878631713,7688423532987944224,,,false,.fischi7,OK,false,Ok,ok,ok,ok,2,false,false,false,true,false,false,1,1,false,false,false,false,0,0.0,en,,,true,1790101177,2026-09-22 18:19:37,2026-09-23 02:19:37,popcornphilosoph,unknown_series,true,true,16,1,"[""tiktok_notyouraveragecrow1.jsonl""]"
7688451040622428961,7688423532987944224,,,false,1441_187,redbull,false,Wann kommt der,wann kommt der,wann kommt der,wann kommt der,14,false,false,false,false,false,false,1,1,false,false,false,false,0,0.0,de,de,true,false,1790107019,2026-09-22 19:56:59,2026-09-23 03:56:59,popcornphilosoph,unknown_series,true,true,16,1,"[""tiktok_notyouraveragecrow1.jsonl""]"
7688452720054879009,7688423532987944224,,,false,tanhammer0,tanhammer0,false,Mega Film ich kanns kaum erwarten,mega film ich kanns kaum erwarten,mega film ich kanns kaum erwarten,mega film ich kanns kaum erwarten,33,false,false,false,false,false,false,1,1,false,false,false,false,2,1.0986,de,de,true,false,1790107406,2026-09-22 20:03:26,2026-09-23 04:03:26,popcornphilosoph,unknown_series,true,true,16,1,"[""tiktok_notyouraveragecrow1.jsonl""]"
7688564925715694369,7688423532987944224,,,false,winer12380,Oskar,false,wo kann mann den kucken,wo kann mann den kucken,wo kann mann den kucken,wo kann mann den kucken,23,false,false,false,false,false,false,1,1,false,false,false,false,3,1.3863,de,nl,false,false,1790133699,2026-09-23 03:21:39,2026-09-23 11:21:39,popcornphilosoph,unknown_series,true,true,16,1,"[""tiktok_notyouraveragecrow1.jsonl""]"
7688653875638125344,7688423532987944224,7688564925715694369,wo kann mann den kucken,true,kevw1904,kevo,false,gucken,gucken,gucken,gucken,6,false,false,false,false,false,false,1,1,false,false,false,false,0,0.0,de,de,true,false,1790154291,2026-09-23 09:04:51,2026-09-23 17:04:51,popcornphilosoph,unknown_series,true,true,16,1,"[""tiktok_notyouraveragecrow1.jsonl""]"
7688677485551010593,7688423532987944224,,,false,nga_sui,Jack,false,❤️❤️❤️,❤️❤️❤️,:red_heart::red_heart::red_heart:,:red_heart::red_heart::red_heart:,0,false,false,false,true,false,false,0,1,false,false,false,false,0,0.0,un,,,true,1790159767,2026-09-23 10:36:07,2026-09-23 18:36:07,popcornphilosoph,unknown_series,true,true,16,1,"[""tiktok_notyouraveragecrow1.jsonl""]"
7688690071424779030,7688423532987944224,,,false,de_italo_wo_du_bruchsch,De_Stolzi_zürcher&Italo,false,wie heisst der film,wie heisst der film,wie heisst der film,wie heisst der film,19,false,false,false,false,false,false,1,1,false,false,false,false,0,0.0,de,de,true,false,1790162712,2026-09-23 11:25:12,2026-09-23 19:25:12,popcornphilosoph,unknown_series,true,true,16,1,"[""tiktok_notyouraveragecrow1.jsonl""]"
7688721917197271841,7688423532987944224,7688690071424779030,wie heisst der film,true,19pixelgraphix91,Ick e,false,Dein ernst? Kannst du nich lesen ,dein ernst? kannst du nich lesen,dein ernst? kannst du nich lesen,dein ernst? kannst du nich lesen,32,false,false,false,false,false,false,1,1,false,false,false,false,1,0.6931,de,de,true,false,1790170101,2026-09-23 13:28:21,2026-09-23 21:28:21,popcornphilosoph,unknown_series,true,true,16,1,"[""tiktok_notyouraveragecrow1.jsonl""]"
7688741676076679968,7688423532987944224,7688452720054879009,Mega Film ich kanns kaum erwarten,true,mxurice24,mxurice24🦅,false,Woher willst du wissen das er Mega ist ? ,woher willst du wissen das er mega ist ?,woher willst du wissen das er mega ist ?,woher willst du wissen das er mega ist ?,40,false,false,false,false,false,false,1,1,false,false,false,false,0,0.0,de,de,true,false,1790174695,2026-09-23 14:44:55,2026-09-23 22:44:55,popcornphilosoph,unknown_series,true,true,16,1,"[""tiktok_notyouraveragecrow1.jsonl""]"
7689057722226836256,7688423532987944224,,,false,girl_jimin_95,Jimin's Girl Secret🤍,false,wie cool,wie cool,wie cool,wie cool,8,false,false,false,false,false,false,1,1,false,false,false,false,0,0.0,de,pl,false,false,1790248299,2026-09-24 11:11:39,2026-09-24 19:11:39,popcornphilosoph,unknown_series,true,true,16,1,"[""tiktok_notyouraveragecrow1.jsonl""]"
7689096732323742497,7688423532987944224,,,false,kiefermahlennachzahlen,KieferMahlenNachZahlen,false,12.november kommt der,12.november kommt der,12.november kommt der,12.november kommt der,21,false,false,false,false,false,false,1,1,false,false,false,false,2,1.0986,de,da,false,false,1790257367,2026-09-24 13:42:47,2026-09-24 21:42:47,popcornphilosoph,unknown_series,true,true,16,1,"[""tiktok_notyouraveragecrow1.jsonl""]"
7689041869162103559,7688977188082748690,,,false,19y817,เอิงที่ชอบคิตตี้🎀🩷,false,@ตัวเอง,@ตัวเอง,@ตัวเอง,@ตัวเอง,7,false,false,false,false,false,false,0,1,false,false,false,false,7,2.0794,th,th,true,false,1790244575,2026-09-24 10:09:35,2026-09-24 18:09:35,popcornhoney,unknown_series,true,true,16,1,"[""tiktok_notyouraveragecrow1.jsonl""]"
7689047993710723846,7688977188082748690,,,false,2kznyxpat,ก้บ๊องอะ,false,@Makhuyeiei,,,,11,false,true,false,false,false,false,0,1,true,false,false,false,1,0.6931,un,,,true,1790246017,2026-09-24 10:33:37,2026-09-24 18:33:37,popcornhoney,unknown_series,true,true,16,1,"[""tiktok_notyouraveragecrow1.jsonl""]"
7689091337463333652,7688977188082748690,,,false,idontwnbi,𝒦,false,@pmmm pmmmm,pm,pm,pm,11,false,false,false,false,false,false,1,1,true,false,false,false,1,0.6931,en,,,true,1790256096,2026-09-24 13:21:36,2026-09-24 21:21:36,popcornhoney,unknown_series,true,true,16,1,"[""tiktok_notyouraveragecrow1.jsonl""]"
7689094734966932242,7688977188082748690,,,false,pp.phetrung,𝒦,false,@ᡣ @น้องมุก @ @￴￴ ￴￴ @ingda @ @riceceer @잉다오 @แซนอ้วน ♡♡,@ᡣ @น้องมุก @ @￴￴ ￴￴ @ @잉다오 @แซนอ้วน ♡♡,@ᡣ @น้องมุก @ @￴￴ ￴￴ @ @잉다오 @แซนอ้วน ♡♡,@ᡣ @น้องมุก @ @￴￴ ￴￴ @ @잉다오 @แซนอ้วน ♡♡,56,false,false,false,false,false,false,0,1,true,false,false,false,6,1.9459,ko,th,false,false,1790256887,2026-09-24 13:34:47,2026-09-24 21:34:47,popcornhoney,unknown_series,true,true,16,1,"[""tiktok_notyouraveragecrow1.jsonl""]"
7689094898168185606,7688977188082748690,7689094734966932242,@ᡣ @น้องมุก @ @￴￴ ￴￴ @ingda @ @riceceer @잉다오 @แซนอ้วน ♡♡,true,tai3000159,ᡣ𐭩,false,☹️☹️,☹️☹️,:frowning_face::frowning_face:,:frowning_face::frowning_face:,0,false,false,false,true,false,false,0,1,false,false,false,false,1,0.6931,un,,,true,1790256925,2026-09-24 13:35:25,2026-09-24 21:35:25,popcornhoney,unknown_series,true,true,16,1,"[""tiktok_notyouraveragecrow1.jsonl""]"
7689101092361634568,7688977188082748690,,,false,kanokokoo,ปีศาจหมู,false,@น้องกึนอุนหัวใจทรงเอ,@น้องกึนอุนหัวใจทรงเอ,@น้องกึนอุนหัวใจทรงเอ,@น้องกึนอุนหัวใจทรงเอ,21,false,false,false,false,false,false,0,1,false,false,false,false,1,0.6931,un,th,false,false,1790258367,2026-09-24 13:59:27,2026-09-24 21:59:27,popcornhoney,unknown_series,true,true,16,1,"[""tiktok_notyouraveragecrow1.jsonl""]"
7689124597607105301,7688977188082748690,,,false,chaplueiei,ชะพลูไม่ชอบกินผักชี,false,@k.nxmingg,,,,10,false,true,false,false,false,false,0,1,true,false,false,false,1,0.6931,un,,,true,1790263843,2026-09-24 15:30:43,2026-09-24 23:30:43,popcornhoney,unknown_series,true,true,16,1,"[""tiktok_notyouraveragecrow1.jsonl""]"
7689126024227619585,7688977188082748690,,,false,bbxminn_,มอมิน,false,@ตัวเองงงง,@ตัวเองงงง,@ตัวเองงงง,@ตัวเองงงง,10,false,false,false,false,false,false,0,1,false,false,false,false,28,3.3673,th,th,true,false,1790264173,2026-09-24 15:36:13,2026-09-24 23:36:13,popcornhoney,unknown_series,true,true,16,1,"[""tiktok_notyouraveragecrow1.jsonl""]"
7689164356110500629,7688977188082748690,,,false,wanmaituarai_,wันใหm่,false,@อ้วนวะ ะ,@อ้วนวะ ะ,@อ้วนวะ ะ,@อ้วนวะ ะ,9,false,false,false,false,false,false,0,1,false,false,false,false,1,0.6931,un,th,false,false,1790273104,2026-09-24 18:05:04,2026-09-25 02:05:04,popcornhoney,unknown_series,true,true,16,1,"[""tiktok_notyouraveragecrow1.jsonl""]"
7689180799522816786,7688977188082748690,,,false,urqoii,q🪽,false,@มุกกี้ไม่ชอบกินมะเขือเทศ,@มุกกี้ไม่ชอบกินมะเขือเทศ,@มุกกี้ไม่ชอบกินมะเขือเทศ,@มุกกี้ไม่ชอบกินมะเขือเทศ,25,false,false,false,false,false,false,0,1,false,false,false,false,0,0.0,un,th,false,false,1790276935,2026-09-24 19:08:55,2026-09-25 03:08:55,popcornhoney,unknown_series,true,true,16,1,"[""tiktok_notyouraveragecrow1.jsonl""]"
7689218146960409365,7688977188082748690,,,false,qqwerycute,ℳ,false,,,,,0,true,true,false,true,false,false,0,1,false,false,false,false,0,0.0,un,,,true,1790285635,2026-09-24 21:33:55,2026-09-25 05:33:55,popcornhoney,unknown_series,true,true,16,1,"[""tiktok_notyouraveragecrow1.jsonl""]"
7689245925394711316,7688977188082748690,,,false,pplxythida,พาลาลอย,false,@N.,,,,3,false,true,false,false,false,false,0,1,true,false,false,false,1,0.6931,un,,,true,1790292107,2026-09-24 23:21:47,2026-09-25 07:21:47,popcornhoney,unknown_series,true,true,16,1,"[""tiktok_notyouraveragecrow1.jsonl""]"
7689255943049626369,7688977188082748690,,,false,thanyyat.13,เเมวเเคท ติดเกม🦋💖,false,@น้ามอุ่น,@น้ามอุ่น,@น้ามอุ่น,@น้ามอุ่น,9,false,false,false,false,false,false,0,1,false,false,false,false,0,0.0,un,th,false,false,1790294439,2026-09-25 00:00:39,2026-09-25 08:00:39,popcornhoney,unknown_series,true,true,16,1,"[""tiktok_notyouraveragecrow1.jsonl""]"
7689275881870082824,7688977188082748690,7689180799522816786,@มุกกี้ไม่ชอบกินมะเขือเทศ,true,mairumookkub,มุกกี้ไม่ชอบกินมะเขือเทศ🍅,false,,,,,0,true,true,false,true,false,false,0,1,false,false,false,false,0,0.0,un,,,true,1790299068,2026-09-25 01:17:48,2026-09-25 09:17:48,popcornhoney,unknown_series,true,true,16,1,"[""tiktok_notyouraveragecrow1.jsonl""]"
7689275924580352789,7688977188082748690,7689255943049626369,@น้ามอุ่น,true,n._.aoon17,น้ามอุ่น,false,รักเขา,รักเขา,รักเขา,รักเขา,6,false,false,false,false,false,false,0,1,false,false,false,false,0,0.0,th,th,true,false,1790299095,2026-09-25 01:18:15,2026-09-25 09:18:15,popcornhoney,unknown_series,true,true,16,1,"[""tiktok_notyouraveragecrow1.jsonl""]"
7689304778476323605,7688977188082748690,,,false,ayz.th,aeya,false,งานรั้งกู,งานรั้งกู,งานรั้งกู,งานรั้งกู,9,false,false,false,false,false,false,0,1,false,false,false,false,0,0.0,th,th,true,false,1790305796,2026-09-25 03:09:56,2026-09-25 11:09:56,popcornhoney,unknown_series,true,true,16,1,"[""tiktok_notyouraveragecrow1.jsonl""]"
7689337908390068999,7688977188082748690,,,false,immmee5,♡𝙯𝙞𝙣𝙮𝙖( ၴႅၴ🪽,false,,,,,0,true,true,false,true,false,false,0,1,false,false,false,false,0,0.0,un,,,true,1790313507,2026-09-25 05:18:27,2026-09-25 13:18:27,popcornhoney,unknown_series,true,true,16,1,"[""tiktok_notyouraveragecrow1.jsonl""]"
7689339069466542849,7688977188082748690,,,false,sydneyyynene,Sydneyyy,false,วันนี้จำไว้แล้วค่ะ,วันนี้จำไว้แล้วค่ะ,วันนี้จำไว้แล้วค่ะ,วันนี้จำไว้แล้วค่ะ,18,false,false,false,false,false,false,0,1,false,false,false,false,1,0.6931,th,th,true,false,1790313783,2026-09-25 05:23:03,2026-09-25 13:23:03,popcornhoney,unknown_series,true,true,16,1,"[""tiktok_notyouraveragecrow1.jsonl""]"
7689463935070143238,7688977188082748690,,,false,sxrz.q0,G,false,@ꪔ̤̱,@ꪔ̤̱,@ꪔ̤̱,@ꪔ̤̱,4,false,false,false,false,false,false,0,1,false,false,false,false,1,0.6931,un,,,true,1790342861,2026-09-25 13:27:41,2026-09-25 21:27:41,popcornhoney,unknown_series,true,true,16,1,"[""tiktok_notyouraveragecrow1.jsonl""]"
7689475479733224213,7688977188082748690,,,false,jaoun_wanan,⭐️,false,จริงมากกก,จริงมากกก,จริงมากกก,จริงมากกก,9,false,false,false,false,false,false,0,1,false,false,false,false,0,0.0,th,th,true,false,1790345537,2026-09-25 14:12:17,2026-09-25 22:12:17,popcornhoney,unknown_series,true,true,16,1,"[""tiktok_notyouraveragecrow1.jsonl""]"
7689482990808646421,7688977188082748690,,,false,velikazz_,$,false,@นุส,@นุส,@นุส,@นุส,4,false,false,false,false,false,false,0,1,false,false,false,false,0,0.0,un,th,false,false,1790347282,2026-09-25 14:41:22,2026-09-25 22:41:22,popcornhoney,unknown_series,true,true,16,1,"[""tiktok_notyouraveragecrow1.jsonl""]"
7689504421068669704,7688977188082748690,,,false,._03nnaes,อะไรก็ปาย😖,false,กูลดคุณค่าตัวเองไปแลเส กุยอมยันกราบตีนเขา,กูลดคุณค่าตัวเองไปแลเส กุยอมยันกราบตีนเขา,กูลดคุณค่าตัวเองไปแลเส กุยอมยันกราบตีนเขา,กูลดคุณค่าตัวเองไปแลเส กุยอมยันกราบตีนเขา,41,false,false,false,false,false,false,0,1,false,false,false,false,149,5.0106,th,th,true,false,1790352276,2026-09-25 16:04:36,2026-09-26 00:04:36,popcornhoney,unknown_series,true,true,16,1,"[""tiktok_notyouraveragecrow1.jsonl""]"
7689521388269257480,7688977188082748690,,,false,shew3y,น้,false,@กาตุน @หมวยมุก,@กาตุน @หมวยมุก,@กาตุน @หมวยมุก,@กาตุน @หมวยมุก,15,false,false,false,false,false,false,0,1,false,false,false,false,0,0.0,un,th,false,false,1790356223,2026-09-25 17:10:23,2026-09-26 01:10:23,popcornhoney,unknown_series,true,true,16,1,"[""tiktok_notyouraveragecrow1.jsonl""]"
7689527579010941697,7688977188082748690,,,false,phurada__,jump.,false,@กอ เกร ซ ซ,@กอ เกร ซ ซ,@กอ เกร ซ ซ,@กอ เกร ซ ซ,11,false,false,false,false,false,false,0,1,false,false,false,false,0,0.0,un,th,false,false,1790357662,2026-09-25 17:34:22,2026-09-26 01:34:22,popcornhoney,unknown_series,true,true,16,1,"[""tiktok_notyouraveragecrow1.jsonl""]"
7689554415104246546,7688977188082748690,,,false,nureye01,อย่ามั่วดิ้,false,@ش ,@ش,@ش,@ش,2,false,false,false,true,false,false,0,1,false,false,false,false,0,0.0,un,,,true,1790363924,2026-09-25 19:18:44,2026-09-26 03:18:44,popcornhoney,unknown_series,true,true,16,1,"[""tiktok_notyouraveragecrow1.jsonl""]"
7689588759666737927,7688977188082748690,,,false,user9122104481908,🐷,false,,,,,0,true,true,false,true,false,false,0,1,false,false,false,false,0,0.0,un,,,true,1790371918,2026-09-25 21:31:58,2026-09-26 05:31:58,popcornhoney,unknown_series,true,true,16,1,"[""tiktok_notyouraveragecrow1.jsonl""]"
7689630585149047560,7688977188082748690,,,false,naly.013,Nา ลี           🍅,false,ยืมลงสตรนะคะ,ยืมลงสตรนะคะ,ยืมลงสตรนะคะ,ยืมลงสตรนะคะ,12,false,false,false,false,false,false,0,1,false,false,false,false,0,0.0,th,th,true,false,1790381659,2026-09-26 00:14:19,2026-09-26 08:14:19,popcornhoney,unknown_series,true,true,16,1,"[""tiktok_notyouraveragecrow1.jsonl""]"
7689681072574284550,7688977188082748690,,,false,driftinblue1,ม,false,@peaceྀིྀིྀིྀིྀི,ྀིྀིྀིྀིྀི,ྀིྀིྀིྀིྀི,ྀིྀིྀིྀིྀི,16,false,false,false,false,false,false,0,1,true,false,false,false,1,0.6931,un,,,true,1790393419,2026-09-26 03:30:19,2026-09-26 11:30:19,popcornhoney,unknown_series,true,true,16,1,"[""tiktok_notyouraveragecrow1.jsonl""]"
7689694462909629192,7688977188082748690,,,false,mmaaeerrss,mm,false,เเละผู้ชายก็ไม่ใช่ที่รองรับอารมณ์,เเละผู้ชายก็ไม่ใช่ที่รองรับอารมณ์,เเละผู้ชายก็ไม่ใช่ที่รองรับอารมณ์,เเละผู้ชายก็ไม่ใช่ที่รองรับอารมณ์,33,false,false,false,false,false,false,0,1,false,false,false,false,46,3.8501,th,th,true,false,1790396524,2026-09-26 04:22:04,2026-09-26 12:22:04,popcornhoney,unknown_series,true,true,16,1,"[""tiktok_notyouraveragecrow1.jsonl""]"
7689709385778463495,7688977188082748690,,,false,nongaingrakksquishyy,🦭,false,@Jjjj,,,,5,false,true,false,false,false,false,0,1,true,false,false,false,0,0.0,un,,,true,1790400003,2026-09-26 05:20:03,2026-09-26 13:20:03,popcornhoney,unknown_series,true,true,16,1,"[""tiktok_notyouraveragecrow1.jsonl""]"
7689716268094358280,7688977188082748690,,,false,kuy_x93,ปู๊ดปิ๊ด,false,ขอโทษ ความรักบังตา,ขอโทษ ความรักบังตา,ขอโทษ ความรักบังตา,ขอโทษ ความรักบังตา,18,false,false,false,false,false,false,0,1,false,false,false,false,0,0.0,th,th,true,false,1790401603,2026-09-26 05:46:43,2026-09-26 13:46:43,popcornhoney,unknown_series,true,true,16,1,"[""tiktok_notyouraveragecrow1.jsonl""]"
7689719879512097556,7688977188082748690,,,false,punyapornphondaek,แก้มเบื่อ,false,@TT,,,,3,false,true,false,false,false,false,0,1,true,false,false,false,1,0.6931,un,,,true,1790402458,2026-09-26 06:00:58,2026-09-26 14:00:58,popcornhoney,unknown_series,true,true,16,1,"[""tiktok_notyouraveragecrow1.jsonl""]"
7689723403867390728,7688977188082748690,7689719879512097556,@TT,true,thirawan54,TT,false,,,,,0,true,true,false,true,false,false,0,1,false,false,false,false,0,0.0,un,,,true,1790403262,2026-09-26 06:14:22,2026-09-26 14:14:22,popcornhoney,unknown_series,true,true,16,1,"[""tiktok_notyouraveragecrow1.jsonl""]"
7689737495160947477,7688977188082748690,7689554415104246546,@ش ,true,sheereennnnnnn__,ش,false,มันน่าเส้า,มันน่าเส้า,มันน่าเส้า,มันน่าเส้า,10,false,false,false,false,false,false,0,1,false,false,false,false,0,0.0,th,th,true,false,1790406557,2026-09-26 07:09:17,2026-09-26 15:09:17,popcornhoney,unknown_series,true,true,16,1,"[""tiktok_notyouraveragecrow1.jsonl""]"
7689740862439703297,7688977188082748690,,,false,nathx_kp,Fence,false,ไม่ดูกลัวคิดได้,ไม่ดูกลัวคิดได้,ไม่ดูกลัวคิดได้,ไม่ดูกลัวคิดได้,15,false,false,false,false,false,false,0,1,false,false,false,false,1,0.6931,th,th,true,false,1790407342,2026-09-26 07:22:22,2026-09-26 15:22:22,popcornhoney,unknown_series,true,true,16,1,"[""tiktok_notyouraveragecrow1.jsonl""]"
7689783184729490183,7688977188082748690,,,false,t4xwanpp,^^,false,@ตัง,@ตัง,@ตัง,@ตัง,4,false,false,false,false,false,false,0,1,false,false,false,false,1,0.6931,un,th,false,false,1790417179,2026-09-26 10:06:19,2026-09-26 18:06:19,popcornhoney,unknown_series,true,true,16,1,"[""tiktok_notyouraveragecrow1.jsonl""]"
7689783319618454290,7688977188082748690,7689783184729490183,@ตัง,true,rroseaneu,ตัง,false,,,,,0,true,true,false,true,false,false,0,1,false,false,false,false,0,0.0,un,,,true,1790417220,2026-09-26 10:07:00,2026-09-26 18:07:00,popcornhoney,unknown_series,true,true,16,1,"[""tiktok_notyouraveragecrow1.jsonl""]"
7689786716807365396,7688977188082748690,,,false,aumaeung._,Araiwaaum,false,,,,,0,true,true,false,true,false,false,0,1,false,false,false,false,2,1.0986,un,,,true,1790418010,2026-09-26 10:20:10,2026-09-26 18:20:10,popcornhoney,unknown_series,true,true,16,1,"[""tiktok_notyouraveragecrow1.jsonl""]"
7689801972082754324,7688977188082748690,7689504421068669704,กูลดคุณค่าตัวเองไปแลเส กุยอมยันกราบตีนเขา,true,justch_n,Justch_n,false,คุณ!!!!!,คุณ!!!!!,คุณ!!!!!,คุณ!!!!!,8,false,false,false,false,false,false,0,1,false,false,false,false,0,0.0,th,th,true,false,1790421562,2026-09-26 11:19:22,2026-09-26 19:19:22,popcornhoney,unknown_series,true,true,16,1,"[""tiktok_notyouraveragecrow1.jsonl""]"
7689811953862886196,7688977188082748690,,,false,tlelykikieiei,tleisalwaysalone,false,เปลี่ยนเปนผช กุคิดว่าหนังคนละม้วน,เปลี่ยนเปนผช กุคิดว่าหนังคนละม้วน,เปลี่ยนเปนผช กุคิดว่าหนังคนละม้วน,เปลี่ยนเปนผช กุคิดว่าหนังคนละม้วน,33,false,false,false,false,false,false,0,1,false,false,false,false,0,0.0,th,th,true,false,1790423892,2026-09-26 11:58:12,2026-09-26 19:58:12,popcornhoney,unknown_series,true,true,16,1,"[""tiktok_notyouraveragecrow1.jsonl""]"
7689847102603985684,7688977188082748690,7689504421068669704,กูลดคุณค่าตัวเองไปแลเส กุยอมยันกราบตีนเขา,true,hey.fadaaa,: ฟาด้าเองงั้บ 🐰 ),false,หนูด้วยค่ะ,หนูด้วยค่ะ,หนูด้วยค่ะ,หนูด้วยค่ะ,10,false,false,false,false,false,false,0,1,false,false,false,false,0,0.0,th,th,true,false,1790432061,2026-09-26 14:14:21,2026-09-26 22:14:21,popcornhoney,unknown_series,true,true,16,1,"[""tiktok_notyouraveragecrow1.jsonl""]"
7689873749696725812,7688977188082748690,,,false,chanannat.10,เซมากุเตะ,false,อือ,อือ,อือ,อือ,3,false,false,false,false,false,false,0,1,false,false,false,false,0,0.0,th,,,true,1790438265,2026-09-26 15:57:45,2026-09-26 23:57:45,popcornhoney,unknown_series,true,true,16,1,"[""tiktok_notyouraveragecrow1.jsonl""]"
7689912336358343425,7688977188082748690,,,false,iuaneieii,อัยbิวตี้,false,@พอใจ,@พอใจ,@พอใจ,@พอใจ,5,false,false,false,false,false,false,0,1,false,false,false,false,1,0.6931,un,th,false,false,1790447249,2026-09-26 18:27:29,2026-09-27 02:27:29,popcornhoney,unknown_series,true,true,16,1,"[""tiktok_notyouraveragecrow1.jsonl""]"
7689952276384269074,7688977188082748690,,,false,uuaonicha67,orn,false,@T,,,,2,false,true,false,true,false,false,0,1,true,false,false,false,0,0.0,un,,,true,1790456562,2026-09-26 21:02:42,2026-09-27 05:02:42,popcornhoney,unknown_series,true,true,16,1,"[""tiktok_notyouraveragecrow1.jsonl""]"
7689971617007895316,7688977188082748690,,,false,aunchantk,aunchantk,false,@กอสอ,@กอสอ,@กอสอ,@กอสอ,5,false,false,false,false,false,false,0,1,false,false,false,false,0,0.0,un,th,false,false,1790461075,2026-09-26 22:17:55,2026-09-27 06:17:55,popcornhoney,unknown_series,true,true,16,1,"[""tiktok_notyouraveragecrow1.jsonl""]"
7689994394010911496,7688977188082748690,7689912336358343425,@พอใจ,true,__popoj4i,พอใจ,false,[น้ำตาคลอ],[น้ำตาคลอ],[น้ำตาคลอ],[น้ำตาคลอ],10,false,false,false,false,false,false,0,1,false,false,false,false,0,0.0,th,th,true,false,1790466365,2026-09-26 23:46:05,2026-09-27 07:46:05,popcornhoney,unknown_series,true,true,16,1,"[""tiktok_notyouraveragecrow1.jsonl""]"
7690039290509181703,7688977188082748690,,,false,dxew2001,PD,false,ครับแสดงว่าผู้ชายไม่มีคุณค่าอะไรเลยทั้งที่ทำไม่ต่างจากสิ่งที่ผู้หญิงทำ,ครับแสดงว่าผู้ชายไม่มีคุณค่าอะไรเลยทั้งที่ทำไม่ต่างจากสิ่งที่ผู้หญิงทำ,ครับแสดงว่าผู้ชายไม่มีคุณค่าอะไรเลยทั้งที่ทำไม่ต่างจากสิ่งที่ผู้หญิงทำ,ครับแสดงว่าผู้ชายไม่มีคุณค่าอะไรเลยทั้งที่ทำไม่ต่างจากสิ่งที่ผู้หญิงทำ,70,false,false,false,false,false,false,0,1,false,false,false,false,0,0.0,th,th,true,false,1790476816,2026-09-27 02:40:16,2026-09-27 10:40:16,popcornhoney,unknown_series,true,true,16,1,"[""tiktok_notyouraveragecrow1.jsonl""]"
7690071476763149108,7688977188082748690,,,false,pang_1711544,แป้งทอดกรอบ🍳,false,@na_24,,,,6,false,true,false,false,false,false,0,1,true,false,false,false,0,0.0,un,,,true,1790484308,2026-09-27 04:45:08,2026-09-27 12:45:08,popcornhoney,unknown_series,true,true,16,1,"[""tiktok_notyouraveragecrow1.jsonl""]"
7690138749577298708,7688977188082748690,7690071476763149108,@na_24,true,kunlayawatraksata,na_24,false,จริง,จริง,จริง,จริง,4,false,false,false,false,false,false,0,1,false,false,false,false,1,0.6931,th,th,true,false,1790499970,2026-09-27 09:06:10,2026-09-27 17:06:10,popcornhoney,unknown_series,true,true,16,1,"[""tiktok_notyouraveragecrow1.jsonl""]"
7690167070054744838,7688977188082748690,,,false,snopeet__,ѕɴᴏᴏᴡᴛʜɪᴘ,false,ชั้นรักตัวเองค่ะ,ชั้นรักตัวเองค่ะ,ชั้นรักตัวเองค่ะ,ชั้นรักตัวเองค่ะ,16,false,false,false,false,false,false,0,1,false,false,false,false,0,0.0,th,th,true,false,1790506576,2026-09-27 10:56:16,2026-09-27 18:56:16,popcornhoney,unknown_series,true,true,16,1,"[""tiktok_notyouraveragecrow1.jsonl""]"
7690197723383661333,7688977188082748690,7689504421068669704,กูลดคุณค่าตัวเองไปแลเส กุยอมยันกราบตีนเขา,true,peeya._.z,ตัวแสบแถบบเวียงสา,false,@@vip67 กุทำไปแล้ว,@ กุทำไปแล้ว,@ กุทำไปแล้ว,@ กุทำไปแล้ว,18,false,false,false,false,false,false,0,1,true,false,false,false,0,0.0,th,th,true,false,1790513701,2026-09-27 12:55:01,2026-09-27 20:55:01,popcornhoney,unknown_series,true,true,16,1,"[""tiktok_notyouraveragecrow1.jsonl""]"
7690199404482183957,7688977188082748690,,,false,noonoleetuwaema,✓,false,why my mom do this,why my mom do this,why my mom do this,why my mom do this,18,false,false,false,false,false,false,1,1,false,false,false,false,0,0.0,en,en,true,false,1790514093,2026-09-27 13:01:33,2026-09-27 21:01:33,popcornhoney,unknown_series,true,true,16,1,"[""tiktok_notyouraveragecrow1.jsonl""]"
7691247956264387346,7688977188082748690,,,false,p._.snt,P,false,ลดจนไม่เหลือค่ายังรั้งไม่อยู่,ลดจนไม่เหลือค่ายังรั้งไม่อยู่,ลดจนไม่เหลือค่ายังรั้งไม่อยู่,ลดจนไม่เหลือค่ายังรั้งไม่อยู่,29,false,false,false,false,false,false,0,1,false,false,false,false,0,0.0,th,th,true,false,1790758228,2026-09-30 08:50:28,2026-09-30 16:50:28,popcornhoney,unknown_series,true,true,16,1,"[""tiktok_notyouraveragecrow1.jsonl""]"
7691500809260565268,7688977188082748690,7689504421068669704,กูลดคุณค่าตัวเองไปแลเส กุยอมยันกราบตีนเขา,true,amnotkh,meaw2poko,false,ทั้งกราบทั้งไหว้,ทั้งกราบทั้งไหว้,ทั้งกราบทั้งไหว้,ทั้งกราบทั้งไหว้,16,false,false,false,false,false,false,0,1,false,false,false,false,0,0.0,th,th,true,false,1790817103,2026-10-01 01:11:43,2026-10-01 09:11:43,popcornhoney,unknown_series,true,true,16,1,"[""tiktok_notyouraveragecrow1.jsonl""]"
7691580668241838856,7688977188082748690,,,false,thenunterzx_,Thenunterzx,false,ลดแล้ว แต่ก็ออกมาล่ะเหนื่อย,ลดแล้ว แต่ก็ออกมาล่ะเหนื่อย,ลดแล้ว แต่ก็ออกมาล่ะเหนื่อย,ลดแล้ว แต่ก็ออกมาล่ะเหนื่อย,27,false,false,false,false,false,false,0,1,false,false,false,false,0,0.0,th,th,true,false,1790835694,2026-10-01 06:21:34,2026-10-01 14:21:34,popcornhoney,unknown_series,true,true,16,1,"[""tiktok_notyouraveragecrow1.jsonl""]"
7689475541820900117,7689445508900850975,,,false,nguyenngocbaothi2017,@ vịt con thích múa quạt 🐥🐥,false,"cô gái này là một thầy trừ tà quanh người cô ý độc là m.a
đi theo",cô gái này là một thầy trừ tà quanh người cô ý độc là m.a đi theo,cô gái này là một thầy trừ tà quanh người cô ý độc là m.a đi theo,cô gái này là một thầy trừ tà quanh người cô ý độc là m.a đi theo,65,false,false,false,false,false,false,1,1,false,false,false,false,8,2.1972,vi,vi,true,false,1790345669,2026-09-25 14:14:29,2026-09-25 22:14:29,popcornmood123,unknown_series,true,true,18,2,"[""tiktok_notyouraveragecrow2.jsonl"", ""tiktok_notyouraveragecrow3.jsonl""]"
7689479950050640641,7689445508900850975,,,false,nhung.pham373,ngân 🥀🇻🇳❤️,false,ma,ma,ma,ma,2,false,false,false,true,false,false,1,1,false,false,false,false,2,1.0986,sm,,,true,1790346574,2026-09-25 14:29:34,2026-09-25 22:29:34,popcornmood123,unknown_series,true,true,18,2,"[""tiktok_notyouraveragecrow2.jsonl"", ""tiktok_notyouraveragecrow3.jsonl""]"
7689484369257759540,7689445508900850975,,,false,hong.diu.linh60,𝓒𝓱𝓲𝓹 𝔁𝓰𝓪𝓲🎀,false,@Lê Xuân chiến:  xả xui xả xui  xả xui xả xui  xả xui  xả xui  xả xui xả xui,ê xuân chiến: xả xui xả xui xả xui xả xui xả xui xả xui xả xui xả xui,ê xuân chiến: xả xui xả xui xả xui xả xui xả xui xả xui xả xui xả xui,ê xuân chiến: xả xui xả xui xả xui xả xui xả xui xả xui xả xui xả xui,71,false,false,false,false,false,false,1,1,true,false,false,false,7,2.0794,vi,vi,true,false,1790347605,2026-09-25 14:46:45,2026-09-25 22:46:45,popcornmood123,unknown_series,true,true,18,2,"[""tiktok_notyouraveragecrow2.jsonl"", ""tiktok_notyouraveragecrow3.jsonl""]"
7689487081148597000,7689445508900850975,,,false,truongnguyetanh2k12,Toán nhạt nhẽo,false,xả xui cực mạnh ,xả xui cực mạnh,xả xui cực mạnh,xả xui cực mạnh,15,false,false,false,false,false,false,1,1,false,false,false,false,7,2.0794,vi,vi,true,false,1790348236,2026-09-25 14:57:16,2026-09-25 22:57:16,popcornmood123,unknown_series,true,true,18,2,"[""tiktok_notyouraveragecrow2.jsonl"", ""tiktok_notyouraveragecrow3.jsonl""]"
7689488680919368456,7689445508900850975,7689487081148597000,xả xui cực mạnh ,true,cgivtr137,why you not?,false,ké,ké,ké,ké,2,false,false,false,true,false,false,1,1,false,false,false,false,0,0.0,ig,,,true,1790348614,2026-09-25 15:03:34,2026-09-25 23:03:34,popcornmood123,unknown_series,true,true,18,2,"[""tiktok_notyouraveragecrow2.jsonl"", ""tiktok_notyouraveragecrow3.jsonl""]"
7689489363269485330,7689445508900850975,7689487081148597000,xả xui cực mạnh ,true,inhi569,inhi569,false,Ké,ké,ké,ké,2,false,false,false,true,false,false,1,1,false,false,false,false,0,0.0,ig,,,true,1790348769,2026-09-25 15:06:09,2026-09-25 23:06:09,popcornmood123,unknown_series,true,true,18,2,"[""tiktok_notyouraveragecrow2.jsonl"", ""tiktok_notyouraveragecrow3.jsonl""]"
7689489617146037012,7689445508900850975,,,false,echip_bienhoa,ᴇ ᴄʜɪᴘ ᴋʜᴜ̉ng ʙᴏ̂́ đᴏ̂̀ɴɢ ɴᴀɪ,false,bl bán rau à,bl bán rau à,bl bán rau à,bl bán rau à,12,false,false,false,false,false,false,1,1,false,false,false,false,5,1.7918,vi,cy,false,false,1790348962,2026-09-25 15:09:22,2026-09-25 23:09:22,popcornmood123,unknown_series,true,true,18,2,"[""tiktok_notyouraveragecrow2.jsonl"", ""tiktok_notyouraveragecrow3.jsonl""]"
7689491510597501717,7689445508900850975,7689487081148597000,xả xui cực mạnh ,true,6a1.th.nht,Diệp Cheese 🧀,false,Ké,ké,ké,ké,2,false,false,false,true,false,false,1,1,false,false,false,false,0,0.0,ig,,,true,1790349267,2026-09-25 15:14:27,2026-09-25 23:14:27,popcornmood123,unknown_series,true,true,18,2,"[""tiktok_notyouraveragecrow2.jsonl"", ""tiktok_notyouraveragecrow3.jsonl""]"
7689491662889255687,7689445508900850975,,,false,coolkidd12_vn,ベトナムが大好き,false,xả xui cho gđ và bản thân,xả xui cho gđ và bản thân,xả xui cho gđ và bản thân,xả xui cho gđ và bản thân,25,false,false,false,false,false,false,1,2,false,false,false,false,7,2.0794,vi,vi,true,false,1790349308,2026-09-25 15:15:08,2026-09-25 23:15:08,popcornmood123,unknown_series,true,true,18,2,"[""tiktok_notyouraveragecrow2.jsonl"", ""tiktok_notyouraveragecrow3.jsonl""]"
7689494965638349588,7689445508900850975,7689487081148597000,xả xui cực mạnh ,true,lan.xinhgai65,táo 🍎,false,ké,ké,ké,ké,2,false,false,false,true,false,false,1,1,false,false,false,false,0,0.0,ig,,,true,1790350073,2026-09-25 15:27:53,2026-09-25 23:27:53,popcornmood123,unknown_series,true,true,18,2,"[""tiktok_notyouraveragecrow2.jsonl"", ""tiktok_notyouraveragecrow3.jsonl""]"
7689509485573145365,7689445508900850975,7689487081148597000,xả xui cực mạnh ,true,hn.hn4678,Gấu bon xinh gái🌸💝👍,false,Ké ạ,ké ạ,ké ạ,ké ạ,4,false,false,false,false,false,false,1,1,false,false,false,false,0,0.0,vi,cs,false,false,1790353458,2026-09-25 16:24:18,2026-09-26 00:24:18,popcornmood123,unknown_series,true,true,18,2,"[""tiktok_notyouraveragecrow2.jsonl"", ""tiktok_notyouraveragecrow3.jsonl""]"
7689516876586255122,7689445508900850975,7689487081148597000,xả xui cực mạnh ,true,tuongvy19873,🐬 tường Vy 🐬,false,ké,ké,ké,ké,2,false,false,false,true,false,false,1,1,false,false,false,false,0,0.0,ig,,,true,1790355172,2026-09-25 16:52:52,2026-09-26 00:52:52,popcornmood123,unknown_series,true,true,18,2,"[""tiktok_notyouraveragecrow2.jsonl"", ""tiktok_notyouraveragecrow3.jsonl""]"
7689530937944589077,7689445508900850975,,,false,tindnghong91,Yoyo free fire,false,bạn mở cửa rồi sau đó dán bùa ở trước cửa rồi sau đó đóng cửa lại nha nhớ là đến 10 giờ mấy cái trước cửa nhớ lại ở trên đầu của xe,bạn mở cửa rồi sau đó dán bùa ở trước cửa rồi sau đó đóng cửa lại nha nhớ là đến 10 giờ mấy cái trước cửa nhớ lại ở trên đầu của xe,bạn mở cửa rồi sau đó dán bùa ở trước cửa rồi sau đó đóng cửa lại nha nhớ là đến 10 giờ mấy cái trước cửa nhớ lại ở trên đầu của xe,bạn mở cửa rồi sau đó dán bùa ở trước cửa rồi sau đó đóng cửa lại nha nhớ là đến 10 giờ mấy cái trước cửa nhớ lại ở trên đầu của xe,131,false,false,false,false,false,false,1,1,false,false,false,false,5,1.7918,vi,vi,true,false,1790358455,2026-09-25 17:47:35,2026-09-26 01:47:35,popcornmood123,unknown_series,true,true,18,2,"[""tiktok_notyouraveragecrow2.jsonl"", ""tiktok_notyouraveragecrow3.jsonl""]"
7689539556571595540,7689445508900850975,,,false,emnhocau2003,Phan Trọng Dương 🌻🌻,false,xả xui cực mạnh ,xả xui cực mạnh,xả xui cực mạnh,xả xui cực mạnh,15,false,false,false,false,false,false,1,1,false,false,false,false,2,1.0986,vi,vi,true,false,1790360457,2026-09-25 18:20:57,2026-09-26 02:20:57,popcornmood123,unknown_series,true,true,18,2,"[""tiktok_notyouraveragecrow2.jsonl"", ""tiktok_notyouraveragecrow3.jsonl""]"
7689550313213231890,7689445508900850975,7689487081148597000,xả xui cực mạnh ,true,bachkinhdinh2,Anh Thư,false,ké,ké,ké,ké,2,false,false,false,true,false,false,1,1,false,false,false,false,0,0.0,ig,,,true,1790362963,2026-09-25 19:02:43,2026-09-26 03:02:43,popcornmood123,unknown_series,true,true,18,2,"[""tiktok_notyouraveragecrow2.jsonl"", ""tiktok_notyouraveragecrow3.jsonl""]"
7689604645543691029,7689445508900850975,7689487081148597000,xả xui cực mạnh ,true,ha.ctee12,meo kawaii ~,false,ké,ké,ké,ké,2,false,false,false,true,false,false,1,1,false,false,false,false,0,0.0,ig,,,true,1790375628,2026-09-25 22:33:48,2026-09-26 06:33:48,popcornmood123,unknown_series,true,true,18,2,"[""tiktok_notyouraveragecrow2.jsonl"", ""tiktok_notyouraveragecrow3.jsonl""]"
7689614320988324615,7689445508900850975,7689487081148597000,xả xui cực mạnh ,true,ntraan2014,Nha Tran~~,false,ké,ké,ké,ké,2,false,false,false,true,false,false,1,1,false,false,false,false,0,0.0,ig,,,true,1790377867,2026-09-25 23:11:07,2026-09-26 07:11:07,popcornmood123,unknown_series,true,true,18,2,"[""tiktok_notyouraveragecrow2.jsonl"", ""tiktok_notyouraveragecrow3.jsonl""]"
7689627201767883538,7689445508900850975,,,false,hphucc360,𝐇. 𝐩𝐡𝐮𝐜𝐜🔰,false,đi hái rau nha các bn,đi hái rau nha các bn,đi hái rau nha các bn,đi hái rau nha các bn,21,false,false,false,false,false,false,1,1,false,false,false,false,1043,6.9508,vi,vi,true,false,1790380875,2026-09-26 00:01:15,2026-09-26 08:01:15,popcornmood123,unknown_series,true,true,18,2,"[""tiktok_notyouraveragecrow2.jsonl"", ""tiktok_notyouraveragecrow3.jsonl""]"
7689641611215618822,7689445508900850975,,,false,trieuvyy014,tv.,false,xả xui cho gia đình và bản thân,xả xui cho gia đình và bản thân,xả xui cho gia đình và bản thân,xả xui cho gia đình và bản thân,31,false,false,false,false,false,false,1,1,false,false,false,false,5,1.7918,vi,vi,true,false,1790384227,2026-09-26 00:57:07,2026-09-26 08:57:07,popcornmood123,unknown_series,true,true,18,2,"[""tiktok_notyouraveragecrow2.jsonl"", ""tiktok_notyouraveragecrow3.jsonl""]"
7689642595995108117,7689445508900850975,7689641611215618822,xả xui cho gia đình và bản thân,true,iemtruc07,6/3 melody~,false,ké,ké,ké,ké,2,false,false,false,true,false,false,1,1,false,false,false,false,0,0.0,ig,,,true,1790384455,2026-09-26 01:00:55,2026-09-26 09:00:55,popcornmood123,unknown_series,true,true,18,2,"[""tiktok_notyouraveragecrow2.jsonl"", ""tiktok_notyouraveragecrow3.jsonl""]"
7689643094098428692,7689445508900850975,7689641611215618822,xả xui cho gia đình và bản thân,true,user_trucvyy0,Vy i cư i cư~🥵,false,ké,ké,ké,ké,2,false,false,false,true,false,false,1,1,false,false,false,false,0,0.0,ig,,,true,1790384574,2026-09-26 01:02:54,2026-09-26 09:02:54,popcornmood123,unknown_series,true,true,18,2,"[""tiktok_notyouraveragecrow2.jsonl"", ""tiktok_notyouraveragecrow3.jsonl""]"
7689643675308000007,7689445508900850975,7689641611215618822,xả xui cho gia đình và bản thân,true,nghahiu6,bình yên 1234,false,ké ,ké,ké,ké,2,false,false,false,true,false,false,1,1,false,false,false,false,0,0.0,ig,,,true,1790384705,2026-09-26 01:05:05,2026-09-26 09:05:05,popcornmood123,unknown_series,true,true,18,2,"[""tiktok_notyouraveragecrow2.jsonl"", ""tiktok_notyouraveragecrow3.jsonl""]"
7689644643578970900,7689445508900850975,7689641611215618822,xả xui cho gia đình và bản thân,true,chm.hi0721,NNLA,false,ké,ké,ké,ké,2,false,false,false,true,false,false,1,1,false,false,false,false,0,0.0,ig,,,true,1790384937,2026-09-26 01:08:57,2026-09-26 09:08:57,popcornmood123,unknown_series,true,true,18,2,"[""tiktok_notyouraveragecrow2.jsonl"", ""tiktok_notyouraveragecrow3.jsonl""]"
7689644794721878791,7689445508900850975,7689627201767883538,đi hái rau nha các bn,true,babyso241,đc mẹ mua card cortis 💅,false,"oki,","oki,","oki,","oki,",4,false,false,false,false,false,false,1,1,false,false,false,false,0,0.0,ja,sl,false,false,1790384978,2026-09-26 01:09:38,2026-09-26 09:09:38,popcornmood123,unknown_series,true,true,18,2,"[""tiktok_notyouraveragecrow2.jsonl"", ""tiktok_notyouraveragecrow3.jsonl""]"
7689644834113897237,7689445508900850975,7689641611215618822,xả xui cho gia đình và bản thân,true,phong.nguyn764,Phong Nguyễn,false,ké,ké,ké,ké,2,false,false,false,true,false,false,1,1,false,false,false,false,0,0.0,ig,,,true,1790384978,2026-09-26 01:09:38,2026-09-26 09:09:38,popcornmood123,unknown_series,true,true,18,2,"[""tiktok_notyouraveragecrow2.jsonl"", ""tiktok_notyouraveragecrow3.jsonl""]"
7689647125101347604,7689445508900850975,,,false,nguyn.vn.v2220,️CáMậpTậpBơi!,false,xả xui cực mạnh cho bản thân và gia đình ,xả xui cực mạnh cho bản thân và gia đình,xả xui cực mạnh cho bản thân và gia đình,xả xui cực mạnh cho bản thân và gia đình,40,false,false,false,false,false,false,1,1,false,false,false,false,4,1.6094,vi,vi,true,false,1790385509,2026-09-26 01:18:29,2026-09-26 09:18:29,popcornmood123,unknown_series,true,true,18,2,"[""tiktok_notyouraveragecrow2.jsonl"", ""tiktok_notyouraveragecrow3.jsonl""]"
7689647230639620884,7689445508900850975,7689627201767883538,đi hái rau nha các bn,true,voanhdayanhodau,ok,false,tớ hái đc một mớ r,tớ hái đc một mớ r,tớ hái đc một mớ r,tớ hái đc một mớ r,18,false,false,false,false,false,false,1,1,false,false,false,false,3,1.3863,vi,vi,true,false,1790385547,2026-09-26 01:19:07,2026-09-26 09:19:07,popcornmood123,unknown_series,true,true,18,2,"[""tiktok_notyouraveragecrow2.jsonl"", ""tiktok_notyouraveragecrow3.jsonl""]"
7689648589971161874,7689445508900850975,,,false,diem_my056,DiemMy<3,false,xả xui cho bản thân và gia đình cực mạnh,xả xui cho bản thân và gia đình cực mạnh,xả xui cho bản thân và gia đình cực mạnh,xả xui cho bản thân và gia đình cực mạnh,40,false,false,false,false,false,false,1,1,false,false,false,false,3,1.3863,vi,vi,true,false,1790385853,2026-09-26 01:24:13,2026-09-26 09:24:13,popcornmood123,unknown_series,true,true,18,2,"[""tiktok_notyouraveragecrow2.jsonl"", ""tiktok_notyouraveragecrow3.jsonl""]"
7689650021138481927,7689445508900850975,7689641611215618822,xả xui cho gia đình và bản thân,true,nam.m.a.di.pht40441,lớp 5B ' bá sàn,false,ké,ké,ké,ké,2,false,false,false,true,false,false,1,1,false,false,false,false,0,0.0,ig,,,true,1790386185,2026-09-26 01:29:45,2026-09-26 09:29:45,popcornmood123,unknown_series,true,true,18,2,"[""tiktok_notyouraveragecrow2.jsonl"", ""tiktok_notyouraveragecrow3.jsonl""]"
7689651474263147282,7689445508900850975,,,false,diuphmthanh,Nói chậm và rất duyên,false,bình luận bán rau hả,bình luận bán rau hả,bình luận bán rau hả,bình luận bán rau hả,20,false,false,false,false,false,false,1,1,false,false,false,false,0,0.0,vi,vi,true,false,1790386523,2026-09-26 01:35:23,2026-09-26 09:35:23,popcornmood123,unknown_series,true,true,18,2,"[""tiktok_notyouraveragecrow2.jsonl"", ""tiktok_notyouraveragecrow3.jsonl""]"
7689652460893586194,7689445508900850975,7689627201767883538,đi hái rau nha các bn,true,thao_212.2,ng binh thuong,false,nãy tao đái trong trỏng á,nãy tao đái trong trỏng á,nãy tao đái trong trỏng á,nãy tao đái trong trỏng á,25,false,false,false,false,false,false,1,1,false,false,false,false,1,0.6931,vi,vi,true,false,1790386747,2026-09-26 01:39:07,2026-09-26 09:39:07,popcornmood123,unknown_series,true,true,18,2,"[""tiktok_notyouraveragecrow2.jsonl"", ""tiktok_notyouraveragecrow3.jsonl""]"
7689652668859564806,7689445508900850975,,,false,my_xinh94,my xinh,false,maaaaaaaaaaaaa,ma,ma,ma,14,false,false,false,false,false,false,1,1,false,false,false,false,0,0.0,pt,,,true,1790386798,2026-09-26 01:39:58,2026-09-26 09:39:58,popcornmood123,unknown_series,true,true,18,2,"[""tiktok_notyouraveragecrow2.jsonl"", ""tiktok_notyouraveragecrow3.jsonl""]"
7689660529074651925,7689445508900850975,,,false,t.vy3935,😇😇😇,false,xả xui cực mạnh cho bản thân và gia đình                                                                                                                                                                                                                        ,xả xui cực mạnh cho bản thân và gia đình,xả xui cực mạnh cho bản thân và gia đình,xả xui cực mạnh cho bản thân và gia đình,40,false,false,false,false,false,false,1,1,false,false,false,false,43,3.7842,vi,vi,true,false,1790388637,2026-09-26 02:10:37,2026-09-26 10:10:37,popcornmood123,unknown_series,true,true,18,2,"[""tiktok_notyouraveragecrow2.jsonl"", ""tiktok_notyouraveragecrow3.jsonl""]"
7689662908523381522,7689445508900850975,,,false,tjyjf,Capythuw✿,false,xả xui cho bản thân và gia đình ,xả xui cho bản thân và gia đình,xả xui cho bản thân và gia đình,xả xui cho bản thân và gia đình,31,false,false,false,false,false,false,1,1,false,false,false,false,8,2.1972,vi,vi,true,false,1790389182,2026-09-26 02:19:42,2026-09-26 10:19:42,popcornmood123,unknown_series,true,true,18,2,"[""tiktok_notyouraveragecrow2.jsonl"", ""tiktok_notyouraveragecrow3.jsonl""]"
7689663328565887764,7689445508900850975,,,false,chivtk48,K.chi🍄,false,là s v,là s v,là s v,là s v,6,false,false,false,false,false,false,1,1,false,false,false,false,0,0.0,vi,vi,true,false,1790389280,2026-09-26 02:21:20,2026-09-26 10:21:20,popcornmood123,unknown_series,true,true,18,2,"[""tiktok_notyouraveragecrow2.jsonl"", ""tiktok_notyouraveragecrow3.jsonl""]"
7689666375347340040,7689445508900850975,7689662908523381522,xả xui cho bản thân và gia đình ,true,sinny_yew_angel,『Angel』Sinny 🌷,false,ké ạ,ké ạ,ké ạ,ké ạ,4,false,false,false,false,false,false,1,1,false,false,false,false,0,0.0,vi,cs,false,false,1790389992,2026-09-26 02:33:12,2026-09-26 10:33:12,popcornmood123,unknown_series,true,true,18,2,"[""tiktok_notyouraveragecrow2.jsonl"", ""tiktok_notyouraveragecrow3.jsonl""]"
7689666624035865364,7689445508900850975,,,false,meowne366,🥳,false,trời ơi người ta đi đường bên kia chứ không phải bạn nghĩ đâu,trời ơi người ta đi đường bên kia chứ không phải bạn nghĩ đâu,trời ơi người ta đi đường bên kia chứ không phải bạn nghĩ đâu,trời ơi người ta đi đường bên kia chứ không phải bạn nghĩ đâu,61,false,false,false,false,false,false,1,1,false,false,false,false,255,5.5452,vi,vi,true,false,1790390061,2026-09-26 02:34:21,2026-09-26 10:34:21,popcornmood123,unknown_series,true,true,18,2,"[""tiktok_notyouraveragecrow2.jsonl"", ""tiktok_notyouraveragecrow3.jsonl""]"
7689668303568225045,7689445508900850975,7689662908523381522,xả xui cho bản thân và gia đình ,true,emiuuuiuu5,Acc phụ của người đẹp 😗,false,Ke,ke,ke,ke,2,false,false,false,true,false,false,1,1,false,false,false,false,0,0.0,hi,,,true,1790390436,2026-09-26 02:40:36,2026-09-26 10:40:36,popcornmood123,unknown_series,true,true,18,2,"[""tiktok_notyouraveragecrow2.jsonl"", ""tiktok_notyouraveragecrow3.jsonl""]"
7689669995304207110,7689445508900850975,7689662908523381522,xả xui cho bản thân và gia đình ,true,babyshark300,☃️⚡,false,ké ạ ,ké ạ,ké ạ,ké ạ,4,false,false,false,false,false,false,1,1,false,false,false,false,0,0.0,vi,cs,false,false,1790390857,2026-09-26 02:47:37,2026-09-26 10:47:37,popcornmood123,unknown_series,true,true,18,2,"[""tiktok_notyouraveragecrow2.jsonl"", ""tiktok_notyouraveragecrow3.jsonl""]"
7689670299424244500,7689445508900850975,7689662908523381522,xả xui cho bản thân và gia đình ,true,chou21095,Châu bá khí,false,Ké ạ,ké ạ,ké ạ,ké ạ,4,false,false,false,false,false,false,1,1,false,false,false,false,0,0.0,vi,cs,false,false,1790390903,2026-09-26 02:48:23,2026-09-26 10:48:23,popcornmood123,unknown_series,true,true,18,2,"[""tiktok_notyouraveragecrow2.jsonl"", ""tiktok_notyouraveragecrow3.jsonl""]"
7689670275994960660,7689445508900850975,7689662908523381522,xả xui cho bản thân và gia đình ,true,hongngan_152,H.Ngân౨ৎ🧸🎀,false,ké,ké,ké,ké,2,false,false,false,true,false,false,1,1,false,false,false,false,0,0.0,ig,,,true,1790390911,2026-09-26 02:48:31,2026-09-26 10:48:31,popcornmood123,unknown_series,true,true,18,2,"[""tiktok_notyouraveragecrow2.jsonl"", ""tiktok_notyouraveragecrow3.jsonl""]"
7689671163618542343,7689445508900850975,,,false,nha.ky290,thỏ ăn cỏ,false,ủa chợ bán rau hả mn,ủa chợ bán rau hả mn,ủa chợ bán rau hả mn,ủa chợ bán rau hả mn,20,false,false,false,false,false,false,1,1,false,false,false,false,1,0.6931,vi,vi,true,false,1790391107,2026-09-26 02:51:47,2026-09-26 10:51:47,popcornmood123,unknown_series,true,true,18,2,"[""tiktok_notyouraveragecrow2.jsonl"", ""tiktok_notyouraveragecrow3.jsonl""]"
7689671284209091349,7689445508900850975,,,false,mtuan600,TRAI HỌ LƯỜNG,false,nó không hẳn là người ,nó không hẳn là người,nó không hẳn là người,nó không hẳn là người,21,false,false,false,false,false,false,1,1,false,false,false,false,0,0.0,un,vi,false,false,1790391137,2026-09-26 02:52:17,2026-09-26 10:52:17,popcornmood123,unknown_series,true,true,18,2,"[""tiktok_notyouraveragecrow2.jsonl"", ""tiktok_notyouraveragecrow3.jsonl""]"
7689671255356637958,7689445508900850975,7689662908523381522,xả xui cho bản thân và gia đình ,true,eniu_0008,ko có gì😶‍🌫️,false,ké,ké,ké,ké,2,false,false,false,true,false,false,1,1,false,false,false,false,0,0.0,ig,,,true,1790391155,2026-09-26 02:52:35,2026-09-26 10:52:35,popcornmood123,unknown_series,true,true,18,2,"[""tiktok_notyouraveragecrow2.jsonl"", ""tiktok_notyouraveragecrow3.jsonl""]"
7689672002462401301,7689445508900850975,7689627201767883538,đi hái rau nha các bn,true,zangcte01,ân melody~,false,Ui cho mik 1 ít để cho vô mì cay ăn,ui cho mik 1 ít để cho vô mì cay ăn,ui cho mik 1 ít để cho vô mì cay ăn,ui cho mik 1 ít để cho vô mì cay ăn,35,false,false,false,false,false,false,1,1,false,false,false,false,8,2.1972,vi,vi,true,false,1790391296,2026-09-26 02:54:56,2026-09-26 10:54:56,popcornmood123,unknown_series,true,true,18,2,"[""tiktok_notyouraveragecrow2.jsonl"", ""tiktok_notyouraveragecrow3.jsonl""]"
7689672749443515143,7689445508900850975,,,false,huy123._8,huy_ff,false,xả xui cho gia đình cực mạnh ,xả xui cho gia đình cực mạnh,xả xui cho gia đình cực mạnh,xả xui cho gia đình cực mạnh,28,false,false,false,false,false,false,1,1,false,false,false,false,5,1.7918,vi,vi,true,false,1790391478,2026-09-26 02:57:58,2026-09-26 10:57:58,popcornmood123,unknown_series,true,true,18,2,"[""tiktok_notyouraveragecrow2.jsonl"", ""tiktok_notyouraveragecrow3.jsonl""]"
7689673606288147221,7689445508900850975,7689666624035865364,trời ơi người ta đi đường bên kia chứ không phải bạn nghĩ đâu,true,nganaj04,fang,false,nhma có ai đâu,nhma có ai đâu,nhma có ai đâu,nhma có ai đâu,14,false,false,false,false,false,false,1,1,false,false,false,false,10,2.3979,vi,vi,true,false,1790391670,2026-09-26 03:01:10,2026-09-26 11:01:10,popcornmood123,unknown_series,true,true,18,2,"[""tiktok_notyouraveragecrow2.jsonl"", ""tiktok_notyouraveragecrow3.jsonl""]"
7689674263025206034,7689445508900850975,7689662908523381522,xả xui cho bản thân và gia đình ,true,thanhhactenhatvutru,iem BONᴥ︎🤘🏻,false,ke,ke,ke,ke,2,false,false,false,true,false,false,1,1,false,false,false,false,0,0.0,hi,,,true,1790391825,2026-09-26 03:03:45,2026-09-26 11:03:45,popcornmood123,unknown_series,true,true,18,2,"[""tiktok_notyouraveragecrow2.jsonl"", ""tiktok_notyouraveragecrow3.jsonl""]"
7689674569707766529,7689445508900850975,7689662908523381522,xả xui cho bản thân và gia đình ,true,tho.nguyn57524,thảo nè^^,false,ké,ké,ké,ké,2,false,false,false,true,false,false,1,1,false,false,false,false,0,0.0,ig,,,true,1790391894,2026-09-26 03:04:54,2026-09-26 11:04:54,popcornmood123,unknown_series,true,true,18,2,"[""tiktok_notyouraveragecrow2.jsonl"", ""tiktok_notyouraveragecrow3.jsonl""]"
7689676311417930517,7689445508900850975,7689662908523381522,xả xui cho bản thân và gia đình ,true,nnahhday,mittt💗,false,ké,ké,ké,ké,2,false,false,false,true,false,false,1,1,false,false,false,false,0,0.0,ig,,,true,1790392301,2026-09-26 03:11:41,2026-09-26 11:11:41,popcornmood123,unknown_series,true,true,18,2,"[""tiktok_notyouraveragecrow2.jsonl"", ""tiktok_notyouraveragecrow3.jsonl""]"
7689676880828728072,7689445508900850975,7689487081148597000,xả xui cực mạnh ,true,camnek2025,chào2026,false,ké,ké,ké,ké,2,false,false,false,true,false,false,1,1,false,false,false,false,0,0.0,ig,,,true,1790392438,2026-09-26 03:13:58,2026-09-26 11:13:58,popcornmood123,unknown_series,true,true,18,2,"[""tiktok_notyouraveragecrow2.jsonl"", ""tiktok_notyouraveragecrow3.jsonl""]"
7689683261271982868,7689445508900850975,,,false,sangdanh497,Soleil,false,,,,,0,true,true,false,true,false,false,0,1,false,false,false,false,0,0.0,un,,,true,1790393930,2026-09-26 03:38:50,2026-09-26 11:38:50,popcornmood123,unknown_series,true,true,18,2,"[""tiktok_notyouraveragecrow2.jsonl"", ""tiktok_notyouraveragecrow3.jsonl""]"
7689684428663210772,7689445508900850975,,,false,chuyen.vo46,mệt mỏi buồn bã,false,xả xui cực mạnh cho bản thân và gia đình ,xả xui cực mạnh cho bản thân và gia đình,xả xui cực mạnh cho bản thân và gia đình,xả xui cực mạnh cho bản thân và gia đình,40,false,false,false,false,false,false,1,1,false,false,false,false,35,3.5835,vi,vi,true,false,1790394201,2026-09-26 03:43:21,2026-09-26 11:43:21,popcornmood123,unknown_series,true,true,18,2,"[""tiktok_notyouraveragecrow2.jsonl"", ""tiktok_notyouraveragecrow3.jsonl""]"
7689685807934669588,7689445508900850975,7689627201767883538,đi hái rau nha các bn,true,l.o.v.e.socola,mèo béo,false,cho mình 1 nữa,cho mình 1 nữa,cho mình 1 nữa,cho mình 1 nữa,14,false,false,false,false,false,false,1,1,false,false,false,false,0,0.0,vi,vi,true,false,1790394526,2026-09-26 03:48:46,2026-09-26 11:48:46,popcornmood123,unknown_series,true,true,18,2,"[""tiktok_notyouraveragecrow2.jsonl"", ""tiktok_notyouraveragecrow3.jsonl""]"
7689685878781264648,7689445508900850975,7689662908523381522,xả xui cho bản thân và gia đình ,true,thaocute123421,Nguyên Thảo,false,ké ạ ,ké ạ,ké ạ,ké ạ,4,false,false,false,false,false,false,1,1,false,false,false,false,0,0.0,vi,cs,false,false,1790394536,2026-09-26 03:48:56,2026-09-26 11:48:56,popcornmood123,unknown_series,true,true,18,2,"[""tiktok_notyouraveragecrow2.jsonl"", ""tiktok_notyouraveragecrow3.jsonl""]"
7689685951703122709,7689445508900850975,7689641611215618822,xả xui cho gia đình và bản thân,true,lnkan52,❀ᴀɴ ᴥ,false,ké,ké,ké,ké,2,false,false,false,true,false,false,1,1,false,false,false,false,0,0.0,ig,,,true,1790394550,2026-09-26 03:49:10,2026-09-26 11:49:10,popcornmood123,unknown_series,true,true,18,2,"[""tiktok_notyouraveragecrow2.jsonl"", ""tiktok_notyouraveragecrow3.jsonl""]"
7689687536125805313,7689445508900850975,7689662908523381522,xả xui cho bản thân và gia đình ,true,nghi.kawaiii83,ンギはかわいい。🤡🤫🧏‍♀️,false,ké,ké,ké,ké,2,false,false,false,true,false,false,1,1,false,false,false,false,0,0.0,ig,,,true,1790394912,2026-09-26 03:55:12,2026-09-26 11:55:12,popcornmood123,unknown_series,true,true,18,2,"[""tiktok_notyouraveragecrow2.jsonl"", ""tiktok_notyouraveragecrow3.jsonl""]"
7689688191934268161,7689445508900850975,7689662908523381522,xả xui cho bản thân và gia đình ,true,ha_nhandjmeme,『ʜà ɴʜâɴ ᴅᴊ 』,false,xả con cak,xả con cak,xả con cak,xả con cak,10,false,false,false,false,false,false,1,1,false,false,false,false,0,0.0,vi,vi,true,false,1790395066,2026-09-26 03:57:46,2026-09-26 11:57:46,popcornmood123,unknown_series,true,true,18,2,"[""tiktok_notyouraveragecrow2.jsonl"", ""tiktok_notyouraveragecrow3.jsonl""]"
7689689274535035649,7689445508900850975,7689684428663210772,xả xui cực mạnh cho bản thân và gia đình ,true,quangganh_phamm,quanganh,false,m bị ngu à xả xui cái j ngu vừa thôi chứ,m bị ngu à xả xui cái j ngu vừa thôi chứ,m bị ngu à xả xui cái j ngu vừa thôi chứ,m bị ngu à xả xui cái j ngu vừa thôi chứ,40,false,false,false,false,false,false,1,1,false,false,false,false,0,0.0,vi,vi,true,false,1790395320,2026-09-26 04:02:00,2026-09-26 12:02:00,popcornmood123,unknown_series,true,true,18,2,"[""tiktok_notyouraveragecrow2.jsonl"", ""tiktok_notyouraveragecrow3.jsonl""]"
7689689560485544711,7689445508900850975,7689662908523381522,xả xui cho bản thân và gia đình ,true,gia.linhh371,Linne,false,ké ạ,ké ạ,ké ạ,ké ạ,4,false,false,false,false,false,false,1,1,false,false,false,false,0,0.0,vi,cs,false,false,1790395380,2026-09-26 04:03:00,2026-09-26 12:03:00,popcornmood123,unknown_series,true,true,18,2,"[""tiktok_notyouraveragecrow2.jsonl"", ""tiktok_notyouraveragecrow3.jsonl""]"
7689690395018937096,7689445508900850975,,,false,mymyy181000,HÀMYPTY,false,xả xui cực mạnh cho bản thân và gđ ,xả xui cực mạnh cho bản thân và gđ,xả xui cực mạnh cho bản thân và gđ,xả xui cực mạnh cho bản thân và gđ,34,false,false,false,false,false,false,1,1,false,false,false,false,7,2.0794,vi,vi,true,false,1790395585,2026-09-26 04:06:25,2026-09-26 12:06:25,popcornmood123,unknown_series,true,true,18,2,"[""tiktok_notyouraveragecrow2.jsonl"", ""tiktok_notyouraveragecrow3.jsonl""]"
7689692952684626706,7689445508900850975,7689690395018937096,xả xui cực mạnh cho bản thân và gđ ,true,khs.quinf,khs.quinf,false,,,,,0,true,true,false,true,false,false,0,1,false,false,false,false,0,0.0,un,,,true,1790396182,2026-09-26 04:16:22,2026-09-26 12:16:22,popcornmood123,unknown_series,true,true,18,2,"[""tiktok_notyouraveragecrow2.jsonl"", ""tiktok_notyouraveragecrow3.jsonl""]"
7689693005862880001,7689445508900850975,7689690395018937096,xả xui cực mạnh cho bản thân và gđ ,true,ciua86,ItAlYa,false,ké,ké,ké,ké,2,false,false,false,true,false,false,1,1,false,false,false,false,0,0.0,ig,,,true,1790396184,2026-09-26 04:16:24,2026-09-26 12:16:24,popcornmood123,unknown_series,true,true,18,2,"[""tiktok_notyouraveragecrow2.jsonl"", ""tiktok_notyouraveragecrow3.jsonl""]"
7689693887396676359,7689445508900850975,7689660529074651925,xả xui cực mạnh cho bản thân và gia đình                                                                                                                                                                                                                        ,true,honganh_moon,honganh,false,Ké,ké,ké,ké,2,false,false,false,true,false,false,1,1,false,false,false,false,0,0.0,ig,,,true,1790396389,2026-09-26 04:19:49,2026-09-26 12:19:49,popcornmood123,unknown_series,true,true,18,2,"[""tiktok_notyouraveragecrow2.jsonl"", ""tiktok_notyouraveragecrow3.jsonl""]"
7689693845475164946,7689445508900850975,7689662908523381522,xả xui cho bản thân và gia đình ,true,tbk8714,⋆.˚✮🎧✮˚.⋆,false,Ké,ké,ké,ké,2,false,false,false,true,false,false,1,1,false,false,false,false,0,0.0,ig,,,true,1790396393,2026-09-26 04:19:53,2026-09-26 12:19:53,popcornmood123,unknown_series,true,true,18,2,"[""tiktok_notyouraveragecrow2.jsonl"", ""tiktok_notyouraveragecrow3.jsonl""]"
7689694518086370066,7689445508900850975,7689690395018937096,xả xui cực mạnh cho bản thân và gđ ,true,colenvuilen,🍕🌻 Pizza đậu bắp ngọt 🌽🌼,false,ké,ké,ké,ké,2,false,false,false,true,false,false,1,1,false,false,false,false,0,0.0,ig,,,true,1790396534,2026-09-26 04:22:14,2026-09-26 12:22:14,popcornmood123,unknown_series,true,true,18,2,"[""tiktok_notyouraveragecrow2.jsonl"", ""tiktok_notyouraveragecrow3.jsonl""]"
7689696298543350536,7689445508900850975,7689690395018937096,xả xui cực mạnh cho bản thân và gđ ,true,_mitmeo09,ơ𝕚 𝕞𝕖𝕠 đâ𝕪.,false,Ké,ké,ké,ké,2,false,false,false,true,false,false,1,1,false,false,false,false,0,0.0,ig,,,true,1790396954,2026-09-26 04:29:14,2026-09-26 12:29:14,popcornmood123,unknown_series,true,true,18,2,"[""tiktok_notyouraveragecrow2.jsonl"", ""tiktok_notyouraveragecrow3.jsonl""]"
7689696922395362068,7689445508900850975,7689662908523381522,xả xui cho bản thân và gia đình ,true,nnich10075,🫧ᴥ ᴥ,false,ké,ké,ké,ké,2,false,false,false,true,false,false,1,1,false,false,false,false,0,0.0,ig,,,true,1790397101,2026-09-26 04:31:41,2026-09-26 12:31:41,popcornmood123,unknown_series,true,true,18,2,"[""tiktok_notyouraveragecrow2.jsonl"", ""tiktok_notyouraveragecrow3.jsonl""]"
7689697007087387410,7689445508900850975,7689662908523381522,xả xui cho bản thân và gia đình ,true,_linh311,𝙩ẹ𝙩𝙟𝙪𝙪౨ৎ,false,ké,ké,ké,ké,2,false,false,false,true,false,false,1,1,false,false,false,false,0,0.0,ig,,,true,1790397128,2026-09-26 04:32:08,2026-09-26 12:32:08,popcornmood123,unknown_series,true,true,18,2,"[""tiktok_notyouraveragecrow2.jsonl"", ""tiktok_notyouraveragecrow3.jsonl""]"
7689697543483589397,7689445508900850975,7689641611215618822,xả xui cho gia đình và bản thân,true,eberii_6,Ái Nghi ~~,false,ké,ké,ké,ké,2,false,false,false,true,false,false,1,1,false,false,false,false,0,0.0,ig,,,true,1790397253,2026-09-26 04:34:13,2026-09-26 12:34:13,popcornmood123,unknown_series,true,true,18,2,"[""tiktok_notyouraveragecrow2.jsonl"", ""tiktok_notyouraveragecrow3.jsonl""]"
7689700091929789205,7689445508900850975,,,false,ynhicutiii5,Yến Nhii,false,xả xui cực mạnh cho gia đình và bản thân,xả xui cực mạnh cho gia đình và bản thân,xả xui cực mạnh cho gia đình và bản thân,xả xui cực mạnh cho gia đình và bản thân,40,false,false,false,false,false,false,1,1,false,false,false,false,0,0.0,vi,vi,true,false,1790397837,2026-09-26 04:43:57,2026-09-26 12:43:57,popcornmood123,unknown_series,true,true,18,2,"[""tiktok_notyouraveragecrow2.jsonl"", ""tiktok_notyouraveragecrow3.jsonl""]"
7689700382842995477,7689445508900850975,7689684428663210772,xả xui cực mạnh cho bản thân và gia đình ,true,su.shi571,Su Shi,false,Ké,ké,ké,ké,2,false,false,false,true,false,false,1,1,false,false,false,false,0,0.0,ig,,,true,1790397913,2026-09-26 04:45:13,2026-09-26 12:45:13,popcornmood123,unknown_series,true,true,18,2,"[""tiktok_notyouraveragecrow2.jsonl"", ""tiktok_notyouraveragecrow3.jsonl""]"
7689700588275139349,7689445508900850975,7689684428663210772,xả xui cực mạnh cho bản thân và gia đình ,true,tuongvy642014,T.vy🎀🎀,false,Ké,ké,ké,ké,2,false,false,false,true,false,false,1,1,false,false,false,false,0,0.0,ig,,,true,1790397951,2026-09-26 04:45:51,2026-09-26 12:45:51,popcornmood123,unknown_series,true,true,18,2,"[""tiktok_notyouraveragecrow2.jsonl"", ""tiktok_notyouraveragecrow3.jsonl""]"
7689701355482022657,7689445508900850975,7689660529074651925,xả xui cực mạnh cho bản thân và gia đình                                                                                                                                                                                                                        ,true,hoa.thanh8297,bống💩👻🐼,false,ké ạ,ké ạ,ké ạ,ké ạ,4,false,false,false,false,false,false,1,1,false,false,false,false,0,0.0,un,cs,false,false,1790398139,2026-09-26 04:48:59,2026-09-26 12:48:59,popcornmood123,unknown_series,true,true,18,2,"[""tiktok_notyouraveragecrow2.jsonl"", ""tiktok_notyouraveragecrow3.jsonl""]"
7689701762295923477,7689445508900850975,7689684428663210772,xả xui cực mạnh cho bản thân và gia đình ,true,tracy0.70,Tracy,false,Ké,ké,ké,ké,2,false,false,false,true,false,false,1,1,false,false,false,false,0,0.0,ig,,,true,1790398237,2026-09-26 04:50:37,2026-09-26 12:50:37,popcornmood123,unknown_series,true,true,18,2,"[""tiktok_notyouraveragecrow2.jsonl"", ""tiktok_notyouraveragecrow3.jsonl""]"
7689703132264694529,7689445508900850975,7689690395018937096,xả xui cực mạnh cho bản thân và gđ ,true,uyenhoangg23,𝚞𝚢𝚎𝚗𝚑𝚘𝚊𝚗𝚐𝚐ᰔ,false,Ké ạ,ké ạ,ké ạ,ké ạ,4,false,false,false,false,false,false,1,1,false,false,false,false,0,0.0,vi,cs,false,false,1790398555,2026-09-26 04:55:55,2026-09-26 12:55:55,popcornmood123,unknown_series,true,true,18,2,"[""tiktok_notyouraveragecrow2.jsonl"", ""tiktok_notyouraveragecrow3.jsonl""]"
7689703200380158740,7689445508900850975,,,false,hong.phong.vn0,Bellbellniger,false,Là sao?,là sao?,là sao?,là sao?,7,false,false,false,false,false,false,1,1,false,false,false,false,0,0.0,vi,vi,true,false,1790398569,2026-09-26 04:56:09,2026-09-26 12:56:09,popcornmood123,unknown_series,true,true,18,2,"[""tiktok_notyouraveragecrow2.jsonl"", ""tiktok_notyouraveragecrow3.jsonl""]"
7689704608637485825,7689445508900850975,7689684428663210772,xả xui cực mạnh cho bản thân và gia đình ,true,aaaahuhukx,T.haa 😍,false,Ké,ké,ké,ké,2,false,false,false,true,false,false,1,1,false,false,false,false,0,0.0,ig,,,true,1790398888,2026-09-26 05:01:28,2026-09-26 13:01:28,popcornmood123,unknown_series,true,true,18,2,"[""tiktok_notyouraveragecrow2.jsonl"", ""tiktok_notyouraveragecrow3.jsonl""]"
7689704991057380104,7689445508900850975,7689684428663210772,xả xui cực mạnh cho bản thân và gia đình ,true,thien_phuc_22,Tiger bá khí😈,false,Ké,ké,ké,ké,2,false,false,false,true,false,false,1,1,false,false,false,false,0,0.0,ig,,,true,1790398975,2026-09-26 05:02:55,2026-09-26 13:02:55,popcornmood123,unknown_series,true,true,18,2,"[""tiktok_notyouraveragecrow2.jsonl"", ""tiktok_notyouraveragecrow3.jsonl""]"
7689705070414381844,7689445508900850975,7689684428663210772,xả xui cực mạnh cho bản thân và gia đình ,true,baongoc1006_7,ngoc,false,Ké,ké,ké,ké,2,false,false,false,true,false,false,1,1,false,false,false,false,0,0.0,ig,,,true,1790399013,2026-09-26 05:03:33,2026-09-26 13:03:33,popcornmood123,unknown_series,true,true,18,2,"[""tiktok_notyouraveragecrow2.jsonl"", ""tiktok_notyouraveragecrow3.jsonl""]"
7689705443731489557,7689445508900850975,,,false,npthao448,pT,false,Ké,ké,ké,ké,2,false,false,false,true,false,false,1,1,false,false,false,false,0,0.0,ig,,,true,1790399077,2026-09-26 05:04:37,2026-09-26 13:04:37,popcornmood123,unknown_series,true,true,18,2,"[""tiktok_notyouraveragecrow2.jsonl"", ""tiktok_notyouraveragecrow3.jsonl""]"
7689705865067430657,7689445508900850975,7689684428663210772,xả xui cực mạnh cho bản thân và gia đình ,true,chanphongdz0,Tôm🫶🏻,false,Ké,ké,ké,ké,2,false,false,false,true,false,false,1,1,false,false,false,false,0,0.0,ig,,,true,1790399191,2026-09-26 05:06:31,2026-09-26 13:06:31,popcornmood123,unknown_series,true,true,18,2,"[""tiktok_notyouraveragecrow2.jsonl"", ""tiktok_notyouraveragecrow3.jsonl""]"
7689706297206342420,7689445508900850975,7689662908523381522,xả xui cho bản thân và gia đình ,true,giabaonek25082013,Gia Bảo,false,xả djt me m,xả djt me m,xả djt me m,xả djt me m,11,false,false,false,false,false,false,1,1,false,false,false,false,0,0.0,vi,sq,false,false,1790399284,2026-09-26 05:08:04,2026-09-26 13:08:04,popcornmood123,unknown_series,true,true,18,2,"[""tiktok_notyouraveragecrow2.jsonl"", ""tiktok_notyouraveragecrow3.jsonl""]"
7689707166818861844,7689445508900850975,7689641611215618822,xả xui cho gia đình và bản thân,true,n.q1275,phờ a phaa,false,ké,ké,ké,ké,2,false,false,false,true,false,false,1,1,false,false,false,false,0,0.0,ig,,,true,1790399485,2026-09-26 05:11:25,2026-09-26 13:11:25,popcornmood123,unknown_series,true,true,18,2,"[""tiktok_notyouraveragecrow2.jsonl"", ""tiktok_notyouraveragecrow3.jsonl""]"
7689709115748860679,7689445508900850975,7689690395018937096,xả xui cực mạnh cho bản thân và gđ ,true,_vvq.312_,vvq.312_,false,ké,ké,ké,ké,2,false,false,false,true,false,false,1,1,false,false,false,false,0,0.0,ig,,,true,1790399938,2026-09-26 05:18:58,2026-09-26 13:18:58,popcornmood123,unknown_series,true,true,18,2,"[""tiktok_notyouraveragecrow2.jsonl"", ""tiktok_notyouraveragecrow3.jsonl""]"
7689709453737837319,7689445508900850975,7689684428663210772,xả xui cực mạnh cho bản thân và gia đình ,true,yeuemhanlove12,Chất liệu bạn gái🤓,false,Ké,ké,ké,ké,2,false,false,false,true,false,false,1,1,false,false,false,false,0,0.0,ig,,,true,1790400009,2026-09-26 05:20:09,2026-09-26 13:20:09,popcornmood123,unknown_series,true,true,18,2,"[""tiktok_notyouraveragecrow2.jsonl"", ""tiktok_notyouraveragecrow3.jsonl""]"
7689710250887119622,7689445508900850975,,,false,baotrang_159,chim bé thì né e ra.,false,xả xui cực mạnh cho gia đình và bản thân,xả xui cực mạnh cho gia đình và bản thân,xả xui cực mạnh cho gia đình và bản thân,xả xui cực mạnh cho gia đình và bản thân,40,false,false,false,false,false,false,1,1,false,false,false,false,0,0.0,vi,vi,true,false,1790400232,2026-09-26 05:23:52,2026-09-26 13:23:52,popcornmood123,unknown_series,true,true,18,2,"[""tiktok_notyouraveragecrow2.jsonl"", ""tiktok_notyouraveragecrow3.jsonl""]"
7689710979601597191,7689445508900850975,7689684428663210772,xả xui cực mạnh cho bản thân và gia đình ,true,mio_xujinyue01,౨ৎᴍⁱᵒ┇𝙈.𝘿𝙪𝙮𝙚𝙣ᥫᩣ,false,kế,kế,kế,kế,2,false,false,false,true,false,false,1,1,false,false,false,false,0,0.0,vi,,,true,1790400372,2026-09-26 05:26:12,2026-09-26 13:26:12,popcornmood123,unknown_series,true,true,18,2,"[""tiktok_notyouraveragecrow2.jsonl"", ""tiktok_notyouraveragecrow3.jsonl""]"
7689712262124815125,7689445508900850975,,,false,tuan5bne,6A4 siu cấp,false,xả xui cực mạnh cho bản thân và gia đình ,xả xui cực mạnh cho bản thân và gia đình,xả xui cực mạnh cho bản thân và gia đình,xả xui cực mạnh cho bản thân và gia đình,40,false,false,false,false,false,false,1,1,false,false,false,false,0,0.0,vi,vi,true,false,1790400676,2026-09-26 05:31:16,2026-09-26 13:31:16,popcornmood123,unknown_series,true,true,18,2,"[""tiktok_notyouraveragecrow2.jsonl"", ""tiktok_notyouraveragecrow3.jsonl""]"
7689713162748527381,7689445508900850975,7689684428663210772,xả xui cực mạnh cho bản thân và gia đình ,true,ngwwthwkhanhlinh7,𝐤𝐡𝐚𝐧𝐡𝐡𝐥𝗶𝐧𝐡,false,k,k,k,k,1,false,false,false,true,false,false,1,1,false,false,false,false,0,0.0,en,,,true,1790400884,2026-09-26 05:34:44,2026-09-26 13:34:44,popcornmood123,unknown_series,true,true,18,2,"[""tiktok_notyouraveragecrow2.jsonl"", ""tiktok_notyouraveragecrow3.jsonl""]"
7689715378754372373,7689445508900850975,7689660529074651925,xả xui cực mạnh cho bản thân và gia đình                                                                                                                                                                                                                        ,true,hong_loan5207,^^Hồng Loan^^,false,Ké,ké,ké,ké,2,false,false,false,true,false,false,1,1,false,false,false,false,0,0.0,ig,,,true,1790401396,2026-09-26 05:43:16,2026-09-26 13:43:16,popcornmood123,unknown_series,true,true,18,2,"[""tiktok_notyouraveragecrow2.jsonl"", ""tiktok_notyouraveragecrow3.jsonl""]"
7689715967679202056,7689445508900850975,7689700091929789205,xả xui cực mạnh cho gia đình và bản thân,true,tranbaongoc832,dưa hấu mát lạnh 🇻🇳🚗🍉,false,Ké,ké,ké,ké,2,false,false,false,true,false,false,1,1,false,false,false,false,0,0.0,ig,,,true,1790401539,2026-09-26 05:45:39,2026-09-26 13:45:39,popcornmood123,unknown_series,true,true,18,2,"[""tiktok_notyouraveragecrow2.jsonl"", ""tiktok_notyouraveragecrow3.jsonl""]"
7689717847169549063,7689445508900850975,,,false,bin577056,bin,false,thật ra t là ng âm,thật ra t là ng âm,thật ra t là ng âm,thật ra t là ng âm,18,false,false,false,false,false,false,1,2,false,false,false,false,80,4.3944,vi,vi,true,false,1790401968,2026-09-26 05:52:48,2026-09-26 13:52:48,popcornmood123,unknown_series,true,true,18,2,"[""tiktok_notyouraveragecrow2.jsonl"", ""tiktok_notyouraveragecrow3.jsonl""]"
7689717855059919623,7689445508900850975,7689717847169549063,thật ra t là ng âm,true,bin577056,bin,false,âm tiền,âm tiền,âm tiền,âm tiền,7,false,false,false,false,false,false,1,2,false,false,false,false,27,3.3322,vi,vi,true,false,1790401974,2026-09-26 05:52:54,2026-09-26 13:52:54,popcornmood123,unknown_series,true,true,18,2,"[""tiktok_notyouraveragecrow2.jsonl"", ""tiktok_notyouraveragecrow3.jsonl""]"
7689718942029644545,7689445508900850975,7689684428663210772,xả xui cực mạnh cho bản thân và gia đình ,true,nhatchii._0,_nhatchi_,false,Ké,ké,ké,ké,2,false,false,false,true,false,false,1,1,false,false,false,false,0,0.0,ig,,,true,1790402222,2026-09-26 05:57:02,2026-09-26 13:57:02,popcornmood123,unknown_series,true,true,18,2,"[""tiktok_notyouraveragecrow2.jsonl"", ""tiktok_notyouraveragecrow3.jsonl""]"
7689721110569960199,7689445508900850975,7689491662889255687,xả xui cho gđ và bản thân,true,coolkidd12_vn,ベトナムが大好き,false,ăn đám ko,ăn đám ko,ăn đám ko,ăn đám ko,9,false,false,false,false,false,false,1,2,false,false,false,false,0,0.0,vi,vi,true,false,1790402737,2026-09-26 06:05:37,2026-09-26 14:05:37,popcornmood123,unknown_series,true,true,18,2,"[""tiktok_notyouraveragecrow2.jsonl"", ""tiktok_notyouraveragecrow3.jsonl""]"
7689721520961340212,7689445508900850975,7689684428663210772,xả xui cực mạnh cho bản thân và gia đình ,true,linh.dan127,𝔏𝔦𝔫𝔥Đ𝔞𝔫wibu,false,Ké,ké,ké,ké,2,false,false,false,true,false,false,1,1,false,false,false,false,0,0.0,ig,,,true,1790402826,2026-09-26 06:07:06,2026-09-26 14:07:06,popcornmood123,unknown_series,true,true,18,2,"[""tiktok_notyouraveragecrow2.jsonl"", ""tiktok_notyouraveragecrow3.jsonl""]"
7689723557026775815,7689445508900850975,7689662908523381522,xả xui cho bản thân và gia đình ,true,anhnhu637,Anh Nhung.,false,Ké,ké,ké,ké,2,false,false,false,true,false,false,1,1,false,false,false,false,0,0.0,un,,,true,1790403308,2026-09-26 06:15:08,2026-09-26 14:15:08,popcornmood123,unknown_series,true,true,18,2,"[""tiktok_notyouraveragecrow2.jsonl"", ""tiktok_notyouraveragecrow3.jsonl""]"
7689726535557333778,7689445508900850975,,,false,duongkhanh69,:)),false,xả xui cực mạnh cho bản thân và gia đình ,xả xui cực mạnh cho bản thân và gia đình,xả xui cực mạnh cho bản thân và gia đình,xả xui cực mạnh cho bản thân và gia đình,40,false,false,false,false,false,false,1,1,false,false,false,false,14,2.7081,un,vi,false,false,1790403992,2026-09-26 06:26:32,2026-09-26 14:26:32,popcornmood123,unknown_series,true,true,18,2,"[""tiktok_notyouraveragecrow2.jsonl"", ""tiktok_notyouraveragecrow3.jsonl""]"
7689727282886542101,7689445508900850975,7689660529074651925,xả xui cực mạnh cho bản thân và gia đình                                                                                                                                                                                                                        ,true,bellalands,Sakala☁️,false,Ké ạ,ké ạ,ké ạ,ké ạ,4,false,false,false,false,false,false,1,1,false,false,false,false,0,0.0,vi,cs,false,false,1790404181,2026-09-26 06:29:41,2026-09-26 14:29:41,popcornmood123,unknown_series,true,true,18,2,"[""tiktok_notyouraveragecrow2.jsonl"", ""tiktok_notyouraveragecrow3.jsonl""]"
7689728388458922759,7689445508900850975,7689684428663210772,xả xui cực mạnh cho bản thân và gia đình ,true,ss6du2,"thy shipper""",false,ké,ké,ké,ké,2,false,false,false,true,false,false,1,1,false,false,false,false,0,0.0,ig,,,true,1790404427,2026-09-26 06:33:47,2026-09-26 14:33:47,popcornmood123,unknown_series,true,true,18,2,"[""tiktok_notyouraveragecrow2.jsonl"", ""tiktok_notyouraveragecrow3.jsonl""]"
7689729273989399317,7689445508900850975,7689684428663210772,xả xui cực mạnh cho bản thân và gia đình ,true,khanh_thu_phung,khanh_thu_phung,false,Ké ạ,ké ạ,ké ạ,ké ạ,4,false,false,false,false,false,false,1,1,false,false,false,false,0,0.0,vi,cs,false,false,1790404633,2026-09-26 06:37:13,2026-09-26 14:37:13,popcornmood123,unknown_series,true,true,18,2,"[""tiktok_notyouraveragecrow2.jsonl"", ""tiktok_notyouraveragecrow3.jsonl""]"
7689731748737860373,7689445508900850975,7689684428663210772,xả xui cực mạnh cho bản thân và gia đình ,true,thao.trang205,𝒢𝒾𝒶 𝐿𝒾𝓃𝒽🐣🫧💍,false,Ké,ké,ké,ké,2,false,false,false,true,false,false,1,1,false,false,false,false,0,0.0,ig,,,true,1790405214,2026-09-26 06:46:54,2026-09-26 14:46:54,popcornmood123,unknown_series,true,true,18,2,"[""tiktok_notyouraveragecrow2.jsonl"", ""tiktok_notyouraveragecrow3.jsonl""]"
7689732570985480980,7689445508900850975,,,false,lion_43,chicken :))),false,xả xui cho gđ và bản thân,xả xui cho gđ và bản thân,xả xui cho gđ và bản thân,xả xui cho gđ và bản thân,25,false,false,false,false,false,false,1,1,false,false,false,false,6,1.9459,vi,vi,true,false,1790405405,2026-09-26 06:50:05,2026-09-26 14:50:05,popcornmood123,unknown_series,true,true,18,2,"[""tiktok_notyouraveragecrow2.jsonl"", ""tiktok_notyouraveragecrow3.jsonl""]"
7689733322050372353,7689445508900850975,7689732570985480980,xả xui cho gđ và bản thân,true,lethaibaouyen,uyen🖤,false,Ké,ké,ké,ké,2,false,false,false,true,false,false,1,1,false,false,false,false,0,0.0,ig,,,true,1790405576,2026-09-26 06:52:56,2026-09-26 14:52:56,popcornmood123,unknown_series,true,true,18,2,"[""tiktok_notyouraveragecrow2.jsonl"", ""tiktok_notyouraveragecrow3.jsonl""]"
7689735621263426305,7689445508900850975,7689732570985480980,xả xui cho gđ và bản thân,true,hyni1803,YN,false,ké,ké,ké,ké,2,false,false,false,true,false,false,1,1,false,false,false,false,0,0.0,ig,,,true,1790406112,2026-09-26 07:01:52,2026-09-26 15:01:52,popcornmood123,unknown_series,true,true,18,2,"[""tiktok_notyouraveragecrow2.jsonl"", ""tiktok_notyouraveragecrow3.jsonl""]"
7689737117941596936,7689445508900850975,7689732570985480980,xả xui cho gđ và bản thân,true,longbene2,Sống có phúc di chúc có tên,false,ké,ké,ké,ké,2,false,false,false,true,false,false,1,1,false,false,false,false,0,0.0,ig,,,true,1790406462,2026-09-26 07:07:42,2026-09-26 15:07:42,popcornmood123,unknown_series,true,true,18,2,"[""tiktok_notyouraveragecrow2.jsonl"", ""tiktok_notyouraveragecrow3.jsonl""]"
7689737547274961672,7689445508900850975,7689660529074651925,xả xui cực mạnh cho bản thân và gia đình                                                                                                                                                                                                                        ,true,pandaulu7,ᥫ᭡.ℳų☡¡ƙ.,false,ké,ké,ké,ké,2,false,false,false,true,false,false,1,1,false,false,false,false,0,0.0,un,,,true,1790406555,2026-09-26 07:09:15,2026-09-26 15:09:15,popcornmood123,unknown_series,true,true,18,2,"[""tiktok_notyouraveragecrow2.jsonl"", ""tiktok_notyouraveragecrow3.jsonl""]"
7689739277023036167,7689445508900850975,7689700091929789205,xả xui cực mạnh cho gia đình và bản thân,true,user68019996813416,đặng sơn,false,ké,ké,ké,ké,2,false,false,false,true,false,false,1,1,false,false,false,false,0,0.0,ig,,,true,1790407172,2026-09-26 07:19:32,2026-09-26 15:19:32,popcornmood123,unknown_series,true,true,18,2,"[""tiktok_notyouraveragecrow2.jsonl"", ""tiktok_notyouraveragecrow3.jsonl""]"
7689740975745549077,7689445508900850975,7689660529074651925,xả xui cực mạnh cho bản thân và gia đình                                                                                                                                                                                                                        ,true,chx.c.tn921,Nhái Kawaii🤡,false,ké,ké,ké,ké,2,false,false,false,true,false,false,1,1,false,false,false,false,0,0.0,ig,,,true,1790407358,2026-09-26 07:22:38,2026-09-26 15:22:38,popcornmood123,unknown_series,true,true,18,2,"[""tiktok_notyouraveragecrow2.jsonl"", ""tiktok_notyouraveragecrow3.jsonl""]"
7689743690571662098,7689445508900850975,7689732570985480980,xả xui cho gđ và bản thân,true,mscb_271812,.✦ ݁˖MSCB🦈🦄 ˖Ი𐑼⋆,false,Ké,ké,ké,ké,2,false,false,false,true,false,false,1,1,false,false,false,false,0,0.0,ig,,,true,1790407985,2026-09-26 07:33:05,2026-09-26 15:33:05,popcornmood123,unknown_series,true,true,18,2,"[""tiktok_notyouraveragecrow2.jsonl"", ""tiktok_notyouraveragecrow3.jsonl""]"
7689745071655518982,7689445508900850975,7689539556571595540,xả xui cực mạnh ,true,sute0_910,Đốn tim chàng ở chốn thiên đàn,false,M đi đâu đây,m đi đâu đây,m đi đâu đây,m đi đâu đây,12,false,false,false,false,false,false,1,1,false,false,false,false,0,0.0,vi,vi,true,false,1790408310,2026-09-26 07:38:30,2026-09-26 15:38:30,popcornmood123,unknown_series,true,true,18,2,"[""tiktok_notyouraveragecrow2.jsonl"", ""tiktok_notyouraveragecrow3.jsonl""]"
7689746044007301895,7689445508900850975,,,false,vanniennguyen06,Quỳnh Anh,false,xx,xx,xx,xx,2,false,false,false,true,false,false,1,1,false,false,false,false,0,0.0,en,,,true,1790408530,2026-09-26 07:42:10,2026-09-26 15:42:10,popcornmood123,unknown_series,true,true,18,2,"[""tiktok_notyouraveragecrow2.jsonl"", ""tiktok_notyouraveragecrow3.jsonl""]"
7689746392499176200,7689445508900850975,7689660529074651925,xả xui cực mạnh cho bản thân và gia đình                                                                                                                                                                                                                        ,true,boangco,Ngco☄,false,ké,ké,ké,ké,2,false,false,false,true,false,false,1,1,false,false,false,false,0,0.0,ig,,,true,1790408614,2026-09-26 07:43:34,2026-09-26 15:43:34,popcornmood123,unknown_series,true,true,18,2,"[""tiktok_notyouraveragecrow2.jsonl"", ""tiktok_notyouraveragecrow3.jsonl""]"
7689746518660612884,7689445508900850975,7689660529074651925,xả xui cực mạnh cho bản thân và gia đình                                                                                                                                                                                                                        ,true,khanhthyy2712,khanhthyyᰔ,false,ké,ké,ké,ké,2,false,false,false,true,false,false,1,1,false,false,false,false,0,0.0,ig,,,true,1790408657,2026-09-26 07:44:17,2026-09-26 15:44:17,popcornmood123,unknown_series,true,true,18,2,"[""tiktok_notyouraveragecrow2.jsonl"", ""tiktok_notyouraveragecrow3.jsonl""]"
7689753659266433799,7689445508900850975,,,false,thichkhampha30,Ngọc Anh♡,false,xả xui cực mạnh cho bản thân và gia đình                                                                                                                                                                                                                       ,xả xui cực mạnh cho bản thân và gia đình,xả xui cực mạnh cho bản thân và gia đình,xả xui cực mạnh cho bản thân và gia đình,40,false,false,false,false,false,false,1,1,false,false,false,false,0,0.0,vi,vi,true,false,1790410324,2026-09-26 08:12:04,2026-09-26 16:12:04,popcornmood123,unknown_series,true,true,18,2,"[""tiktok_notyouraveragecrow2.jsonl"", ""tiktok_notyouraveragecrow3.jsonl""]"
7689754066721260295,7689445508900850975,7689660529074651925,xả xui cực mạnh cho bản thân và gia đình                                                                                                                                                                                                                        ,true,trmy.nguyen4,trmy,false,ké,ké,ké,ké,2,false,false,false,true,false,false,1,1,false,false,false,false,0,0.0,ig,,,true,1790410397,2026-09-26 08:13:17,2026-09-26 16:13:17,popcornmood123,unknown_series,true,true,18,2,"[""tiktok_notyouraveragecrow2.jsonl"", ""tiktok_notyouraveragecrow3.jsonl""]"
7689755797727527687,7689445508900850975,7689660529074651925,xả xui cực mạnh cho bản thân và gia đình                                                                                                                                                                                                                        ,true,tran_lun_nhat123,Trân.Lùn🦋,false,ké,ké,ké,ké,2,false,false,false,true,false,false,1,1,false,false,false,false,0,0.0,ig,,,true,1790410802,2026-09-26 08:20:02,2026-09-26 16:20:02,popcornmood123,unknown_series,true,true,18,2,"[""tiktok_notyouraveragecrow2.jsonl"", ""tiktok_notyouraveragecrow3.jsonl""]"
7689759208368079636,7689445508900850975,7689660529074651925,xả xui cực mạnh cho bản thân và gia đình                                                                                                                                                                                                                        ,true,thuwibu05,thư wibu ~,false,ké ạ ,ké ạ,ké ạ,ké ạ,4,false,false,false,false,false,false,1,1,false,false,false,false,0,0.0,vi,cs,false,false,1790411606,2026-09-26 08:33:26,2026-09-26 16:33:26,popcornmood123,unknown_series,true,true,18,2,"[""tiktok_notyouraveragecrow2.jsonl"", ""tiktok_notyouraveragecrow3.jsonl""]"
7689762202517570325,7689445508900850975,7689491662889255687,xả xui cho gđ và bản thân,true,user305153833,李安璃:)林祺梓,false,ké,ké,ké,ké,2,false,false,false,true,false,false,1,1,false,false,false,false,0,0.0,ig,,,true,1790412454,2026-09-26 08:47:34,2026-09-26 16:47:34,popcornmood123,unknown_series,true,true,18,2,"[""tiktok_notyouraveragecrow2.jsonl"", ""tiktok_notyouraveragecrow3.jsonl""]"
7689788326610895624,7689445508900850975,,,false,29th09_5,ngoc nhi.,false,hái rau cùng mình nhe,hái rau cùng mình nhe,hái rau cùng mình nhe,hái rau cùng mình nhe,21,false,false,false,false,false,false,1,1,false,false,false,false,1,0.6931,vi,vi,true,false,1790418377,2026-09-26 10:26:17,2026-09-26 18:26:17,popcornmood123,unknown_series,true,true,18,2,"[""tiktok_notyouraveragecrow2.jsonl"", ""tiktok_notyouraveragecrow3.jsonl""]"
7689799911835484935,7689445508900850975,7689660529074651925,xả xui cực mạnh cho bản thân và gia đình                                                                                                                                                                                                                        ,true,kikngan3,kim ngân,false,ké,ké,ké,ké,2,false,false,false,true,false,false,1,1,false,false,false,false,0,0.0,ig,,,true,1790421078,2026-09-26 11:11:18,2026-09-26 19:11:18,popcornmood123,unknown_series,true,true,18,2,"[""tiktok_notyouraveragecrow2.jsonl"", ""tiktok_notyouraveragecrow3.jsonl""]"
7689800986072695560,7689445508900850975,7689660529074651925,xả xui cực mạnh cho bản thân và gia đình                                                                                                                                                                                                                        ,true,bui.thi.tuyet.nhi2_14,tuyettnhii,false,Ké,ké,ké,ké,2,false,false,false,true,false,false,1,1,false,false,false,false,0,0.0,ig,,,true,1790421327,2026-09-26 11:15:27,2026-09-26 19:15:27,popcornmood123,unknown_series,true,true,18,2,"[""tiktok_notyouraveragecrow2.jsonl"", ""tiktok_notyouraveragecrow3.jsonl""]"
7689810256255796020,7689445508900850975,,,false,tranleevy,vy.,false,vườn rau à,vườn rau à,vườn rau à,vườn rau à,10,false,false,false,false,false,false,1,1,false,false,false,false,0,0.0,vi,vi,true,false,1790423485,2026-09-26 11:51:25,2026-09-26 19:51:25,popcornmood123,unknown_series,true,true,18,2,"[""tiktok_notyouraveragecrow2.jsonl"", ""tiktok_notyouraveragecrow3.jsonl""]"
7689812430549582600,7689445508900850975,7689788326610895624,hái rau cùng mình nhe,true,buithithanhtra2010,Chè,false,Ok nhe bn ,ok nhe bn,ok nhe bn,ok nhe bn,9,false,false,false,false,false,false,1,1,false,false,false,false,0,0.0,vi,sk,false,false,1790423988,2026-09-26 11:59:48,2026-09-26 19:59:48,popcornmood123,unknown_series,true,true,18,2,"[""tiktok_notyouraveragecrow2.jsonl"", ""tiktok_notyouraveragecrow3.jsonl""]"
7689817735157760776,7689445508900850975,7689539556571595540,xả xui cực mạnh ,true,kh.kdang.com.emilaop,sigma 🥶,false,xả con má m,xả con má m,xả con má m,xả con má m,11,false,false,false,false,false,false,1,1,false,false,false,false,0,0.0,vi,vi,true,false,1790425230,2026-09-26 12:20:30,2026-09-26 20:20:30,popcornmood123,unknown_series,true,true,18,2,"[""tiktok_notyouraveragecrow2.jsonl"", ""tiktok_notyouraveragecrow3.jsonl""]"
7689818209818723092,7689445508900850975,7689684428663210772,xả xui cực mạnh cho bản thân và gia đình ,true,phng.bo6193,ᰔᩚ˙✧˖° 🫧ρɧươηɠ⋆｡˚꩜,false,ké,ké,ké,ké,2,false,false,false,true,false,false,1,1,false,false,false,false,0,0.0,ig,,,true,1790425340,2026-09-26 12:22:20,2026-09-26 20:22:20,popcornmood123,unknown_series,true,true,18,2,"[""tiktok_notyouraveragecrow2.jsonl"", ""tiktok_notyouraveragecrow3.jsonl""]"
7689819270984844053,7689445508900850975,7689660529074651925,xả xui cực mạnh cho bản thân và gia đình                                                                                                                                                                                                                        ,true,hihiptcute,𝓟𝓽 𝓚𝓾𝓻𝓸𝓶𝓲 ♡‧₊˚,false,phiền l,phiền l,phiền l,phiền l,7,false,false,false,false,false,false,1,1,false,false,false,false,0,0.0,vi,vi,true,false,1790425579,2026-09-26 12:26:19,2026-09-26 20:26:19,popcornmood123,unknown_series,true,true,18,2,"[""tiktok_notyouraveragecrow2.jsonl"", ""tiktok_notyouraveragecrow3.jsonl""]"
7689822159032795910,7689445508900850975,7689660529074651925,xả xui cực mạnh cho bản thân và gia đình                                                                                                                                                                                                                        ,true,k.ly_1234,Ly💕,false,ké ,ké,ké,ké,2,false,false,false,true,false,false,1,1,false,false,false,false,0,0.0,ig,,,true,1790426257,2026-09-26 12:37:37,2026-09-26 20:37:37,popcornmood123,unknown_series,true,true,18,2,"[""tiktok_notyouraveragecrow2.jsonl"", ""tiktok_notyouraveragecrow3.jsonl""]"
7689825092364501766,7689445508900850975,7689684428663210772,xả xui cực mạnh cho bản thân và gia đình ,true,minhkhuecutedangyeuhihi,@-.-,false,ké,ké,ké,ké,2,false,false,false,true,false,false,1,1,false,false,false,false,0,0.0,ig,,,true,1790426949,2026-09-26 12:49:09,2026-09-26 20:49:09,popcornmood123,unknown_series,true,true,18,2,"[""tiktok_notyouraveragecrow2.jsonl"", ""tiktok_notyouraveragecrow3.jsonl""]"
7689838775618978568,7689445508900850975,7689726535557333778,xả xui cực mạnh cho bản thân và gia đình ,true,mimi.ei1,Linh nhi 🫪,false,ké ,ké,ké,ké,2,false,false,false,true,false,false,1,1,false,false,false,false,2,1.0986,ig,,,true,1790430122,2026-09-26 13:42:02,2026-09-26 21:42:02,popcornmood123,unknown_series,true,true,18,2,"[""tiktok_notyouraveragecrow2.jsonl"", ""tiktok_notyouraveragecrow3.jsonl""]"
7689842812121252615,7689445508900850975,7689732570985480980,xả xui cho gđ và bản thân,true,nyvhtho,🫠,false,Ké ạ,ké ạ,ké ạ,ké ạ,4,false,false,false,false,false,false,1,1,false,false,false,false,1,0.6931,vi,cs,false,false,1790431062,2026-09-26 13:57:42,2026-09-26 21:57:42,popcornmood123,unknown_series,true,true,18,2,"[""tiktok_notyouraveragecrow2.jsonl"", ""tiktok_notyouraveragecrow3.jsonl""]"
7689844066947793682,7689445508900850975,,,false,kim.hue06_05,𐙚.𝙃𝙪𝙚𝙚.𝜗𝜚˚,false,xả xui cho bản thân và gia đình ,xả xui cho bản thân và gia đình,xả xui cho bản thân và gia đình,xả xui cho bản thân và gia đình,31,false,false,false,false,false,false,1,1,false,false,false,false,2,1.0986,vi,vi,true,false,1790431362,2026-09-26 14:02:42,2026-09-26 22:02:42,popcornmood123,unknown_series,true,true,18,2,"[""tiktok_notyouraveragecrow2.jsonl"", ""tiktok_notyouraveragecrow3.jsonl""]"
7689847755015947014,7689445508900850975,,,false,khanhlinhh.015,Khánh Linh🌷,false,Xả xui cho gia đình và bản thân,xả xui cho gia đình và bản thân,xả xui cho gia đình và bản thân,xả xui cho gia đình và bản thân,31,false,false,false,false,false,false,1,1,false,false,false,false,0,0.0,vi,vi,true,false,1790432214,2026-09-26 14:16:54,2026-09-26 22:16:54,popcornmood123,unknown_series,true,true,18,2,"[""tiktok_notyouraveragecrow2.jsonl"", ""tiktok_notyouraveragecrow3.jsonl""]"
7689851290285179655,7689445508900850975,7689684428663210772,xả xui cực mạnh cho bản thân và gia đình ,true,h43501970,Hello cả nhà🥳,false,Ké,ké,ké,ké,2,false,false,false,true,false,false,1,1,false,false,false,false,0,0.0,ig,,,true,1790433035,2026-09-26 14:30:35,2026-09-26 22:30:35,popcornmood123,unknown_series,true,true,18,2,"[""tiktok_notyouraveragecrow2.jsonl"", ""tiktok_notyouraveragecrow3.jsonl""]"
7689851582351246086,7689445508900850975,7689660529074651925,xả xui cực mạnh cho bản thân và gia đình                                                                                                                                                                                                                        ,true,ai.biet026,☆ʚ 지우 ɞ☆,false,ké,ké,ké,ké,2,false,false,false,true,false,false,1,1,false,false,false,false,0,0.0,ig,,,true,1790433117,2026-09-26 14:31:57,2026-09-26 22:31:57,popcornmood123,unknown_series,true,true,18,2,"[""tiktok_notyouraveragecrow2.jsonl"", ""tiktok_notyouraveragecrow3.jsonl""]"
7689852694412247828,7689445508900850975,7689660529074651925,xả xui cực mạnh cho bản thân và gia đình                                                                                                                                                                                                                        ,true,lovemom_03,xs max 256gb,false,Ké  ,ké,ké,ké,2,false,false,false,true,false,false,1,1,false,false,false,false,0,0.0,ig,,,true,1790433363,2026-09-26 14:36:03,2026-09-26 22:36:03,popcornmood123,unknown_series,true,true,18,2,"[""tiktok_notyouraveragecrow2.jsonl"", ""tiktok_notyouraveragecrow3.jsonl""]"
7689855157315568405,7689445508900850975,7689660529074651925,xả xui cực mạnh cho bản thân và gia đình                                                                                                                                                                                                                        ,true,em.ti.y,M.Thư🐝,false,Ké ạ,ké ạ,ké ạ,ké ạ,4,false,false,false,false,false,false,1,1,false,false,false,false,0,0.0,vi,cs,false,false,1790433934,2026-09-26 14:45:34,2026-09-26 22:45:34,popcornmood123,unknown_series,true,true,18,2,"[""tiktok_notyouraveragecrow2.jsonl"", ""tiktok_notyouraveragecrow3.jsonl""]"
7689863997562290952,7689445508900850975,,,false,xoaiiuuuuuuuuu1,Gà con,false,@V.Anh: xả xui cực mạnh cho bản thân và gia đình    ,: xả xui cực mạnh cho bản thân và gia đình,: xả xui cực mạnh cho bản thân và gia đình,: xả xui cực mạnh cho bản thân và gia đình,48,false,false,false,false,false,false,1,1,true,false,false,false,0,0.0,vi,vi,true,false,1790435990,2026-09-26 15:19:50,2026-09-26 23:19:50,popcornmood123,unknown_series,true,true,18,2,"[""tiktok_notyouraveragecrow2.jsonl"", ""tiktok_notyouraveragecrow3.jsonl""]"
7689866123676287752,7689445508900850975,7689660529074651925,xả xui cực mạnh cho bản thân và gia đình                                                                                                                                                                                                                        ,true,ngohuynhnhu110,Chó điên Bến Kinh🤯,false,Ké,ké,ké,ké,2,false,false,false,true,false,false,1,1,false,false,false,false,0,0.0,ig,,,true,1790436486,2026-09-26 15:28:06,2026-09-26 23:28:06,popcornmood123,unknown_series,true,true,18,2,"[""tiktok_notyouraveragecrow2.jsonl"", ""tiktok_notyouraveragecrow3.jsonl""]"
7689885469353968391,7689445508900850975,7689641611215618822,xả xui cho gia đình và bản thân,true,inh.th.hnh31,pan Gãy TV 😊❤️,false,ké,ké,ké,ké,2,false,false,false,true,false,false,1,1,false,false,false,false,0,0.0,ig,,,true,1790440992,2026-09-26 16:43:12,2026-09-27 00:43:12,popcornmood123,unknown_series,true,true,18,2,"[""tiktok_notyouraveragecrow2.jsonl"", ""tiktok_notyouraveragecrow3.jsonl""]"
7689896179849216790,7689445508900850975,,,false,chin.su40,chin su 🔥🔥🔥🔥🔥🔥🔥🔥🔥,false,@: xả xui cực mạnh cho bản thân và gia đình                                                                                                                                                                                                                        ,@: xả xui cực mạnh cho bản thân và gia đình,@: xả xui cực mạnh cho bản thân và gia đình,@: xả xui cực mạnh cho bản thân và gia đình,43,false,false,false,false,false,false,1,1,false,false,false,false,0,0.0,vi,vi,true,false,1790443505,2026-09-26 17:25:05,2026-09-27 01:25:05,popcornmood123,unknown_series,true,true,18,2,"[""tiktok_notyouraveragecrow2.jsonl"", ""tiktok_notyouraveragecrow3.jsonl""]"
7689979767134913298,7689445508900850975,,,false,nobita99966,nobita,false,xe taxi hả,xe taxi hả,xe taxi hả,xe taxi hả,10,false,false,false,false,false,false,1,1,false,false,false,false,0,0.0,vi,so,false,false,1790462959,2026-09-26 22:49:19,2026-09-27 06:49:19,popcornmood123,unknown_series,true,true,18,2,"[""tiktok_notyouraveragecrow2.jsonl"", ""tiktok_notyouraveragecrow3.jsonl""]"
7690012380688876306,7689445508900850975,7689726535557333778,xả xui cực mạnh cho bản thân và gia đình ,true,skibididopdopyesyes77,trai dep m5,false,ké,ké,ké,ké,2,false,false,false,true,false,false,1,1,false,false,false,false,0,0.0,ig,,,true,1790470561,2026-09-27 00:56:01,2026-09-27 08:56:01,popcornmood123,unknown_series,true,true,18,2,"[""tiktok_notyouraveragecrow2.jsonl"", ""tiktok_notyouraveragecrow3.jsonl""]"
7690013064447968008,7689445508900850975,7689732570985480980,xả xui cho gđ và bản thân,true,anh_thu65215,🤧🤡Thư Emm💤💤,false,ké,ké,ké,ké,2,false,false,false,true,false,false,1,1,false,false,false,false,0,0.0,ig,,,true,1790470710,2026-09-27 00:58:30,2026-09-27 08:58:30,popcornmood123,unknown_series,true,true,18,2,"[""tiktok_notyouraveragecrow2.jsonl"", ""tiktok_notyouraveragecrow3.jsonl""]"
7690015828889322261,7689445508900850975,7689726535557333778,xả xui cực mạnh cho bản thân và gia đình ,true,an502p,chan bố mày đi...,false,ké,ké,ké,ké,2,false,false,false,true,false,false,1,1,false,false,false,false,0,0.0,ig,,,true,1790471364,2026-09-27 01:09:24,2026-09-27 09:09:24,popcornmood123,unknown_series,true,true,18,2,"[""tiktok_notyouraveragecrow2.jsonl"", ""tiktok_notyouraveragecrow3.jsonl""]"
7690030789685216008,7689445508900850975,7689726535557333778,xả xui cực mạnh cho bản thân và gia đình ,true,hanhu4d6,Như bá khí,false,ké,ké,ké,ké,2,false,false,false,true,false,false,1,1,false,false,false,false,0,0.0,ig,,,true,1790474831,2026-09-27 02:07:11,2026-09-27 10:07:11,popcornmood123,unknown_series,true,true,18,2,"[""tiktok_notyouraveragecrow2.jsonl"", ""tiktok_notyouraveragecrow3.jsonl""]"
7690041043094766343,7689445508900850975,7689726535557333778,xả xui cực mạnh cho bản thân và gia đình ,true,_baongoc_ume_rhycap,⚡𝔹ℕ𝕘𝕠𝕔🐑,false,ké,ké,ké,ké,2,false,false,false,true,false,false,1,1,false,false,false,false,0,0.0,ig,,,true,1790477235,2026-09-27 02:47:15,2026-09-27 10:47:15,popcornmood123,unknown_series,true,true,18,2,"[""tiktok_notyouraveragecrow2.jsonl"", ""tiktok_notyouraveragecrow3.jsonl""]"
7690053043950076692,7689445508900850975,7689660529074651925,xả xui cực mạnh cho bản thân và gia đình                                                                                                                                                                                                                        ,true,top.chemistry.com,我热爱＜🥰＞化学。,false,ké,ké,ké,ké,2,false,false,false,true,false,false,1,1,false,false,false,false,0,0.0,ig,,,true,1790480026,2026-09-27 03:33:46,2026-09-27 11:33:46,popcornmood123,unknown_series,true,true,18,2,"[""tiktok_notyouraveragecrow2.jsonl"", ""tiktok_notyouraveragecrow3.jsonl""]"
7690064821210858247,7689445508900850975,7689726535557333778,xả xui cực mạnh cho bản thân và gia đình ,true,ynhi0314,ynhi0314,false,Ké,ké,ké,ké,2,false,false,false,true,false,false,1,1,false,false,false,false,0,0.0,ig,,,true,1790482753,2026-09-27 04:19:13,2026-09-27 12:19:13,popcornmood123,unknown_series,true,true,18,2,"[""tiktok_notyouraveragecrow2.jsonl"", ""tiktok_notyouraveragecrow3.jsonl""]"
7690075822908818196,7689445508900850975,7689726535557333778,xả xui cực mạnh cho bản thân và gia đình ,true,nhw.ii._683,Nguyễn Văn Hùng💗,false,ké,ké,ké,ké,2,false,false,false,true,false,false,1,1,false,false,false,false,0,0.0,un,,,true,1790485321,2026-09-27 05:02:01,2026-09-27 13:02:01,popcornmood123,unknown_series,true,true,18,2,"[""tiktok_notyouraveragecrow2.jsonl"", ""tiktok_notyouraveragecrow3.jsonl""]"
7690076075284644629,7689445508900850975,7689726535557333778,xả xui cực mạnh cho bản thân và gia đình ,true,bffcailongi,🐷,false,Ké,ké,ké,ké,2,false,false,false,true,false,false,1,1,false,false,false,false,0,0.0,ig,,,true,1790485386,2026-09-27 05:03:06,2026-09-27 13:03:06,popcornmood123,unknown_series,true,true,18,2,"[""tiktok_notyouraveragecrow2.jsonl"", ""tiktok_notyouraveragecrow3.jsonl""]"
7690078009642042132,7689445508900850975,7689726535557333778,xả xui cực mạnh cho bản thân và gia đình ,true,phongnguyenn016,tphong👤,false,ké,ké,ké,ké,2,false,false,false,true,false,false,1,1,false,false,false,false,0,0.0,ig,,,true,1790485828,2026-09-27 05:10:28,2026-09-27 13:10:28,popcornmood123,unknown_series,true,true,18,2,"[""tiktok_notyouraveragecrow2.jsonl"", ""tiktok_notyouraveragecrow3.jsonl""]"
7690080842656154389,7689445508900850975,7689726535557333778,xả xui cực mạnh cho bản thân và gia đình ,true,_26.th03_,miss la nho~,false,ké,ké,ké,ké,2,false,false,false,true,false,false,1,1,false,false,false,false,0,0.0,ig,,,true,1790486491,2026-09-27 05:21:31,2026-09-27 13:21:31,popcornmood123,unknown_series,true,true,18,2,"[""tiktok_notyouraveragecrow2.jsonl"", ""tiktok_notyouraveragecrow3.jsonl""]"
7690081277781361428,7689445508900850975,7689726535557333778,xả xui cực mạnh cho bản thân và gia đình ,true,loi.lac65,Meof,false,Ké,ké,ké,ké,2,false,false,false,true,false,false,1,1,false,false,false,false,0,0.0,ig,,,true,1790486592,2026-09-27 05:23:12,2026-09-27 13:23:12,popcornmood123,unknown_series,true,true,18,2,"[""tiktok_notyouraveragecrow2.jsonl"", ""tiktok_notyouraveragecrow3.jsonl""]"
7690082476698174228,7689445508900850975,7689726535557333778,xả xui cực mạnh cho bản thân và gia đình ,true,thumong730,Hồ thu mộng,false,Ké,ké,ké,ké,2,false,false,false,true,false,false,1,1,false,false,false,false,0,0.0,ig,,,true,1790486870,2026-09-27 05:27:50,2026-09-27 13:27:50,popcornmood123,unknown_series,true,true,18,2,"[""tiktok_notyouraveragecrow2.jsonl"", ""tiktok_notyouraveragecrow3.jsonl""]"
7690085213548413697,7689445508900850975,7689726535557333778,xả xui cực mạnh cho bản thân và gia đình ,true,munthu267,mt ><,false,ké,ké,ké,ké,2,false,false,false,true,false,false,1,1,false,false,false,false,0,0.0,ig,,,true,1790487519,2026-09-27 05:38:39,2026-09-27 13:38:39,popcornmood123,unknown_series,true,true,18,2,"[""tiktok_notyouraveragecrow2.jsonl"", ""tiktok_notyouraveragecrow3.jsonl""]"
7690088604260893441,7689445508900850975,7689726535557333778,xả xui cực mạnh cho bản thân và gia đình ,true,htam1502,꧁༺𝓣𝓪𝓶 𝓷𝓮༻꧂,false,ké,ké,ké,ké,2,false,false,false,true,false,false,1,1,false,false,false,false,0,0.0,ig,,,true,1790488289,2026-09-27 05:51:29,2026-09-27 13:51:29,popcornmood123,unknown_series,true,true,18,2,"[""tiktok_notyouraveragecrow2.jsonl"", ""tiktok_notyouraveragecrow3.jsonl""]"
7690096662929638162,7689445508900850975,7689726535557333778,xả xui cực mạnh cho bản thân và gia đình ,true,subooiuuu,𝙎𝙪𝙗𝙤𝙤🎀,false,ké ạ,ké ạ,ké ạ,ké ạ,4,false,false,false,false,false,false,1,1,false,false,false,false,0,0.0,vi,cs,false,false,1790490177,2026-09-27 06:22:57,2026-09-27 14:22:57,popcornmood123,unknown_series,true,true,18,2,"[""tiktok_notyouraveragecrow2.jsonl"", ""tiktok_notyouraveragecrow3.jsonl""]"
7690101353566651156,7689445508900850975,7689726535557333778,xả xui cực mạnh cho bản thân và gia đình ,true,hi.vn.123456,Hải Vân🌷,false,ké,ké,ké,ké,2,false,false,false,true,false,false,1,1,false,false,false,false,0,0.0,ig,,,true,1790491270,2026-09-27 06:41:10,2026-09-27 14:41:10,popcornmood123,unknown_series,true,true,18,2,"[""tiktok_notyouraveragecrow2.jsonl"", ""tiktok_notyouraveragecrow3.jsonl""]"
7690102646790718215,7689445508900850975,7689726535557333778,xả xui cực mạnh cho bản thân và gia đình ,true,kinadboy,EmBeˇᴋɪɴˇᴬᴰʙᴏʏˇ,false,ké,ké,ké,ké,2,false,false,false,true,false,false,1,1,false,false,false,false,0,0.0,ig,,,true,1790491557,2026-09-27 06:45:57,2026-09-27 14:45:57,popcornmood123,unknown_series,true,true,18,2,"[""tiktok_notyouraveragecrow2.jsonl"", ""tiktok_notyouraveragecrow3.jsonl""]"
7690108600916378388,7689445508900850975,7689726535557333778,xả xui cực mạnh cho bản thân và gia đình ,true,khanhlinhsenpai1,𝗟𝗶𝗻𝗵 𝘀𝗲𝗻𝗽𝗮𝗶~,false,Ké ạ,ké ạ,ké ạ,ké ạ,4,false,false,false,false,false,false,1,1,false,false,false,false,0,0.0,vi,cs,false,false,1790492952,2026-09-27 07:09:12,2026-09-27 15:09:12,popcornmood123,unknown_series,true,true,18,2,"[""tiktok_notyouraveragecrow2.jsonl"", ""tiktok_notyouraveragecrow3.jsonl""]"
7690127201161855764,7689445508900850975,7689684428663210772,xả xui cực mạnh cho bản thân và gia đình ,true,shinigami30230,NOZUKI SORA,false,ké,ké,ké,ké,2,false,false,false,true,false,false,1,1,false,false,false,false,1,0.6931,ig,,,true,1790497288,2026-09-27 08:21:28,2026-09-27 16:21:28,popcornmood123,unknown_series,true,true,18,2,"[""tiktok_notyouraveragecrow2.jsonl"", ""tiktok_notyouraveragecrow3.jsonl""]"
7690130324936065812,7689445508900850975,,,false,nhi_11032006,yeww nhyw,false,xả xui cực mạnh cho bản thân và gia đình                                                                                                                                                                                                                        ,xả xui cực mạnh cho bản thân và gia đình,xả xui cực mạnh cho bản thân và gia đình,xả xui cực mạnh cho bản thân và gia đình,40,false,false,false,false,false,false,1,1,false,false,false,false,0,0.0,vi,vi,true,false,1790498003,2026-09-27 08:33:23,2026-09-27 16:33:23,popcornmood123,unknown_series,true,true,18,2,"[""tiktok_notyouraveragecrow2.jsonl"", ""tiktok_notyouraveragecrow3.jsonl""]"
7690132829464003346,7689445508900850975,7689732570985480980,xả xui cho gđ và bản thân,true,.trn29405,ʙảᴏ ᴛʀâɴ ✿,false,Ké,ké,ké,ké,2,false,false,false,true,false,false,1,1,false,false,false,false,0,0.0,ig,,,true,1790498584,2026-09-27 08:43:04,2026-09-27 16:43:04,popcornmood123,unknown_series,true,true,18,2,"[""tiktok_notyouraveragecrow2.jsonl"", ""tiktok_notyouraveragecrow3.jsonl""]"
7690138612424426292,7689445508900850975,,,false,2710.2012,nhi 2k18 thích chơi free fire,false,,,,,0,true,true,false,true,false,false,0,1,false,false,false,false,0,0.0,un,,,true,1790499941,2026-09-27 09:05:41,2026-09-27 17:05:41,popcornmood123,unknown_series,true,true,18,2,"[""tiktok_notyouraveragecrow2.jsonl"", ""tiktok_notyouraveragecrow3.jsonl""]"
7690138812387328788,7689445508900850975,7689662908523381522,xả xui cho bản thân và gia đình ,true,h_phuc14_,h_phuc14_,false,Ngáo l,ngáo l,ngáo l,ngáo l,6,false,false,false,false,false,false,1,2,false,false,false,false,0,0.0,vi,vi,true,false,1790499984,2026-09-27 09:06:24,2026-09-27 17:06:24,popcornmood123,unknown_series,true,true,18,2,"[""tiktok_notyouraveragecrow2.jsonl"", ""tiktok_notyouraveragecrow3.jsonl""]"
7690138804536460052,7689445508900850975,7689690395018937096,xả xui cực mạnh cho bản thân và gđ ,true,h_phuc14_,h_phuc14_,false,Ngáo,ngáo,ngáo,ngáo,4,false,false,false,false,false,false,1,2,false,false,false,false,0,0.0,vi,vi,true,false,1790499994,2026-09-27 09:06:34,2026-09-27 17:06:34,popcornmood123,unknown_series,true,true,18,2,"[""tiktok_notyouraveragecrow2.jsonl"", ""tiktok_notyouraveragecrow3.jsonl""]"
7690145033941992213,7689445508900850975,,,false,caohien296,Minh Anh,false,xin vía cực mạnh  xin vía tất cả ạxin vía xin vía tất cả ạxin vía tất cả ạxin vía tất cả ạxin vía tất cả ạxin vía tất cả ạxin vía tất cả ạxin vía tất cả ạxin vía tất cả ạxin vía tất cả ạxin vía tất cả ạxin vía tất cả ạxin vía tất cả ạxin vía tất cả ạxin vía tất cả ạxin vía tất cả ạxin vía tất cả ạxin vía tất cả ạxin vía tất cả ạxin vía tất cả ạxin vía tất cả ạxin vía tất cả ạxin vía tất cả ạxin vía tất cả ạxin vía tất cả ạxin vía tất cả ạxin vía tất cả ạxin vía tất cả ạxin vía tất cả ạxin vía tất cả ạxin vía tất cả ạxin vía tất cả ạxin vía tất cả ạxin vía tất cả ạxin vía tất cả ạxin vía tất cả ạxin vía tất cả ạxin vía tất cả ạ Xin vía tất cả ạ  vía tất cả ạxin vía tất cả ạxin vía tất cả ạxin vía tất cả ạ xin vía hết tất cả ,xin vía cực mạnh xin vía tất cả ạxin vía xin vía tất cả ạxin vía tất cả ạxin vía tất cả ạxin vía tất cả ạxin vía tất cả ạxin vía tất cả ạxin vía tất cả ạxin vía tất cả ạxin vía tất cả ạxin vía tất cả ạxin vía tất cả ạxin vía tất cả ạxin vía tất cả ạxin vía tất cả ạxin vía tất cả ạxin vía tất cả ạxin vía tất cả ạxin vía tất cả ạxin vía tất cả ạxin vía tất cả ạxin vía tất cả ạxin vía tất cả ạxin vía tất cả ạxin vía tất cả ạxin vía tất cả ạxin vía tất cả ạxin vía tất cả ạxin vía tất cả ạxin vía tất cả ạxin vía tất cả ạxin vía tất cả ạxin vía tất cả ạxin vía tất cả ạxin vía tất cả ạxin vía tất cả ạxin vía tất cả ạxin vía tất cả ạ xin vía tất cả ạ vía tất cả ạxin vía tất cả ạxin vía tất cả ạxin vía tất cả ạ xin vía hết tất cả,xin vía cực mạnh xin vía tất cả ạxin vía xin vía tất cả ạxin vía tất cả ạxin vía tất cả ạxin vía tất cả ạxin vía tất cả ạxin vía tất cả ạxin vía tất cả ạxin vía tất cả ạxin vía tất cả ạxin vía tất cả ạxin vía tất cả ạxin vía tất cả ạxin vía tất cả ạxin vía tất cả ạxin vía tất cả ạxin vía tất cả ạxin vía tất cả ạxin vía tất cả ạxin vía tất cả ạxin vía tất cả ạxin vía tất cả ạxin vía tất cả ạxin vía tất cả ạxin vía tất cả ạxin vía tất cả ạxin vía tất cả ạxin vía tất cả ạxin vía tất cả ạxin vía tất cả ạxin vía tất cả ạxin vía tất cả ạxin vía tất cả ạxin vía tất cả ạxin vía tất cả ạxin vía tất cả ạxin vía tất cả ạxin vía tất cả ạ xin vía tất cả ạ vía tất cả ạxin vía tất cả ạxin vía tất cả ạxin vía tất cả ạ xin vía hết tất cả,xin vía cực mạnh xin vía tất cả ạxin vía xin vía tất cả ạxin vía tất cả ạxin vía tất cả ạxin vía tất cả ạxin vía tất cả ạxin vía tất cả ạxin vía tất cả ạxin vía tất cả ạxin vía tất cả ạxin vía tất cả ạxin vía tất cả ạxin vía tất cả ạxin vía tất cả ạxin vía tất cả ạxin vía tất cả ạxin vía tất cả ạxin vía tất cả ạxin vía tất cả ạxin vía tất cả ạxin vía tất cả ạxin vía tất cả ạxin vía tất cả ạxin vía tất cả ạxin vía tất cả ạxin vía tất cả ạxin vía tất cả ạxin vía tất cả ạxin vía tất cả ạxin vía tất cả ạxin vía tất cả ạxin vía tất cả ạxin vía tất cả ạxin vía tất cả ạxin vía tất cả ạxin vía tất cả ạxin vía tất cả ạxin vía tất cả ạ xin vía tất cả ạ vía tất cả ạxin vía tất cả ạxin vía tất cả ạxin vía tất cả ạ xin vía hết tất cả,730,false,false,false,false,false,false,1,1,false,false,false,false,7,2.0794,vi,vi,true,false,1790501442,2026-09-27 09:30:42,2026-09-27 17:30:42,popcornmood123,unknown_series,true,true,18,2,"[""tiktok_notyouraveragecrow2.jsonl"", ""tiktok_notyouraveragecrow3.jsonl""]"
7690151099882636040,7689445508900850975,7690145033941992213,xin vía cực mạnh  xin vía tất cả ạxin vía xin vía tất cả ạxin vía tất cả ạxin vía tất cả ạxin vía tất cả ạxin vía tất cả ạxin vía tất cả ạxin vía tất cả ạxin vía tất cả ạxin vía tất cả ạxin vía tất cả ạxin vía tất cả ạxin vía tất cả ạxin vía tất cả ạxin vía tất cả ạxin vía tất cả ạxin vía tất cả ạxin vía tất cả ạxin vía tất cả ạxin vía tất cả ạxin vía tất cả ạxin vía tất cả ạxin vía tất cả ạxin vía tất cả ạxin vía tất cả ạxin vía tất cả ạxin vía tất cả ạxin vía tất cả ạxin vía tất cả ạxin vía tất cả ạxin vía tất cả ạxin vía tất cả ạxin vía tất cả ạxin vía tất cả ạxin vía tất cả ạxin vía tất cả ạxin vía tất cả ạxin vía tất cả ạ Xin vía tất cả ạ  vía tất cả ạxin vía tất cả ạxin vía tất cả ạxin vía tất cả ạ xin vía hết tất cả ,true,nguynngcthovy89,¿NN      Thảo Vy 👺👹,false,ké ạ,ké ạ,ké ạ,ké ạ,4,false,false,false,false,false,false,1,1,false,false,false,false,0,0.0,vi,cs,false,false,1790502845,2026-09-27 09:54:05,2026-09-27 17:54:05,popcornmood123,unknown_series,true,true,18,2,"[""tiktok_notyouraveragecrow2.jsonl"", ""tiktok_notyouraveragecrow3.jsonl""]"
7690155381058536244,7689445508900850975,,,false,ongchahuii748464774,tuyết băng nè 사랑해요,false,@Dâu Táo nè Cute:Keok,âu táo nè cute:keok,âu táo nè cute:keok,âu táo nè cute:keok,21,false,false,false,false,false,false,1,1,true,false,false,false,0,0.0,vi,vi,true,false,1790503845,2026-09-27 10:10:45,2026-09-27 18:10:45,popcornmood123,unknown_series,true,true,18,2,"[""tiktok_notyouraveragecrow2.jsonl"", ""tiktok_notyouraveragecrow3.jsonl""]"
7690166816359170823,7689445508900850975,7690145033941992213,xin vía cực mạnh  xin vía tất cả ạxin vía xin vía tất cả ạxin vía tất cả ạxin vía tất cả ạxin vía tất cả ạxin vía tất cả ạxin vía tất cả ạxin vía tất cả ạxin vía tất cả ạxin vía tất cả ạxin vía tất cả ạxin vía tất cả ạxin vía tất cả ạxin vía tất cả ạxin vía tất cả ạxin vía tất cả ạxin vía tất cả ạxin vía tất cả ạxin vía tất cả ạxin vía tất cả ạxin vía tất cả ạxin vía tất cả ạxin vía tất cả ạxin vía tất cả ạxin vía tất cả ạxin vía tất cả ạxin vía tất cả ạxin vía tất cả ạxin vía tất cả ạxin vía tất cả ạxin vía tất cả ạxin vía tất cả ạxin vía tất cả ạxin vía tất cả ạxin vía tất cả ạxin vía tất cả ạxin vía tất cả ạxin vía tất cả ạ Xin vía tất cả ạ  vía tất cả ạxin vía tất cả ạxin vía tất cả ạxin vía tất cả ạ xin vía hết tất cả ,true,bless0821,🥰😍🥀🥵,false,ké,ké,ké,ké,2,false,false,false,true,false,false,1,1,false,false,false,false,0,0.0,ig,,,true,1790506509,2026-09-27 10:55:09,2026-09-27 18:55:09,popcornmood123,unknown_series,true,true,18,2,"[""tiktok_notyouraveragecrow2.jsonl"", ""tiktok_notyouraveragecrow3.jsonl""]"
7690173780879295240,7689445508900850975,,,false,nhimneeee.0917,Tik Toker,false,xa,xa,xa,xa,2,false,false,false,true,false,false,1,1,false,false,false,false,0,0.0,xh,,,true,1790508130,2026-09-27 11:22:10,2026-09-27 19:22:10,popcornmood123,unknown_series,true,true,18,2,"[""tiktok_notyouraveragecrow2.jsonl"", ""tiktok_notyouraveragecrow3.jsonl""]"
7690179502454686470,7689445508900850975,7690145033941992213,xin vía cực mạnh  xin vía tất cả ạxin vía xin vía tất cả ạxin vía tất cả ạxin vía tất cả ạxin vía tất cả ạxin vía tất cả ạxin vía tất cả ạxin vía tất cả ạxin vía tất cả ạxin vía tất cả ạxin vía tất cả ạxin vía tất cả ạxin vía tất cả ạxin vía tất cả ạxin vía tất cả ạxin vía tất cả ạxin vía tất cả ạxin vía tất cả ạxin vía tất cả ạxin vía tất cả ạxin vía tất cả ạxin vía tất cả ạxin vía tất cả ạxin vía tất cả ạxin vía tất cả ạxin vía tất cả ạxin vía tất cả ạxin vía tất cả ạxin vía tất cả ạxin vía tất cả ạxin vía tất cả ạxin vía tất cả ạxin vía tất cả ạxin vía tất cả ạxin vía tất cả ạxin vía tất cả ạxin vía tất cả ạxin vía tất cả ạ Xin vía tất cả ạ  vía tất cả ạxin vía tất cả ạxin vía tất cả ạxin vía tất cả ạ xin vía hết tất cả ,true,dinhvantu_tt12,dinhvantu,false,ké,ké,ké,ké,2,false,false,false,true,false,false,2,2,false,false,false,false,0,0.0,ig,,,true,1790509456,2026-09-27 11:44:16,2026-09-27 19:44:16,popcornmood123,unknown_series,true,true,18,2,"[""tiktok_notyouraveragecrow2.jsonl"", ""tiktok_notyouraveragecrow3.jsonl""]"
7690179522767471381,7689445508900850975,7689732570985480980,xả xui cho gđ và bản thân,true,dinhvantu_tt12,dinhvantu,false,ké,ké,ké,ké,2,false,false,false,true,false,false,2,2,false,false,false,false,0,0.0,ig,,,true,1790509463,2026-09-27 11:44:23,2026-09-27 19:44:23,popcornmood123,unknown_series,true,true,18,2,"[""tiktok_notyouraveragecrow2.jsonl"", ""tiktok_notyouraveragecrow3.jsonl""]"
7690205597639148308,7689445508900850975,7690145033941992213,xin vía cực mạnh  xin vía tất cả ạxin vía xin vía tất cả ạxin vía tất cả ạxin vía tất cả ạxin vía tất cả ạxin vía tất cả ạxin vía tất cả ạxin vía tất cả ạxin vía tất cả ạxin vía tất cả ạxin vía tất cả ạxin vía tất cả ạxin vía tất cả ạxin vía tất cả ạxin vía tất cả ạxin vía tất cả ạxin vía tất cả ạxin vía tất cả ạxin vía tất cả ạxin vía tất cả ạxin vía tất cả ạxin vía tất cả ạxin vía tất cả ạxin vía tất cả ạxin vía tất cả ạxin vía tất cả ạxin vía tất cả ạxin vía tất cả ạxin vía tất cả ạxin vía tất cả ạxin vía tất cả ạxin vía tất cả ạxin vía tất cả ạxin vía tất cả ạxin vía tất cả ạxin vía tất cả ạxin vía tất cả ạxin vía tất cả ạ Xin vía tất cả ạ  vía tất cả ạxin vía tất cả ạxin vía tất cả ạxin vía tất cả ạ xin vía hết tất cả ,true,em.ti.lm36,HƯƠNg ⁉️🚭,false,Ké,ké,ké,ké,2,false,false,false,true,false,false,1,1,false,false,false,false,0,0.0,ig,,,true,1790515526,2026-09-27 13:25:26,2026-09-27 21:25:26,popcornmood123,unknown_series,true,true,18,2,"[""tiktok_notyouraveragecrow2.jsonl"", ""tiktok_notyouraveragecrow3.jsonl""]"
7690240898768913159,7689445508900850975,7690130324936065812,xả xui cực mạnh cho bản thân và gia đình                                                                                                                                                                                                                        ,true,aibietgidau_46,𝓽𝓱𝓪̉𝓸 𝓫𝓪́ 𝓴𝓱𝓲́ 😈,false,ké,ké,ké,ké,2,false,false,false,true,false,false,1,1,false,false,false,false,0,0.0,ig,,,true,1790523752,2026-09-27 15:42:32,2026-09-27 23:42:32,popcornmood123,unknown_series,true,true,18,2,"[""tiktok_notyouraveragecrow2.jsonl"", ""tiktok_notyouraveragecrow3.jsonl""]"
7690438373413536513,7689445508900850975,7690145033941992213,xin vía cực mạnh  xin vía tất cả ạxin vía xin vía tất cả ạxin vía tất cả ạxin vía tất cả ạxin vía tất cả ạxin vía tất cả ạxin vía tất cả ạxin vía tất cả ạxin vía tất cả ạxin vía tất cả ạxin vía tất cả ạxin vía tất cả ạxin vía tất cả ạxin vía tất cả ạxin vía tất cả ạxin vía tất cả ạxin vía tất cả ạxin vía tất cả ạxin vía tất cả ạxin vía tất cả ạxin vía tất cả ạxin vía tất cả ạxin vía tất cả ạxin vía tất cả ạxin vía tất cả ạxin vía tất cả ạxin vía tất cả ạxin vía tất cả ạxin vía tất cả ạxin vía tất cả ạxin vía tất cả ạxin vía tất cả ạxin vía tất cả ạxin vía tất cả ạxin vía tất cả ạxin vía tất cả ạxin vía tất cả ạxin vía tất cả ạ Xin vía tất cả ạ  vía tất cả ạxin vía tất cả ạxin vía tất cả ạxin vía tất cả ạ xin vía hết tất cả ,true,lm.dz.v2,morty prime,false,kid,kid,kid,kid,3,false,false,false,false,false,false,1,1,false,false,false,false,0,0.0,en,,,true,1790569748,2026-09-28 04:29:08,2026-09-28 12:29:08,popcornmood123,unknown_series,true,true,18,2,"[""tiktok_notyouraveragecrow2.jsonl"", ""tiktok_notyouraveragecrow3.jsonl""]"
7690452290276180788,7689445508900850975,7689844066947793682,xả xui cho bản thân và gia đình ,true,quynh.nga04_01,Quỳnh Nga 🌺,false,ké ,ké,ké,ké,2,false,false,false,true,false,false,1,1,false,false,false,false,2,1.0986,ig,,,true,1790572976,2026-09-28 05:22:56,2026-09-28 13:22:56,popcornmood123,unknown_series,true,true,18,2,"[""tiktok_notyouraveragecrow2.jsonl"", ""tiktok_notyouraveragecrow3.jsonl""]"
7690461284109812501,7689445508900850975,7689844066947793682,xả xui cho bản thân và gia đình ,true,hoangthitrmai,Lốp 🐭🐹,false,ké,ké,ké,ké,2,false,false,false,true,false,false,1,1,false,false,false,false,0,0.0,ig,,,true,1790575200,2026-09-28 06:00:00,2026-09-28 14:00:00,popcornmood123,unknown_series,true,true,18,2,"[""tiktok_notyouraveragecrow2.jsonl"", ""tiktok_notyouraveragecrow3.jsonl""]"
7690468329984148244,7689445508900850975,7690130324936065812,xả xui cực mạnh cho bản thân và gia đình                                                                                                                                                                                                                        ,true,phuthinhne2,thịnh bá khí,false,lé,lé,lé,lé,2,false,false,false,true,false,false,1,2,false,false,false,false,0,0.0,yo,,,true,1790576717,2026-09-28 06:25:17,2026-09-28 14:25:17,popcornmood123,unknown_series,true,true,18,2,"[""tiktok_notyouraveragecrow2.jsonl"", ""tiktok_notyouraveragecrow3.jsonl""]"
7690468400736600833,7689445508900850975,7690130324936065812,xả xui cực mạnh cho bản thân và gia đình                                                                                                                                                                                                                        ,true,phuthinhne2,thịnh bá khí,false,ké,ké,ké,ké,2,false,false,false,true,false,false,1,2,false,false,false,false,0,0.0,ig,,,true,1790576728,2026-09-28 06:25:28,2026-09-28 14:25:28,popcornmood123,unknown_series,true,true,18,2,"[""tiktok_notyouraveragecrow2.jsonl"", ""tiktok_notyouraveragecrow3.jsonl""]"
7690500241900929800,7689445508900850975,,,false,cutthulu_13,Cụt thù lù,false,Ké,ké,ké,ké,2,false,false,false,true,false,false,1,1,false,false,false,false,0,0.0,ig,,,true,1790584134,2026-09-28 08:28:54,2026-09-28 16:28:54,popcornmood123,unknown_series,true,true,18,2,"[""tiktok_notyouraveragecrow2.jsonl"", ""tiktok_notyouraveragecrow3.jsonl""]"
7690523697693868806,7689445508900850975,7689844066947793682,xả xui cho bản thân và gia đình ,true,duonglieu258,Tinh nhiều và khó yếu,false,Ké,ké,ké,ké,2,false,false,false,true,false,false,1,1,false,false,false,false,0,0.0,ig,,,true,1790589605,2026-09-28 10:00:05,2026-09-28 18:00:05,popcornmood123,unknown_series,true,true,18,2,"[""tiktok_notyouraveragecrow2.jsonl"", ""tiktok_notyouraveragecrow3.jsonl""]"
7690533863194051335,7689445508900850975,7689844066947793682,xả xui cho bản thân và gia đình ,true,o8425278,hello kitty,false,xả xui cho bản thân ,xả xui cho bản thân,xả xui cho bản thân,xả xui cho bản thân,19,false,false,false,false,false,false,1,1,false,false,false,false,0,0.0,vi,vi,true,false,1790592301,2026-09-28 10:45:01,2026-09-28 18:45:01,popcornmood123,unknown_series,true,true,18,2,"[""tiktok_notyouraveragecrow2.jsonl"", ""tiktok_notyouraveragecrow3.jsonl""]"
7690535620079829781,7689445508900850975,7689844066947793682,xả xui cho bản thân và gia đình ,true,bao._ngoccute,✮⋆Aliel౨ৎ⋆˚｡,false,ké,ké,ké,ké,2,false,false,false,true,false,false,1,1,false,false,false,false,0,0.0,ig,,,true,1790592381,2026-09-28 10:46:21,2026-09-28 18:46:21,popcornmood123,unknown_series,true,true,18,2,"[""tiktok_notyouraveragecrow2.jsonl"", ""tiktok_notyouraveragecrow3.jsonl""]"
7690569606545916693,7689445508900850975,7690145033941992213,xin vía cực mạnh  xin vía tất cả ạxin vía xin vía tất cả ạxin vía tất cả ạxin vía tất cả ạxin vía tất cả ạxin vía tất cả ạxin vía tất cả ạxin vía tất cả ạxin vía tất cả ạxin vía tất cả ạxin vía tất cả ạxin vía tất cả ạxin vía tất cả ạxin vía tất cả ạxin vía tất cả ạxin vía tất cả ạxin vía tất cả ạxin vía tất cả ạxin vía tất cả ạxin vía tất cả ạxin vía tất cả ạxin vía tất cả ạxin vía tất cả ạxin vía tất cả ạxin vía tất cả ạxin vía tất cả ạxin vía tất cả ạxin vía tất cả ạxin vía tất cả ạxin vía tất cả ạxin vía tất cả ạxin vía tất cả ạxin vía tất cả ạxin vía tất cả ạxin vía tất cả ạxin vía tất cả ạxin vía tất cả ạxin vía tất cả ạ Xin vía tất cả ạ  vía tất cả ạxin vía tất cả ạxin vía tất cả ạxin vía tất cả ạ xin vía hết tất cả ,true,binnq21,bao h đỗ NV1 thì đổi tên,false,ko thả vía cực mạnh ,ko thả vía cực mạnh,ko thả vía cực mạnh,ko thả vía cực mạnh,19,false,false,false,false,false,false,1,1,false,false,false,false,0,0.0,vi,vi,true,false,1790600300,2026-09-28 12:58:20,2026-09-28 20:58:20,popcornmood123,unknown_series,true,true,18,2,"[""tiktok_notyouraveragecrow2.jsonl"", ""tiktok_notyouraveragecrow3.jsonl""]"
7690598553165710087,7689445508900850975,,,false,tamanhhoanggmail.com2,Mouse,false,xả xui cực mạnh cho gia đình và bản thân ,xả xui cực mạnh cho gia đình và bản thân,xả xui cực mạnh cho gia đình và bản thân,xả xui cực mạnh cho gia đình và bản thân,40,false,false,false,false,false,false,1,1,false,false,false,false,3,1.3863,vi,vi,true,false,1790607023,2026-09-28 14:50:23,2026-09-28 22:50:23,popcornmood123,unknown_series,true,true,18,2,"[""tiktok_notyouraveragecrow2.jsonl"", ""tiktok_notyouraveragecrow3.jsonl""]"
7690603830085829384,7689445508900850975,,,false,chuyentienganh,sun yeuu😖><,false,Vào bl thấy 1 vườn cỏ,vào bl thấy 1 vườn cỏ,vào bl thấy 1 vườn cỏ,vào bl thấy 1 vườn cỏ,21,false,false,false,false,false,false,1,1,false,false,false,false,0,0.0,vi,vi,true,false,1790608247,2026-09-28 15:10:47,2026-09-28 23:10:47,popcornmood123,unknown_series,true,true,18,2,"[""tiktok_notyouraveragecrow2.jsonl"", ""tiktok_notyouraveragecrow3.jsonl""]"
7690612069469356807,7689445508900850975,,,false,th_son08,Nguyễn Sơn,false,xả xui,xả xui,xả xui,xả xui,6,false,false,false,false,false,false,1,1,false,false,false,false,0,0.0,vi,vi,true,false,1790610168,2026-09-28 15:42:48,2026-09-28 23:42:48,popcornmood123,unknown_series,true,true,18,2,"[""tiktok_notyouraveragecrow2.jsonl"", ""tiktok_notyouraveragecrow3.jsonl""]"
7690612521020326674,7689445508900850975,,,false,ff.pro601,ff pro,false,,,,,0,true,true,false,true,false,false,0,1,false,false,false,false,0,0.0,un,,,true,1790610277,2026-09-28 15:44:37,2026-09-28 23:44:37,popcornmood123,unknown_series,true,true,18,2,"[""tiktok_notyouraveragecrow2.jsonl"", ""tiktok_notyouraveragecrow3.jsonl""]"
7690613377005323015,7689445508900850975,,,false,anhphuc12345huhu,thành bách,false,xả xui cho gia đình và bạn thân ,xả xui cho gia đình và bạn thân,xả xui cho gia đình và bạn thân,xả xui cho gia đình và bạn thân,31,false,false,false,false,false,false,1,1,false,false,false,false,0,0.0,vi,vi,true,false,1790610471,2026-09-28 15:47:51,2026-09-28 23:47:51,popcornmood123,unknown_series,true,true,18,2,"[""tiktok_notyouraveragecrow2.jsonl"", ""tiktok_notyouraveragecrow3.jsonl""]"
7690615624850227974,7689445508900850975,,,false,_t.vy227,_t.vy,false,Xả xui,xả xui,xả xui,xả xui,6,false,false,false,false,false,false,1,1,false,false,false,false,0,0.0,vi,vi,true,false,1790610993,2026-09-28 15:56:33,2026-09-28 23:56:33,popcornmood123,unknown_series,true,true,18,2,"[""tiktok_notyouraveragecrow2.jsonl"", ""tiktok_notyouraveragecrow3.jsonl""]"
7690616548037640967,7689445508900850975,,,false,khaiky01.6,_𝐊𝐡ả𝐢 𝐊ỳ ༗,false,xả xui cực mạnh cho bản thân và gia đình ,xả xui cực mạnh cho bản thân và gia đình,xả xui cực mạnh cho bản thân và gia đình,xả xui cực mạnh cho bản thân và gia đình,40,false,false,false,false,false,false,1,1,false,false,false,false,0,0.0,vi,vi,true,false,1790611209,2026-09-28 16:00:09,2026-09-29 00:00:09,popcornmood123,unknown_series,true,true,18,2,"[""tiktok_notyouraveragecrow2.jsonl"", ""tiktok_notyouraveragecrow3.jsonl""]"
7690623723393811221,7689445508900850975,,,false,hoa.bn57,Thị Nở 🫰,false,t sợ mấy đứa xả xui ,t sợ mấy đứa xả xui,t sợ mấy đứa xả xui,t sợ mấy đứa xả xui,19,false,false,false,false,false,false,1,1,false,false,false,false,0,0.0,vi,vi,true,false,1790612886,2026-09-28 16:28:06,2026-09-29 00:28:06,popcornmood123,unknown_series,true,true,18,2,"[""tiktok_notyouraveragecrow2.jsonl"", ""tiktok_notyouraveragecrow3.jsonl""]"
7690637045181809428,7689445508900850975,,,false,ngoc_2002_ne,Bé Ngọc,false,xả xui,xả xui,xả xui,xả xui,6,false,false,false,false,false,false,1,1,false,false,false,false,0,0.0,vi,vi,true,false,1790616105,2026-09-28 17:21:45,2026-09-29 01:21:45,popcornmood123,unknown_series,true,true,18,2,"[""tiktok_notyouraveragecrow2.jsonl"", ""tiktok_notyouraveragecrow3.jsonl""]"
7690642152608727826,7689445508900850975,7690130324936065812,xả xui cực mạnh cho bản thân và gia đình                                                                                                                                                                                                                        ,true,tranhuyanh12,Tranume_ huyanh,false,Ké,ké,ké,ké,2,false,false,false,true,false,false,1,1,false,false,false,false,0,0.0,ig,,,true,1790617182,2026-09-28 17:39:42,2026-09-29 01:39:42,popcornmood123,unknown_series,true,true,18,2,"[""tiktok_notyouraveragecrow2.jsonl"", ""tiktok_notyouraveragecrow3.jsonl""]"
7690793483619959553,7689445508900850975,,,false,giangtran19763,Lãng Khách,false,Xả xui cực mạnh,xả xui cực mạnh,xả xui cực mạnh,xả xui cực mạnh,15,false,false,false,false,false,false,1,1,false,false,false,false,1,0.6931,vi,vi,true,false,1790652422,2026-09-29 03:27:02,2026-09-29 11:27:02,popcornmood123,unknown_series,true,true,18,2,"[""tiktok_notyouraveragecrow2.jsonl"", ""tiktok_notyouraveragecrow3.jsonl""]"
7690803745605731080,7689445508900850975,,,false,kun.th89,Kun TH,false,xả xui cực mạnh cho bản thân và gia đình                                                                                                                                                                                                                        ,xả xui cực mạnh cho bản thân và gia đình,xả xui cực mạnh cho bản thân và gia đình,xả xui cực mạnh cho bản thân và gia đình,40,false,false,false,false,false,false,1,1,false,false,false,false,3,1.3863,vi,vi,true,false,1790654807,2026-09-29 04:06:47,2026-09-29 12:06:47,popcornmood123,unknown_series,true,true,18,2,"[""tiktok_notyouraveragecrow2.jsonl"", ""tiktok_notyouraveragecrow3.jsonl""]"
7690816025324126977,7689445508900850975,,,false,bby_km_03,𝐁ii🌷,false,xả xui cực mạnh cho bản thân và gia đình ,xả xui cực mạnh cho bản thân và gia đình,xả xui cực mạnh cho bản thân và gia đình,xả xui cực mạnh cho bản thân và gia đình,40,false,false,false,false,false,false,1,1,false,false,false,false,0,0.0,vi,vi,true,false,1790657672,2026-09-29 04:54:32,2026-09-29 12:54:32,popcornmood123,unknown_series,true,true,18,2,"[""tiktok_notyouraveragecrow2.jsonl"", ""tiktok_notyouraveragecrow3.jsonl""]"
7690816192684344082,7689445508900850975,,,false,tunly157,BÉ.SỢ.NAK,false,xả xui cực mạnh cho gia đình và bản thân ,xả xui cực mạnh cho gia đình và bản thân,xả xui cực mạnh cho gia đình và bản thân,xả xui cực mạnh cho gia đình và bản thân,40,false,false,false,false,false,false,1,1,false,false,false,false,1,0.6931,vi,vi,true,false,1790657697,2026-09-29 04:54:57,2026-09-29 12:54:57,popcornmood123,unknown_series,true,true,18,2,"[""tiktok_notyouraveragecrow2.jsonl"", ""tiktok_notyouraveragecrow3.jsonl""]"
7690817928770192149,7689445508900850975,,,false,banhseo1,nọc bí bo🎀,false,xả xui cực mạnh,xả xui cực mạnh,xả xui cực mạnh,xả xui cực mạnh,15,false,false,false,false,false,false,1,1,false,false,false,false,0,0.0,vi,vi,true,false,1790658110,2026-09-29 05:01:50,2026-09-29 13:01:50,popcornmood123,unknown_series,true,true,18,2,"[""tiktok_notyouraveragecrow2.jsonl"", ""tiktok_notyouraveragecrow3.jsonl""]"
7690927940292543250,7689445508900850975,7690598553165710087,xả xui cực mạnh cho gia đình và bản thân ,true,myoi832,_Tq,false,ké,ké,ké,ké,2,false,false,false,true,false,false,1,1,false,false,false,false,0,0.0,ig,,,true,1790683712,2026-09-29 12:08:32,2026-09-29 20:08:32,popcornmood123,unknown_series,true,true,18,2,"[""tiktok_notyouraveragecrow2.jsonl"", ""tiktok_notyouraveragecrow3.jsonl""]"
7690933300315063047,7689445508900850975,7689627201767883538,đi hái rau nha các bn,true,haikohiakohaikohaiko,con nghét cha mẹ,false,đi,đi,đi,đi,2,false,false,false,true,false,false,1,1,false,false,false,false,0,0.0,vi,,,true,1790684958,2026-09-29 12:29:18,2026-09-29 20:29:18,popcornmood123,unknown_series,true,true,18,2,"[""tiktok_notyouraveragecrow2.jsonl"", ""tiktok_notyouraveragecrow3.jsonl""]"
7690954052776379143,7689445508900850975,,,false,minhtuyetsuri,𝙎ữ𝙖𝙣è_𝙡𝙮𝙡𝙮💕🌺,false,sợ mấy đứa xả xui vãi,sợ mấy đứa xả xui vãi,sợ mấy đứa xả xui vãi,sợ mấy đứa xả xui vãi,21,false,false,false,false,false,false,1,1,false,false,false,false,0,0.0,vi,vi,true,false,1790689797,2026-09-29 13:49:57,2026-09-29 21:49:57,popcornmood123,unknown_series,true,true,18,2,"[""tiktok_notyouraveragecrow2.jsonl"", ""tiktok_notyouraveragecrow3.jsonl""]"
7691036197979964161,7689445508900850975,7690598553165710087,xả xui cực mạnh cho gia đình và bản thân ,true,nguyenkieuchinh86,💚,false,Ké,ké,ké,ké,2,false,false,false,true,false,false,1,1,false,false,false,false,0,0.0,ig,,,true,1790708932,2026-09-29 19:08:52,2026-09-30 03:08:52,popcornmood123,unknown_series,true,true,18,2,"[""tiktok_notyouraveragecrow2.jsonl"", ""tiktok_notyouraveragecrow3.jsonl""]"
7691301368292344584,7689445508900850975,7690598553165710087,xả xui cực mạnh cho gia đình và bản thân ,true,minhthudgai4,e mthu🧚‍♀️💩,false,ké,ké,ké,ké,2,false,false,false,true,false,false,1,1,false,false,false,false,0,0.0,ig,,,true,1790770659,2026-09-30 12:17:39,2026-09-30 20:17:39,popcornmood123,unknown_series,true,true,18,2,"[""tiktok_notyouraveragecrow2.jsonl"", ""tiktok_notyouraveragecrow3.jsonl""]"
7691311739803812616,7689445508900850975,7690598553165710087,xả xui cực mạnh cho gia đình và bản thân ,true,lovebaongoc00,Cô gái cô đơn,false,ké,ké,ké,ké,2,false,false,false,true,false,false,1,1,false,false,false,false,0,0.0,ig,,,true,1790773073,2026-09-30 12:57:53,2026-09-30 20:57:53,popcornmood123,unknown_series,true,true,18,2,"[""tiktok_notyouraveragecrow2.jsonl"", ""tiktok_notyouraveragecrow3.jsonl""]"
7691317152864289556,7689445508900850975,7690598553165710087,xả xui cực mạnh cho gia đình và bản thân ,true,nguyen.vy079,rùa 🐢,false,ké,ké,ké,ké,2,false,false,false,true,false,false,1,1,false,false,false,false,0,0.0,ig,,,true,1790774339,2026-09-30 13:18:59,2026-09-30 21:18:59,popcornmood123,unknown_series,true,true,18,2,"[""tiktok_notyouraveragecrow2.jsonl"", ""tiktok_notyouraveragecrow3.jsonl""]"
7691326903873159944,7689445508900850975,7690145033941992213,xin vía cực mạnh  xin vía tất cả ạxin vía xin vía tất cả ạxin vía tất cả ạxin vía tất cả ạxin vía tất cả ạxin vía tất cả ạxin vía tất cả ạxin vía tất cả ạxin vía tất cả ạxin vía tất cả ạxin vía tất cả ạxin vía tất cả ạxin vía tất cả ạxin vía tất cả ạxin vía tất cả ạxin vía tất cả ạxin vía tất cả ạxin vía tất cả ạxin vía tất cả ạxin vía tất cả ạxin vía tất cả ạxin vía tất cả ạxin vía tất cả ạxin vía tất cả ạxin vía tất cả ạxin vía tất cả ạxin vía tất cả ạxin vía tất cả ạxin vía tất cả ạxin vía tất cả ạxin vía tất cả ạxin vía tất cả ạxin vía tất cả ạxin vía tất cả ạxin vía tất cả ạxin vía tất cả ạxin vía tất cả ạxin vía tất cả ạ Xin vía tất cả ạ  vía tất cả ạxin vía tất cả ạxin vía tất cả ạxin vía tất cả ạ xin vía hết tất cả ,true,yen.vi673,yennie🌷,false,ké,ké,ké,ké,2,false,false,false,true,false,false,1,1,false,false,false,false,0,0.0,ig,,,true,1790776603,2026-09-30 13:56:43,2026-09-30 21:56:43,popcornmood123,unknown_series,true,true,18,2,"[""tiktok_notyouraveragecrow2.jsonl"", ""tiktok_notyouraveragecrow3.jsonl""]"
7691331403791205127,7689445508900850975,7690598553165710087,xả xui cực mạnh cho gia đình và bản thân ,true,btran.gnhine,PTD🌻🌻🌻,false,ké,ké,ké,ké,2,false,false,false,true,false,false,1,1,false,false,false,false,0,0.0,ig,,,true,1790777653,2026-09-30 14:14:13,2026-09-30 22:14:13,popcornmood123,unknown_series,true,true,18,2,"[""tiktok_notyouraveragecrow2.jsonl"", ""tiktok_notyouraveragecrow3.jsonl""]"
7691335884230279944,7689445508900850975,,,false,nguyenhoangtu3667,nghoangtu,false,"video thật sự rất hay và ý nghĩa. Nội dung được truyền tải một cách gần gũi, dễ hiểu nhưng vẫn mang đến nhiều cảm xúc và thông điệp tích cực. Cách xây dựng hình ảnh, âm thanh và lời dẫn hòa quyện với nhau, tạo nên một sản phẩm cuốn hút từ đầu đến cuối. Đây là một video không chỉ đáng xem mà còn khiến người xem suy ngẫm và lan tỏa những giá trị tốt đẹp. Chúc bạn sẽ tiếp tục tạo ra nhiều video chất lượng và truyền cảm hứng hơn nữa!❤️❤️‍❤️‍❤️‍❤️‍❤️‍","video thật sự rất hay và ý nghĩa. nội dung được truyền tải một cách gần gũi, dễ hiểu nhưng vẫn mang đến nhiều cảm xúc và thông điệp tích cực. cách xây dựng hình ảnh, âm thanh và lời dẫn hòa quyện với nhau, tạo nên một sản phẩm cuốn hút từ đầu đến cuối. đây là một video không chỉ đáng xem mà còn khiến người xem suy ngẫm và lan tỏa những giá trị tốt đẹp. chúc bạn sẽ tiếp tục tạo ra nhiều video chất lượng và truyền cảm hứng hơn nữa!❤️❤️‍❤️‍❤️‍❤️‍❤️‍","video thật sự rất hay và ý nghĩa. nội dung được truyền tải một cách gần gũi, dễ hiểu nhưng vẫn mang đến nhiều cảm xúc và thông điệp tích cực. cách xây dựng hình ảnh, âm thanh và lời dẫn hòa quyện với nhau, tạo nên một sản phẩm cuốn hút từ đầu đến cuối. đây là một video không chỉ đáng xem mà còn khiến người xem suy ngẫm và lan tỏa những giá trị tốt đẹp. chúc bạn sẽ tiếp tục tạo ra nhiều video chất lượng và truyền cảm hứng hơn nữa!:red_heart:❤‍❤‍❤‍❤‍❤‍","video thật sự rất hay và ý nghĩa. nội dung được truyền tải một cách gần gũi, dễ hiểu nhưng vẫn mang đến nhiều cảm xúc và thông điệp tích cực. cách xây dựng hình ảnh, âm thanh và lời dẫn hòa quyện với nhau, tạo nên một sản phẩm cuốn hút từ đầu đến cuối. đây là một video không chỉ đáng xem mà còn khiến người xem suy ngẫm và lan tỏa những giá trị tốt đẹp. chúc bạn sẽ tiếp tục tạo ra nhiều video chất lượng và truyền cảm hứng hơn nữa!:red_heart:❤‍❤‍❤‍❤‍❤‍",443,false,false,false,false,false,false,1,1,false,false,false,false,0,0.0,vi,vi,true,false,1790778693,2026-09-30 14:31:33,2026-09-30 22:31:33,popcornmood123,unknown_series,true,true,18,2,"[""tiktok_notyouraveragecrow2.jsonl"", ""tiktok_notyouraveragecrow3.jsonl""]"
7691446508831474440,7689445508900850975,7690803745605731080,xả xui cực mạnh cho bản thân và gia đình                                                                                                                                                                                                                        ,true,phuonglam253,𝕙𝕠à𝕚 𝕡𝕙ươ𝕟𝕘,false,ké ạ,ké ạ,ké ạ,ké ạ,4,false,false,false,false,false,false,1,1,false,false,false,false,0,0.0,vi,cs,false,false,1790804476,2026-09-30 21:41:16,2026-10-01 05:41:16,popcornmood123,unknown_series,true,true,18,2,"[""tiktok_notyouraveragecrow2.jsonl"", ""tiktok_notyouraveragecrow3.jsonl""]"
